{"Mean":{"confidence_interval":{"confidence_level":0.95,"lower_bound":-0.047479622683093546,"upper_bound":0.0553309360959372},"point_estimate":0.006832250600517398,"standard_error":0.029032430030329157},"Median":{"confidence_interval":{"confidence_level":0.95,"lower_bound":-0.01677019844523919,"upper_bound":0.09456561198130677},"point_estimate":0.014555270871189352,"standard_error":0.02992950382439093}}