{"Mean":{"confidence_interval":{"confidence_level":0.95,"lower_bound":137993818.4824107,"upper_bound":148358097.21854165},"point_estimate":144555800.33761907,"standard_error":2843070.305774788},"Median":{"confidence_interval":{"confidence_level":0.95,"lower_bound":136565475.9625,"upper_bound":152810931.075},"point_estimate":141238961.23809522,"standard_error":4554368.635915125},"MedianAbsDev":{"confidence_interval":{"confidence_level":0.95,"lower_bound":467580.4291531634,"upper_bound":14564618.042186849},"point_estimate":9470238.89496963,"standard_error":3800416.1542291692},"Slope":{"confidence_interval":{"confidence_level":0.95,"lower_bound":141557428.1595946,"upper_bound":153504638.0778469},"point_estimate":148359000.3922078,"standard_error":3064572.7595210713},"StdDev":{"confidence_interval":{"confidence_level":0.95,"lower_bound":5197409.571236887,"upper_bound":11029593.518159095},"point_estimate":9385403.901881583,"standard_error":1548175.2627477008}}