{"Mean":{"confidence_interval":{"confidence_level":0.95,"lower_bound":-0.05410659315298915,"upper_bound":0.06250570157619442},"point_estimate":0.0009124002343616766,"standard_error":0.03363705207055317},"Median":{"confidence_interval":{"confidence_level":0.95,"lower_bound":-0.061449731478483906,"upper_bound":0.1009731683835003},"point_estimate":-0.01628798539397769,"standard_error":0.042351405445015554}}