{"Mean":{"confidence_interval":{"confidence_level":0.95,"lower_bound":-0.04592591036519821,"upper_bound":-0.006183706129166803},"point_estimate":-0.02563856715425117,"standard_error":0.012653468441796463},"Median":{"confidence_interval":{"confidence_level":0.95,"lower_bound":-0.041689165936443506,"upper_bound":0.0031560843189629394},"point_estimate":-0.024460060363801994,"standard_error":0.012613903461015716}}