{"Mean":{"confidence_interval":{"confidence_level":0.95,"lower_bound":10875.517662155076,"upper_bound":11210.837392172061},"point_estimate":11036.979803558295,"standard_error":85.88348545846924},"Median":{"confidence_interval":{"confidence_level":0.95,"lower_bound":10553.61394557823,"upper_bound":10747.34255952381},"point_estimate":10598.461798697974,"standard_error":43.47476999631347},"MedianAbsDev":{"confidence_interval":{"confidence_level":0.95,"lower_bound":156.84963155602387,"upper_bound":415.11099529445045},"point_estimate":283.2642902827257,"standard_error":65.61372935062747},"Slope":{"confidence_interval":{"confidence_level":0.95,"lower_bound":10629.720753177302,"upper_bound":10926.188007694154},"point_estimate":10767.054877416313,"standard_error":76.21106543243567},"StdDev":{"confidence_interval":{"confidence_level":0.95,"lower_bound":687.5696937064137,"upper_bound":1017.1006349228498},"point_estimate":865.5092211720722,"standard_error":84.05639664420502}}