{"Mean":{"confidence_interval":{"confidence_level":0.95,"lower_bound":993604542.2021478,"upper_bound":1083350781.1546607},"point_estimate":1019648484.1773412,"standard_error":23505410.46495703},"Median":{"confidence_interval":{"confidence_level":0.95,"lower_bound":987962507.375,"upper_bound":1022702966.5444047},"point_estimate":1001394710.2777778,"standard_error":9835569.026053505},"MedianAbsDev":{"confidence_interval":{"confidence_level":0.95,"lower_bound":8474803.720540833,"upper_bound":51680821.202201985},"point_estimate":28305473.896882404,"standard_error":12421496.68914747},"Slope":{"confidence_interval":{"confidence_level":0.95,"lower_bound":981163064.2837598,"upper_bound":1007907243.0164703},"point_estimate":995095589.7454545,"standard_error":7234075.261258235},"StdDev":{"confidence_interval":{"confidence_level":0.95,"lower_bound":15072015.923400812,"upper_bound":112975799.76681405},"point_estimate":75619652.93620217,"standard_error":32471143.949549872}}