{"Mean":{"confidence_interval":{"confidence_level":0.95,"lower_bound":9606619.43548363,"upper_bound":10284218.509821428},"point_estimate":9902659.171011904,"standard_error":200054.69437698575},"Median":{"confidence_interval":{"confidence_level":0.95,"lower_bound":9531198.55,"upper_bound":10641635.5},"point_estimate":9990005.166666668,"standard_error":270683.9315121064},"MedianAbsDev":{"confidence_interval":{"confidence_level":0.95,"lower_bound":61407.282781053014,"upper_bound":1058367.3160777239},"point_estimate":870579.4768003765,"standard_error":280718.1226748973},"Slope":{"confidence_interval":{"confidence_level":0.95,"lower_bound":9713470.0955258,"upper_bound":10512481.105739508},"point_estimate":10058400.033766234,"standard_error":243574.5375474345},"StdDev":{"confidence_interval":{"confidence_level":0.95,"lower_bound":402594.9081835941,"upper_bound":862164.2140527468},"point_estimate":708025.717166114,"standard_error":139651.9508870721}}