{"Mean":{"confidence_interval":{"confidence_level":0.95,"lower_bound":224384.0990809699,"upper_bound":232929.39865708162},"point_estimate":228315.98082808126,"standard_error":2663.2797890466936},"Median":{"confidence_interval":{"confidence_level":0.95,"lower_bound":223590.25275735295,"upper_bound":231475.28529411764},"point_estimate":227046.54096638656,"standard_error":1989.4301171056982},"MedianAbsDev":{"confidence_interval":{"confidence_level":0.95,"lower_bound":636.4301484713502,"upper_bound":13093.113315067321},"point_estimate":8333.651118702523,"standard_error":3639.2955385348127},"Slope":{"confidence_interval":{"confidence_level":0.95,"lower_bound":219872.74572881957,"upper_bound":228386.67037655972},"point_estimate":222430.81199388846,"standard_error":2468.293224833582},"StdDev":{"confidence_interval":{"confidence_level":0.95,"lower_bound":3529.897881973626,"upper_bound":13973.907664311564},"point_estimate":10181.140483083313,"standard_error":3204.1462375566903}}