{"Mean":{"confidence_interval":{"confidence_level":0.95,"lower_bound":1141.4399132049302,"upper_bound":1182.5818152545698},"point_estimate":1161.3510434652562,"standard_error":10.510341594575694},"Median":{"confidence_interval":{"confidence_level":0.95,"lower_bound":1096.3133599368168,"upper_bound":1128.307741609397},"point_estimate":1111.7270504467474,"standard_error":7.487517646316861},"MedianAbsDev":{"confidence_interval":{"confidence_level":0.95,"lower_bound":29.027707100215828,"upper_bound":71.7502371406834},"point_estimate":42.831975890461464,"standard_error":11.149085435318584},"Slope":{"confidence_interval":{"confidence_level":0.95,"lower_bound":1170.7657848016363,"upper_bound":1238.1259822824386},"point_estimate":1205.504557042769,"standard_error":17.155415120134553},"StdDev":{"confidence_interval":{"confidence_level":0.95,"lower_bound":86.91280278871777,"upper_bound":124.06991003573344},"point_estimate":105.86927861230288,"standard_error":9.490368413839793}}