{"Mean":{"confidence_interval":{"confidence_level":0.95,"lower_bound":3804396.5541666667,"upper_bound":3945807.4779249993},"point_estimate":3856882.6103333333,"standard_error":38787.02516239352},"Median":{"confidence_interval":{"confidence_level":0.95,"lower_bound":3777572.545833333,"upper_bound":3991487.41},"point_estimate":3851495.0999999996,"standard_error":54040.80437052676},"MedianAbsDev":{"confidence_interval":{"confidence_level":0.95,"lower_bound":33939.8009119483,"upper_bound":243315.9894294276},"point_estimate":130114.7528100013,"standard_error":57606.06726671088},"Slope":{"confidence_interval":{"confidence_level":0.95,"lower_bound":3742622.284595431,"upper_bound":3980690.050577901},"point_estimate":3845077.283116883,"standard_error":67431.0648116254},"StdDev":{"confidence_interval":{"confidence_level":0.95,"lower_bound":90004.98897986348,"upper_bound":160266.7099904331},"point_estimate":132040.01957719657,"standard_error":20446.359613823304}}