{"Mean":{"confidence_interval":{"confidence_level":0.95,"lower_bound":4050722.7511746027,"upper_bound":4513968.536770834},"point_estimate":4226399.955436507,"standard_error":112254.82375622727},"Median":{"confidence_interval":{"confidence_level":0.95,"lower_bound":3941909.45,"upper_bound":4602320.577232143},"point_estimate":4096293.2416666667,"standard_error":202006.61995068734},"MedianAbsDev":{"confidence_interval":{"confidence_level":0.95,"lower_bound":60199.92340357098,"upper_bound":546257.690801362},"point_estimate":395725.50329446787,"standard_error":152213.83965661045},"Slope":{"confidence_interval":{"confidence_level":0.95,"lower_bound":3936335.410784676,"upper_bound":4375176.258777727},"point_estimate":4164969.6896103895,"standard_error":115780.06791531095},"StdDev":{"confidence_interval":{"confidence_level":0.95,"lower_bound":248480.96326268188,"upper_bound":409128.84990210494},"point_estimate":366354.95721418527,"standard_error":47050.86814933619}}