{"Mean":{"confidence_interval":{"confidence_level":0.95,"lower_bound":3454514.933786508,"upper_bound":3673967.6983023803},"point_estimate":3566477.9463968254,"standard_error":63067.782013986995},"Median":{"confidence_interval":{"confidence_level":0.95,"lower_bound":3394992.7579464284,"upper_bound":3741015.650833333},"point_estimate":3526950.7800000003,"standard_error":85259.15127153418},"MedianAbsDev":{"confidence_interval":{"confidence_level":0.95,"lower_bound":61293.63328582047,"upper_bound":342840.53212836373},"point_estimate":274541.9623779052,"standard_error":89929.39741651325},"Slope":{"confidence_interval":{"confidence_level":0.95,"lower_bound":3318533.3244986185,"upper_bound":3544131.855414804},"point_estimate":3446012.407792208,"standard_error":58490.86054847354},"StdDev":{"confidence_interval":{"confidence_level":0.95,"lower_bound":138887.92786576436,"upper_bound":258237.27706675534},"point_estimate":215700.15911514434,"standard_error":33372.79552441668}}