{"Mean":{"confidence_interval":{"confidence_level":0.95,"lower_bound":273010.9896163794,"upper_bound":278660.06031024223},"point_estimate":275482.5987889984,"standard_error":1521.1051300986996},"Median":{"confidence_interval":{"confidence_level":0.95,"lower_bound":272598.3115122126,"upper_bound":280452.45010775863},"point_estimate":274903.8850574712,"standard_error":2275.4466390718294},"MedianAbsDev":{"confidence_interval":{"confidence_level":0.95,"lower_bound":1878.0878302564238,"upper_bound":8924.768136456709},"point_estimate":6893.499819857377,"standard_error":2048.127310285019},"Slope":{"confidence_interval":{"confidence_level":0.95,"lower_bound":270553.12805809773,"upper_bound":277141.10993802856},"point_estimate":274332.044424541,"standard_error":2118.66379370353},"StdDev":{"confidence_interval":{"confidence_level":0.95,"lower_bound":3425.704374777654,"upper_bound":6198.280518139391},"point_estimate":5316.211887740863,"standard_error":740.2635633828046}}