{"Mean":{"confidence_interval":{"confidence_level":0.95,"lower_bound":19326.805604344674,"upper_bound":19836.430003707224},"point_estimate":19564.069685684688,"standard_error":130.41046183676895},"Median":{"confidence_interval":{"confidence_level":0.95,"lower_bound":19013.419326267092,"upper_bound":19147.391836734692},"point_estimate":19082.194728683644,"standard_error":35.79003678523172},"MedianAbsDev":{"confidence_interval":{"confidence_level":0.95,"lower_bound":286.9553642485649,"upper_bound":551.2631363656093},"point_estimate":440.1397812388112,"standard_error":68.51041957809005},"Slope":{"confidence_interval":{"confidence_level":0.95,"lower_bound":19245.450219928643,"upper_bound":20141.85085565442},"point_estimate":19655.68513506422,"standard_error":231.35804890667748},"StdDev":{"confidence_interval":{"confidence_level":0.95,"lower_bound":855.6251689116855,"upper_bound":1697.2633877629514},"point_estimate":1312.0296971553178,"standard_error":215.2326883263762}}