{"Mean":{"confidence_interval":{"confidence_level":0.95,"lower_bound":32119.41782855673,"upper_bound":33048.03060746699},"point_estimate":32496.62656215498,"standard_error":242.55822176692303},"Median":{"confidence_interval":{"confidence_level":0.95,"lower_bound":31927.878,"upper_bound":32681.492592592593},"point_estimate":32544.785925925928,"standard_error":222.41325776542928},"MedianAbsDev":{"confidence_interval":{"confidence_level":0.95,"lower_bound":960.5009834646343,"upper_bound":1485.4607752139582},"point_estimate":1209.458933194477,"standard_error":141.5539165043107},"Slope":{"confidence_interval":{"confidence_level":0.95,"lower_bound":31808.565333806266,"upper_bound":32435.11610232765},"point_estimate":32117.608998374464,"standard_error":159.8886014771588},"StdDev":{"confidence_interval":{"confidence_level":0.95,"lower_bound":967.994634722561,"upper_bound":3923.8889282428713},"point_estimate":2431.998226508205,"standard_error":986.408045453423}}