{"Mean":{"confidence_interval":{"confidence_level":0.95,"lower_bound":8595.705339777216,"upper_bound":8728.76832528515},"point_estimate":8658.532364041102,"standard_error":33.991321753227},"Median":{"confidence_interval":{"confidence_level":0.95,"lower_bound":8510.260887512899,"upper_bound":8600.182375581811},"point_estimate":8564.703053770529,"standard_error":21.899900284197763},"MedianAbsDev":{"confidence_interval":{"confidence_level":0.95,"lower_bound":148.29647684113047,"upper_bound":264.70511159013745},"point_estimate":212.088527380776,"standard_error":30.380988673208837},"Slope":{"confidence_interval":{"confidence_level":0.95,"lower_bound":8533.092437625473,"upper_bound":8640.3096802175},"point_estimate":8583.210088984315,"standard_error":27.40180280614175},"StdDev":{"confidence_interval":{"confidence_level":0.95,"lower_bound":243.09544667938215,"upper_bound":438.04494633386673},"point_estimate":341.30616275518184,"standard_error":50.648293600781656}}