{"Mean":{"confidence_interval":{"confidence_level":0.95,"lower_bound":0.049086865278579146,"upper_bound":0.12760981661959409},"point_estimate":0.07618929716976663,"standard_error":0.021426087798972086},"Median":{"confidence_interval":{"confidence_level":0.95,"lower_bound":-0.03350366958049742,"upper_bound":0.13204929240630536},"point_estimate":0.0003946270344790115,"standard_error":0.04590981287599777}}