{"Mean":{"confidence_interval":{"confidence_level":0.95,"lower_bound":120141.51065773811,"upper_bound":136034.36599037112},"point_estimate":126842.41658163264,"standard_error":4351.687659689184},"Median":{"confidence_interval":{"confidence_level":0.95,"lower_bound":114814.93277310925,"upper_bound":140068.29738270305},"point_estimate":121154.98119247699,"standard_error":6511.253806578184},"MedianAbsDev":{"confidence_interval":{"confidence_level":0.95,"lower_bound":1818.2456571314494,"upper_bound":21114.674567731512},"point_estimate":11151.360276813684,"standard_error":5677.875116266415},"Slope":{"confidence_interval":{"confidence_level":0.95,"lower_bound":115414.73732108228,"upper_bound":124695.66687429203},"point_estimate":118720.08045399978,"standard_error":2346.187108750346},"StdDev":{"confidence_interval":{"confidence_level":0.95,"lower_bound":6547.738900820022,"upper_bound":16380.095089227148},"point_estimate":13762.433854373723,"standard_error":2592.7458123254933}}