{"Mean":{"confidence_interval":{"confidence_level":0.95,"lower_bound":143134.57326715274,"upper_bound":145946.20158380628},"point_estimate":144377.9470092968,"standard_error":722.3616624499725},"Median":{"confidence_interval":{"confidence_level":0.95,"lower_bound":141570.5202156334,"upper_bound":143272.41536693793},"point_estimate":142270.6666666667,"standard_error":489.7038352221493},"MedianAbsDev":{"confidence_interval":{"confidence_level":0.95,"lower_bound":1813.8240233064384,"upper_bound":3493.174903145166},"point_estimate":2347.96665683306,"standard_error":449.5740913723449},"Slope":{"confidence_interval":{"confidence_level":0.95,"lower_bound":142711.6319739362,"upper_bound":145182.4836716278},"point_estimate":143832.2077675273,"standard_error":632.8444439737677},"StdDev":{"confidence_interval":{"confidence_level":0.95,"lower_bound":3829.187173029104,"upper_bound":10706.544075451748},"point_estimate":7270.76244818483,"standard_error":1936.5224748468356}}