{"Mean":{"confidence_interval":{"confidence_level":0.95,"lower_bound":123062.50092100694,"upper_bound":135368.15764057677},"point_estimate":129167.54088927468,"standard_error":3029.6574822345397},"Median":{"confidence_interval":{"confidence_level":0.95,"lower_bound":120051.73628472222,"upper_bound":136995.04907769096},"point_estimate":125921.00810185185,"standard_error":4934.910635976959},"MedianAbsDev":{"confidence_interval":{"confidence_level":0.95,"lower_bound":1951.000395930529,"upper_bound":17315.747613234336},"point_estimate":9197.793870456522,"standard_error":4583.490852925757},"Slope":{"confidence_interval":{"confidence_level":0.95,"lower_bound":126342.69917568905,"upper_bound":141502.58361890208},"point_estimate":135292.41134559884,"standard_error":4083.926351471059},"StdDev":{"confidence_interval":{"confidence_level":0.95,"lower_bound":6375.709292158372,"upper_bound":12259.872122356994},"point_estimate":10519.988521046671,"standard_error":1651.64709602517}}