{"Mean":{"confidence_interval":{"confidence_level":0.95,"lower_bound":-0.4023612880076125,"upper_bound":-0.323526909411461},"point_estimate":-0.3603404317221437,"standard_error":0.022594339808729883},"Median":{"confidence_interval":{"confidence_level":0.95,"lower_bound":-0.37899878464039616,"upper_bound":-0.2818110438377012},"point_estimate":-0.3404456890350881,"standard_error":0.03765601418076127}}