{"Mean":{"confidence_interval":{"confidence_level":0.95,"lower_bound":2743.6622623903404,"upper_bound":3005.9043550771626},"point_estimate":2858.4337571791357,"standard_error":68.56000471488576},"Median":{"confidence_interval":{"confidence_level":0.95,"lower_bound":2713.5080142475513,"upper_bound":3016.3674665557696},"point_estimate":2799.2134782823787,"standard_error":98.09617898701023},"MedianAbsDev":{"confidence_interval":{"confidence_level":0.95,"lower_bound":13.23398109426459,"upper_bound":393.5289613392844},"point_estimate":266.4620876174774,"standard_error":94.90582094027828},"Slope":{"confidence_interval":{"confidence_level":0.95,"lower_bound":2830.7106619088404,"upper_bound":3090.0434371046567},"point_estimate":2986.771905802716,"standard_error":65.63857213190684},"StdDev":{"confidence_interval":{"confidence_level":0.95,"lower_bound":116.46714927537786,"upper_bound":269.92592147715897},"point_estimate":215.9406263247794,"standard_error":43.16352809710356}}