{"Mean":{"confidence_interval":{"confidence_level":0.95,"lower_bound":1224670.2731336995,"upper_bound":1338699.6781043955},"point_estimate":1273641.98510989,"standard_error":29334.070458539896},"Median":{"confidence_interval":{"confidence_level":0.95,"lower_bound":1244330.1943108973,"upper_bound":1364504.6095924908},"point_estimate":1273454.2307692308,"standard_error":31816.147783959612},"MedianAbsDev":{"confidence_interval":{"confidence_level":0.95,"lower_bound":1514.1953195791534,"upper_bound":170261.5326213883},"point_estimate":78784.4027128358,"standard_error":50784.024731192636},"Slope":{"confidence_interval":{"confidence_level":0.95,"lower_bound":1179599.0961977234,"upper_bound":1322220.2104095588},"point_estimate":1232532.1924075924,"standard_error":36588.86267590973},"StdDev":{"confidence_interval":{"confidence_level":0.95,"lower_bound":49048.8691028952,"upper_bound":109733.7251457605},"point_estimate":88385.98575081678,"standard_error":16663.349840643834}}