{"Mean":{"confidence_interval":{"confidence_level":0.95,"lower_bound":16176263.544440474,"upper_bound":18230444.061380956},"point_estimate":17319385.208095238,"standard_error":518550.2756290255},"Median":{"confidence_interval":{"confidence_level":0.95,"lower_bound":15819285.0,"upper_bound":18946741.714285713},"point_estimate":17382008.0,"standard_error":847500.7722332239},"MedianAbsDev":{"confidence_interval":{"confidence_level":0.95,"lower_bound":613855.652506885,"upper_bound":2837204.5809170473},"point_estimate":2318383.621140462,"standard_error":619359.4801967277},"Slope":{"confidence_interval":{"confidence_level":0.95,"lower_bound":15776564.533479465,"upper_bound":18146754.084489577},"point_estimate":16399732.78961039,"standard_error":622509.0419394533},"StdDev":{"confidence_interval":{"confidence_level":0.95,"lower_bound":1031293.2411420223,"upper_bound":1973462.2623428877},"point_estimate":1677522.3371771628,"standard_error":266046.80753983604}}