{"Mean":{"confidence_interval":{"confidence_level":0.95,"lower_bound":-0.027201284931230384,"upper_bound":0.07297662234107577},"point_estimate":0.016935916805587814,"standard_error":0.027405500157960994},"Median":{"confidence_interval":{"confidence_level":0.95,"lower_bound":-0.008595726213081238,"upper_bound":0.060844720771100036},"point_estimate":0.022811098185440137,"standard_error":0.019470583120248696}}