{"Mean":{"confidence_interval":{"confidence_level":0.95,"lower_bound":166483533.70469344,"upper_bound":175064475.53365874},"point_estimate":169778771.83234125,"standard_error":2542100.5817336},"Median":{"confidence_interval":{"confidence_level":0.95,"lower_bound":165334415.4019097,"upper_bound":172618132.5},"point_estimate":167127922.5875,"standard_error":2163844.366538123},"MedianAbsDev":{"confidence_interval":{"confidence_level":0.95,"lower_bound":1676321.437505601,"upper_bound":9940674.350874744},"point_estimate":5176334.573841699,"standard_error":2252754.8693664395},"Slope":{"confidence_interval":{"confidence_level":0.95,"lower_bound":165030998.85523114,"upper_bound":171166202.94230118},"point_estimate":166968566.37662336,"standard_error":1536799.34503111},"StdDev":{"confidence_interval":{"confidence_level":0.95,"lower_bound":3591563.5245133974,"upper_bound":11900142.156342529},"point_estimate":8548967.608608643,"standard_error":2928287.068137614}}