{"Mean":{"confidence_interval":{"confidence_level":0.95,"lower_bound":1014418812.3295001,"upper_bound":1073438059.3045834},"point_estimate":1034303320.86,"standard_error":15777610.349055408},"Median":{"confidence_interval":{"confidence_level":0.95,"lower_bound":1004017974.5833333,"upper_bound":1049490532.6916667},"point_estimate":1021171895.0,"standard_error":11652499.42082696},"MedianAbsDev":{"confidence_interval":{"confidence_level":0.95,"lower_bound":4127500.752422243,"upper_bound":55592758.43659624},"point_estimate":25829164.29311065,"standard_error":14526117.398017058},"Slope":{"confidence_interval":{"confidence_level":0.95,"lower_bound":1007438862.4143738,"upper_bound":1027324927.4132836},"point_estimate":1015213494.387013,"standard_error":5915436.3380830465},"StdDev":{"confidence_interval":{"confidence_level":0.95,"lower_bound":16284174.436882883,"upper_bound":71131289.69457488},"point_estimate":55041067.317282885,"standard_error":17115838.203905452}}