{"Mean":{"confidence_interval":{"confidence_level":0.95,"lower_bound":3877983.90990625,"upper_bound":4075671.68759375},"point_estimate":3965159.957916667,"standard_error":57829.03673316553},"Median":{"confidence_interval":{"confidence_level":0.95,"lower_bound":3815610.75,"upper_bound":4126648.46796875},"point_estimate":3930166.625,"standard_error":77920.40525606208},"MedianAbsDev":{"confidence_interval":{"confidence_level":0.95,"lower_bound":31118.267064165415,"upper_bound":284517.56147583475},"point_estimate":161103.08141484868,"standard_error":66834.96420585195},"Slope":{"confidence_interval":{"confidence_level":0.95,"lower_bound":3822640.61239862,"upper_bound":4122768.199140966},"point_estimate":3955573.6123376624,"standard_error":84564.88651175647},"StdDev":{"confidence_interval":{"confidence_level":0.95,"lower_bound":97641.2106300564,"upper_bound":252903.13626251812},"point_estimate":180712.25316180012,"standard_error":44549.79281807544}}