{"Mean":{"confidence_interval":{"confidence_level":0.95,"lower_bound":25557.796353814367,"upper_bound":25867.544865708787},"point_estimate":25703.85191354368,"standard_error":79.18288081449364},"Median":{"confidence_interval":{"confidence_level":0.95,"lower_bound":25357.998139287614,"upper_bound":25493.949368043766},"point_estimate":25428.416118421053,"standard_error":31.08177279470883},"MedianAbsDev":{"confidence_interval":{"confidence_level":0.95,"lower_bound":197.05899178095936,"upper_bound":361.26210612501575},"point_estimate":294.812576334806,"standard_error":43.20269635733224},"Slope":{"confidence_interval":{"confidence_level":0.95,"lower_bound":25482.07385368829,"upper_bound":25752.219540497706},"point_estimate":25609.460963188227,"standard_error":69.38038957757753},"StdDev":{"confidence_interval":{"confidence_level":0.95,"lower_bound":551.5875868133099,"upper_bound":1003.2824069387772},"point_estimate":794.2533712476489,"standard_error":115.65181026563621}}