{"Mean":{"confidence_interval":{"confidence_level":0.95,"lower_bound":1016312.5548246383,"upper_bound":1044056.1451549368},"point_estimate":1031218.7157586368,"standard_error":7431.247405902393},"Median":{"confidence_interval":{"confidence_level":0.95,"lower_bound":1014134.1977941176,"upper_bound":1055993.2238970587},"point_estimate":1026707.9470588235,"standard_error":11779.868693251308},"MedianAbsDev":{"confidence_interval":{"confidence_level":0.95,"lower_bound":6885.345032986265,"upper_bound":45550.70009725446},"point_estimate":23601.823912356456,"standard_error":11161.815541896836},"Slope":{"confidence_interval":{"confidence_level":0.95,"lower_bound":1006508.6916129369,"upper_bound":1029357.4283624277},"point_estimate":1015945.9943468296,"standard_error":6101.6140183579155},"StdDev":{"confidence_interval":{"confidence_level":0.95,"lower_bound":17924.137854692173,"upper_bound":33000.28522330068},"point_estimate":27688.111128079607,"standard_error":4451.550340195155}}