{"Mean":{"confidence_interval":{"confidence_level":0.95,"lower_bound":-0.06112680383559965,"upper_bound":0.04264891277657517},"point_estimate":-0.0020411986067854215,"standard_error":0.029464310032017566},"Median":{"confidence_interval":{"confidence_level":0.95,"lower_bound":-0.07131418211604579,"upper_bound":0.08934615263108871},"point_estimate":-0.024797251396929454,"standard_error":0.046204891707180215}}