{"Mean":{"confidence_interval":{"confidence_level":0.95,"lower_bound":31261500.391705357,"upper_bound":33924135.90829762},"point_estimate":32326546.296785712,"standard_error":730799.5403281666},"Median":{"confidence_interval":{"confidence_level":0.95,"lower_bound":29921501.75,"upper_bound":34782202.29166667},"point_estimate":32741634.020833336,"standard_error":1799828.964220152},"MedianAbsDev":{"confidence_interval":{"confidence_level":0.95,"lower_bound":382578.98910136404,"upper_bound":4005320.922392524},"point_estimate":3583729.8766385727,"standard_error":1117994.0707833036},"Slope":{"confidence_interval":{"confidence_level":0.95,"lower_bound":31126032.842666082,"upper_bound":34196284.68434843},"point_estimate":32990431.818181816,"standard_error":836431.9240811979},"StdDev":{"confidence_interval":{"confidence_level":0.95,"lower_bound":2018840.8483969048,"upper_bound":2922973.6424246994},"point_estimate":2611320.8881226974,"standard_error":244722.72395390848}}