{"Mean":{"confidence_interval":{"confidence_level":0.95,"lower_bound":0.0035176492732938132,"upper_bound":0.03538875065337234},"point_estimate":0.021190646183050665,"standard_error":0.008509226914171147},"Median":{"confidence_interval":{"confidence_level":0.95,"lower_bound":-0.005714744377395978,"upper_bound":0.040713410863920746},"point_estimate":0.016379104370377595,"standard_error":0.013209196556663852}}