{"Mean":{"confidence_interval":{"confidence_level":0.95,"lower_bound":-0.05330949691153599,"upper_bound":-0.0028037282053477337},"point_estimate":-0.023894627607248697,"standard_error":0.015208647394654318},"Median":{"confidence_interval":{"confidence_level":0.95,"lower_bound":-0.048513853607793554,"upper_bound":0.004378457496955662},"point_estimate":-0.011539237485252096,"standard_error":0.014122032863152128}}