{"Mean":{"confidence_interval":{"confidence_level":0.95,"lower_bound":113739.11029739502,"upper_bound":125482.58695542117},"point_estimate":119689.76172299027,"standard_error":3489.9552966885108},"Median":{"confidence_interval":{"confidence_level":0.95,"lower_bound":112842.91014112903,"upper_bound":118260.79179267473},"point_estimate":115416.81437211981,"standard_error":2221.2144915841404},"MedianAbsDev":{"confidence_interval":{"confidence_level":0.95,"lower_bound":1040.120072954546,"upper_bound":9085.259184433235},"point_estimate":4345.301248661925,"standard_error":2906.492630208536},"Slope":{"confidence_interval":{"confidence_level":0.95,"lower_bound":112643.06457872785,"upper_bound":116574.41425985808},"point_estimate":114016.51156263091,"standard_error":1077.768772791989},"StdDev":{"confidence_interval":{"confidence_level":0.95,"lower_bound":1984.1738951486013,"upper_bound":13667.04881361438},"point_estimate":10957.492922060226,"standard_error":3672.810794912896}}