{"Mean":{"confidence_interval":{"confidence_level":0.95,"lower_bound":5366539.982589286,"upper_bound":5469557.768333333},"point_estimate":5426051.882010584,"standard_error":32908.33126701803},"Median":{"confidence_interval":{"confidence_level":0.95,"lower_bound":5375072.294675927,"upper_bound":5493683.583333333},"point_estimate":5447807.23888889,"standard_error":33300.79623867651},"MedianAbsDev":{"confidence_interval":{"confidence_level":0.95,"lower_bound":20625.126111496895,"upper_bound":142005.05386790563},"point_estimate":70812.72929004463,"standard_error":30442.239876966294},"Slope":{"confidence_interval":{"confidence_level":0.95,"lower_bound":5276228.6658536745,"upper_bound":5455734.260350041},"point_estimate":5390214.062337662,"standard_error":48156.926894946635},"StdDev":{"confidence_interval":{"confidence_level":0.95,"lower_bound":48431.10196706193,"upper_bound":157457.15103250078},"point_estimate":114764.51168784604,"standard_error":29492.673707304657}}