{"Mean":{"confidence_interval":{"confidence_level":0.95,"lower_bound":-0.016588522691430532,"upper_bound":0.03689978755882322},"point_estimate":0.004037598605356685,"standard_error":0.015837772873357102},"Median":{"confidence_interval":{"confidence_level":0.95,"lower_bound":-0.018352237550845484,"upper_bound":0.028317630893175183},"point_estimate":0.002810558879601688,"standard_error":0.01384442563224486}}