{"Mean":{"confidence_interval":{"confidence_level":0.95,"lower_bound":1363575771.7708333,"upper_bound":1389298965.621952},"point_estimate":1374638424.4990478,"standard_error":7629416.450268605},"Median":{"confidence_interval":{"confidence_level":0.95,"lower_bound":1355119298.1210716,"upper_bound":1394576766.8779168},"point_estimate":1369114040.0,"standard_error":11025974.296649868},"MedianAbsDev":{"confidence_interval":{"confidence_level":0.95,"lower_bound":6786652.075519726,"upper_bound":35653087.3196287},"point_estimate":28065144.008724082,"standard_error":9392660.585192313},"Slope":{"confidence_interval":{"confidence_level":0.95,"lower_bound":1358120514.9051518,"upper_bound":1382648179.426301},"point_estimate":1369422704.1402597,"standard_error":6778248.513002575},"StdDev":{"confidence_interval":{"confidence_level":0.95,"lower_bound":13473428.050333796,"upper_bound":30763279.024796005},"point_estimate":25813106.204289116,"standard_error":4384922.563047102}}