{"Mean":{"confidence_interval":{"confidence_level":0.95,"lower_bound":-0.09692929139677202,"upper_bound":0.0029121167901121603},"point_estimate":-0.039990873040543606,"standard_error":0.025614831301679405},"Median":{"confidence_interval":{"confidence_level":0.95,"lower_bound":-0.09974516336413045,"upper_bound":0.022333033045612825},"point_estimate":0.0033161464148105946,"standard_error":0.03794925532230494}}