{"Mean":{"confidence_interval":{"confidence_level":0.95,"lower_bound":-0.02832200098836683,"upper_bound":0.019174921803157968},"point_estimate":-0.004316692158251478,"standard_error":0.01193212168619163},"Median":{"confidence_interval":{"confidence_level":0.95,"lower_bound":-0.011983591704856078,"upper_bound":0.004910835223615573},"point_estimate":-0.005497284674528924,"standard_error":0.004428678137930172}}