{"Mean":{"confidence_interval":{"confidence_level":0.95,"lower_bound":0.0007604249125785571,"upper_bound":0.0285369650182524},"point_estimate":0.014186611990530507,"standard_error":0.006937408829898252},"Median":{"confidence_interval":{"confidence_level":0.95,"lower_bound":-0.009604193532396721,"upper_bound":0.0009762666833696976},"point_estimate":-0.003608878506234925,"standard_error":0.0028221172683354965}}