{"Mean":{"confidence_interval":{"confidence_level":0.95,"lower_bound":-0.02681231513253474,"upper_bound":0.03150482829360272},"point_estimate":0.013433711365155254,"standard_error":0.01712699179998049},"Median":{"confidence_interval":{"confidence_level":0.95,"lower_bound":-0.03878052433232596,"upper_bound":0.04423711840883057},"point_estimate":-0.00005017769329984656,"standard_error":0.024151320449104025}}