{"Mean":{"confidence_interval":{"confidence_level":0.95,"lower_bound":-0.015426008687187754,"upper_bound":0.08029520437923748},"point_estimate":0.03611650222649043,"standard_error":0.02576144048418105},"Median":{"confidence_interval":{"confidence_level":0.95,"lower_bound":-0.01908762126101819,"upper_bound":0.04490763550576281},"point_estimate":0.016719968829905785,"standard_error":0.020056031037326005}}