{"Mean":{"confidence_interval":{"confidence_level":0.95,"lower_bound":24872.665472955752,"upper_bound":25530.460301001513},"point_estimate":25175.797877753765,"standard_error":168.33854452059424},"Median":{"confidence_interval":{"confidence_level":0.95,"lower_bound":24494.814611314614,"upper_bound":24725.186813186814},"point_estimate":24566.518200100552,"standard_error":54.948768063517605},"MedianAbsDev":{"confidence_interval":{"confidence_level":0.95,"lower_bound":282.7401625446194,"upper_bound":573.6176739434688},"point_estimate":377.245662533321,"standard_error":73.18182486022666},"Slope":{"confidence_interval":{"confidence_level":0.95,"lower_bound":24666.15690538202,"upper_bound":25361.826729912354},"point_estimate":24983.476645485443,"standard_error":179.26050964197947},"StdDev":{"confidence_interval":{"confidence_level":0.95,"lower_bound":1032.1645375272758,"upper_bound":2242.608588391052},"point_estimate":1691.3479001837552,"standard_error":307.8749495764313}}