{"Mean":{"confidence_interval":{"confidence_level":0.95,"lower_bound":94012415.361,"upper_bound":101581870.57388094},"point_estimate":97188237.04869047,"standard_error":2157091.101009594},"Median":{"confidence_interval":{"confidence_level":0.95,"lower_bound":89093149.31875,"upper_bound":102366793.24791667},"point_estimate":100416706.4,"standard_error":4280460.598521851},"MedianAbsDev":{"confidence_interval":{"confidence_level":0.95,"lower_bound":730909.2497875182,"upper_bound":12136360.459618408},"point_estimate":10376958.879572142,"standard_error":3621573.9248715867},"Slope":{"confidence_interval":{"confidence_level":0.95,"lower_bound":89145909.93639533,"upper_bound":100545086.47312315},"point_estimate":94368890.88051948,"standard_error":2947557.9344223267},"StdDev":{"confidence_interval":{"confidence_level":0.95,"lower_bound":4361012.695311461,"upper_bound":10099692.469761921},"point_estimate":8490276.875778098,"standard_error":1449140.792220933}}