{"Mean":{"confidence_interval":{"confidence_level":0.95,"lower_bound":4158029.1296398807,"upper_bound":4354070.192725198},"point_estimate":4236711.747460318,"standard_error":50987.72794042661},"Median":{"confidence_interval":{"confidence_level":0.95,"lower_bound":4154341.098735119,"upper_bound":4230644.372048611},"point_estimate":4164538.25,"standard_error":21551.522359113267},"MedianAbsDev":{"confidence_interval":{"confidence_level":0.95,"lower_bound":496.52339305971907,"upper_bound":96677.78093000116},"point_estimate":35908.15129250306,"standard_error":30603.446545010076},"Slope":{"confidence_interval":{"confidence_level":0.95,"lower_bound":4150154.861130189,"upper_bound":4227478.545656972},"point_estimate":4180106.6714285715,"standard_error":22717.869469952446},"StdDev":{"confidence_interval":{"confidence_level":0.95,"lower_bound":26551.831022398543,"upper_bound":263489.00335736154},"point_estimate":180288.4423344848,"standard_error":77570.90228553537}}