{"Mean":{"confidence_interval":{"confidence_level":0.95,"lower_bound":-0.11118845500871355,"upper_bound":-0.033115197526488005},"point_estimate":-0.06416547893196056,"standard_error":0.020215385228369513},"Median":{"confidence_interval":{"confidence_level":0.95,"lower_bound":-0.13321736891784572,"upper_bound":-0.018346702915337798},"point_estimate":-0.06305879569881367,"standard_error":0.030963382407251907}}