{"Mean":{"confidence_interval":{"confidence_level":0.95,"lower_bound":21213.062280579245,"upper_bound":21962.033738992537},"point_estimate":21540.80902025586,"standard_error":232.9642017253678},"Median":{"confidence_interval":{"confidence_level":0.95,"lower_bound":20922.377030161693,"upper_bound":22216.40900186567},"point_estimate":21193.554402985075,"standard_error":457.6328103200325},"MedianAbsDev":{"confidence_interval":{"confidence_level":0.95,"lower_bound":131.94446772748,"upper_bound":1292.2134276813854},"point_estimate":566.9105295174156,"standard_error":357.0616498860304},"Slope":{"confidence_interval":{"confidence_level":0.95,"lower_bound":21004.385730228012,"upper_bound":21718.954517100672},"point_estimate":21264.660833494865,"standard_error":199.94326249723656},"StdDev":{"confidence_interval":{"confidence_level":0.95,"lower_bound":516.3137539552265,"upper_bound":923.4277198731845},"point_estimate":775.9584442537921,"standard_error":111.25695194410578}}