{"Mean":{"confidence_interval":{"confidence_level":0.95,"lower_bound":183026122.30290177,"upper_bound":201144236.4503125},"point_estimate":193023458.57678568,"standard_error":4840447.323479047},"Median":{"confidence_interval":{"confidence_level":0.95,"lower_bound":173791239.14285713,"upper_bound":202591900.575},"point_estimate":197219274.0,"standard_error":7513765.745017412},"MedianAbsDev":{"confidence_interval":{"confidence_level":0.95,"lower_bound":1616865.1413442781,"upper_bound":31697860.67495048},"point_estimate":12096476.475794613,"standard_error":8940077.069693597},"Slope":{"confidence_interval":{"confidence_level":0.95,"lower_bound":181883457.02116758,"upper_bound":201345812.76396817},"point_estimate":193842347.25714287,"standard_error":5849882.09851206},"StdDev":{"confidence_interval":{"confidence_level":0.95,"lower_bound":9164995.758639563,"upper_bound":20305304.840945296},"point_estimate":16117137.996598687,"standard_error":3127759.3914863826}}