{"Mean":{"confidence_interval":{"confidence_level":0.95,"lower_bound":90587.53111780011,"upper_bound":92351.78171581838},"point_estimate":91542.58242942687,"standard_error":544.0885455936303},"Median":{"confidence_interval":{"confidence_level":0.95,"lower_bound":90526.1056511976,"upper_bound":92806.92664670659},"point_estimate":91798.94835329341,"standard_error":675.9803523840682},"MedianAbsDev":{"confidence_interval":{"confidence_level":0.95,"lower_bound":141.96032407401867,"upper_bound":2616.4049289185373},"point_estimate":1721.1531947428234,"standard_error":686.5685088757568},"Slope":{"confidence_interval":{"confidence_level":0.95,"lower_bound":89436.71187692562,"upper_bound":92324.04033759577},"point_estimate":90476.15635741504,"standard_error":886.7037188613776},"StdDev":{"confidence_interval":{"confidence_level":0.95,"lower_bound":847.3918427559988,"upper_bound":2425.6284727941506},"point_estimate":1955.3705162498013,"standard_error":477.0682324124619}}