{"Mean":{"confidence_interval":{"confidence_level":0.95,"lower_bound":5251421.063534723,"upper_bound":5455906.934722222},"point_estimate":5354132.000277778,"standard_error":58128.152644997754},"Median":{"confidence_interval":{"confidence_level":0.95,"lower_bound":5239106.696666666,"upper_bound":5446692.888888889},"point_estimate":5295106.016666667,"standard_error":53218.65149509027},"MedianAbsDev":{"confidence_interval":{"confidence_level":0.95,"lower_bound":26994.521387418725,"upper_bound":274318.7188058067},"point_estimate":94042.03292042026,"standard_error":75470.89998490048},"Slope":{"confidence_interval":{"confidence_level":0.95,"lower_bound":5200326.283766384,"upper_bound":5363164.761066598},"point_estimate":5292472.252813852,"standard_error":43815.496987410705},"StdDev":{"confidence_interval":{"confidence_level":0.95,"lower_bound":72340.18225168633,"upper_bound":232902.9875039409},"point_estimate":179778.50202208842,"standard_error":42062.23606832747}}