{"Mean":{"confidence_interval":{"confidence_level":0.95,"lower_bound":5865261.069575067,"upper_bound":6131497.64809689},"point_estimate":5994879.731494708,"standard_error":76130.21383689294},"Median":{"confidence_interval":{"confidence_level":0.95,"lower_bound":5919804.904050926,"upper_bound":6192603.894444444},"point_estimate":5989396.592592592,"standard_error":68843.45165295941},"MedianAbsDev":{"confidence_interval":{"confidence_level":0.95,"lower_bound":5777.444997430078,"upper_bound":302917.07573495974},"point_estimate":154552.81402141624,"standard_error":88795.42442565654},"Slope":{"confidence_interval":{"confidence_level":0.95,"lower_bound":5916676.930946023,"upper_bound":6101308.482782052},"point_estimate":5991925.48051948,"standard_error":48794.42672537554},"StdDev":{"confidence_interval":{"confidence_level":0.95,"lower_bound":113391.03390365165,"upper_bound":297297.7545211229},"point_estimate":222429.52020305608,"standard_error":54706.42465512695}}