{"Mean":{"confidence_interval":{"confidence_level":0.95,"lower_bound":267543.00435586006,"upper_bound":284089.0430765086},"point_estimate":275392.3656013958,"standard_error":4455.0481189810125},"Median":{"confidence_interval":{"confidence_level":0.95,"lower_bound":266349.9551724138,"upper_bound":282754.7237068966},"point_estimate":268933.9987684729,"standard_error":4335.093302346348},"MedianAbsDev":{"confidence_interval":{"confidence_level":0.95,"lower_bound":211.83131205607359,"upper_bound":15252.862409687095},"point_estimate":3932.444107642089,"standard_error":4417.234790873698},"Slope":{"confidence_interval":{"confidence_level":0.95,"lower_bound":266362.9437503098,"upper_bound":272041.65390243207},"point_estimate":268472.347380206,"standard_error":1628.5658095921576},"StdDev":{"confidence_interval":{"confidence_level":0.95,"lower_bound":3859.40510001421,"upper_bound":18740.694142535704},"point_estimate":15087.68113982538,"standard_error":3942.016951011705}}