{"Mean":{"confidence_interval":{"confidence_level":0.95,"lower_bound":66664606.368,"upper_bound":72911817.18275},"point_estimate":69731934.89472222,"standard_error":1683867.3493121476},"Median":{"confidence_interval":{"confidence_level":0.95,"lower_bound":64292811.028125,"upper_bound":74507654.9296875},"point_estimate":68665339.55,"standard_error":2214107.9580919016},"MedianAbsDev":{"confidence_interval":{"confidence_level":0.95,"lower_bound":95104.27101468669,"upper_bound":8942356.835789967},"point_estimate":6494171.0256104125,"standard_error":2624014.1045490424},"Slope":{"confidence_interval":{"confidence_level":0.95,"lower_bound":67940467.77623881,"upper_bound":72890639.19249044},"point_estimate":69941260.82597403,"standard_error":1304552.4442758043},"StdDev":{"confidence_interval":{"confidence_level":0.95,"lower_bound":3221956.4915691004,"upper_bound":6545403.78383568},"point_estimate":5482393.113138361,"standard_error":1067771.7132976195}}