{"Mean":{"confidence_interval":{"confidence_level":0.95,"lower_bound":3041965026.049639,"upper_bound":3194626061.170585},"point_estimate":3118445938.11627,"standard_error":40240902.429567374},"Median":{"confidence_interval":{"confidence_level":0.95,"lower_bound":3025297280.6979165,"upper_bound":3190622592.791667},"point_estimate":3117351641.25,"standard_error":41953555.53392932},"MedianAbsDev":{"confidence_interval":{"confidence_level":0.95,"lower_bound":8736673.420039883,"upper_bound":215150170.15619385},"point_estimate":170438446.91058782,"standard_error":61966553.79953172},"Slope":{"confidence_interval":{"confidence_level":0.95,"lower_bound":3109162351.538899,"upper_bound":3228626989.5596733},"point_estimate":3181367182.296104,"standard_error":34147069.2110494},"StdDev":{"confidence_interval":{"confidence_level":0.95,"lower_bound":70834599.64643878,"upper_bound":150614536.7139091},"point_estimate":129625109.01914516,"standard_error":22463167.317288637}}