{"Mean":{"confidence_interval":{"confidence_level":0.95,"lower_bound":256722.5415442305,"upper_bound":261678.33067357828},"point_estimate":259086.66391926684,"standard_error":1267.8562764950552},"Median":{"confidence_interval":{"confidence_level":0.95,"lower_bound":253509.88333333333,"upper_bound":256584.88888888888},"point_estimate":254631.0185897436,"standard_error":673.0059980907381},"MedianAbsDev":{"confidence_interval":{"confidence_level":0.95,"lower_bound":3817.30016908929,"upper_bound":7491.049800690105},"point_estimate":5285.592778466317,"standard_error":891.8897681800098},"Slope":{"confidence_interval":{"confidence_level":0.95,"lower_bound":254030.5774779398,"upper_bound":257013.8979591873},"point_estimate":255429.9856782917,"standard_error":760.7422722827158},"StdDev":{"confidence_interval":{"confidence_level":0.95,"lower_bound":9660.130216857433,"upper_bound":15160.991531523598},"point_estimate":12701.552074726987,"standard_error":1408.4841484481983}}