{"Mean":{"confidence_interval":{"confidence_level":0.95,"lower_bound":8032144.542979166,"upper_bound":8310721.426370535},"point_estimate":8157670.239107142,"standard_error":77937.55605117406},"Median":{"confidence_interval":{"confidence_level":0.95,"lower_bound":8026209.002380952,"upper_bound":8376758.811458333},"point_estimate":8141124.164285714,"standard_error":96579.04976735337},"MedianAbsDev":{"confidence_interval":{"confidence_level":0.95,"lower_bound":72434.50410515591,"upper_bound":440394.8505639288},"point_estimate":260427.33387649083,"standard_error":108983.52058006363},"Slope":{"confidence_interval":{"confidence_level":0.95,"lower_bound":7886599.327668072,"upper_bound":8244463.703501619},"point_estimate":7992803.471428571,"standard_error":90799.0489872967},"StdDev":{"confidence_interval":{"confidence_level":0.95,"lower_bound":155050.37850333969,"upper_bound":323275.84103675955},"point_estimate":252502.22574871883,"standard_error":44543.51934352392}}