{"Mean":{"confidence_interval":{"confidence_level":0.95,"lower_bound":24574.639835765538,"upper_bound":26131.17497045034},"point_estimate":25329.416494541296,"standard_error":434.4970773529853},"Median":{"confidence_interval":{"confidence_level":0.95,"lower_bound":24053.992672345485,"upper_bound":26566.740471473848},"point_estimate":24681.641382725833,"standard_error":588.7555657288942},"MedianAbsDev":{"confidence_interval":{"confidence_level":0.95,"lower_bound":216.4229873724631,"upper_bound":2461.1872374105815},"point_estimate":953.6129141674512,"standard_error":590.2594679843755},"Slope":{"confidence_interval":{"confidence_level":0.95,"lower_bound":24188.534649593526,"upper_bound":24941.547191675214},"point_estimate":24475.049976331116,"standard_error":190.96910352453995},"StdDev":{"confidence_interval":{"confidence_level":0.95,"lower_bound":870.0543333916662,"upper_bound":1885.8919091290768},"point_estimate":1634.0371631516832,"standard_error":253.552253702053}}