{"Mean":{"confidence_interval":{"confidence_level":0.95,"lower_bound":-0.041652269389847896,"upper_bound":-0.015304989670380131},"point_estimate":-0.028604790950564563,"standard_error":0.0068110248189447485},"Median":{"confidence_interval":{"confidence_level":0.95,"lower_bound":-0.04795972152738917,"upper_bound":-0.019190538610065033},"point_estimate":-0.031154306012463495,"standard_error":0.00754379025779862}}