{"Mean":{"confidence_interval":{"confidence_level":0.95,"lower_bound":799173.7595027152,"upper_bound":844926.5251498539},"point_estimate":821417.8029782791,"standard_error":13691.168883891967},"Median":{"confidence_interval":{"confidence_level":0.95,"lower_bound":788589.9005847953,"upper_bound":861826.947368421},"point_estimate":802394.9558270676,"standard_error":22715.754352217562},"MedianAbsDev":{"confidence_interval":{"confidence_level":0.95,"lower_bound":5461.886888591423,"upper_bound":75793.16513311949},"point_estimate":36874.34952613882,"standard_error":20105.079685199595},"Slope":{"confidence_interval":{"confidence_level":0.95,"lower_bound":786835.192918472,"upper_bound":810300.7045850907},"point_estimate":795660.7460013671,"standard_error":6092.6066726147565},"StdDev":{"confidence_interval":{"confidence_level":0.95,"lower_bound":26144.180399222118,"upper_bound":52722.40277857285},"point_estimate":42805.23161419909,"standard_error":7391.074394127437}}