{"Mean":{"confidence_interval":{"confidence_level":0.95,"lower_bound":-0.020880511015238672,"upper_bound":0.028264449337132114},"point_estimate":-0.00038741029651079284,"standard_error":0.011836271376142897},"Median":{"confidence_interval":{"confidence_level":0.95,"lower_bound":-0.019994507419762296,"upper_bound":0.015345946983917733},"point_estimate":-0.004367254627662631,"standard_error":0.00902924043807449}}