{"Mean":{"confidence_interval":{"confidence_level":0.95,"lower_bound":-0.019028021713721092,"upper_bound":0.007431708247079792},"point_estimate":-0.005586231806319231,"standard_error":0.006752032153087847},"Median":{"confidence_interval":{"confidence_level":0.95,"lower_bound":0.004135056803578729,"upper_bound":0.01633063389143996},"point_estimate":0.012011918736729799,"standard_error":0.003061500587592875}}