{"Mean":{"confidence_interval":{"confidence_level":0.95,"lower_bound":62953315.33663294,"upper_bound":67902425.34104761},"point_estimate":65314775.59789683,"standard_error":1292897.840286826},"Median":{"confidence_interval":{"confidence_level":0.95,"lower_bound":61029964.685,"upper_bound":69972981.97857143},"point_estimate":64756124.16666667,"standard_error":2669108.3083544783},"MedianAbsDev":{"confidence_interval":{"confidence_level":0.95,"lower_bound":158823.6852663093,"upper_bound":7031296.555609532},"point_estimate":5591544.768403573,"standard_error":2312312.880389444},"Slope":{"confidence_interval":{"confidence_level":0.95,"lower_bound":61635548.96121731,"upper_bound":65961282.940637305},"point_estimate":63135175.15844156,"standard_error":1148347.7027408897},"StdDev":{"confidence_interval":{"confidence_level":0.95,"lower_bound":3041511.6271620635,"upper_bound":5169986.403656792},"point_estimate":4586042.820428187,"standard_error":611336.3140049563}}