{"Mean":{"confidence_interval":{"confidence_level":0.95,"lower_bound":2634.0753606544044,"upper_bound":2678.829605025061},"point_estimate":2655.2267913664737,"standard_error":11.427498770845538},"Median":{"confidence_interval":{"confidence_level":0.95,"lower_bound":2618.630080237223,"upper_bound":2634.6214801292545},"point_estimate":2626.1295146027896,"standard_error":3.929947917699687},"MedianAbsDev":{"confidence_interval":{"confidence_level":0.95,"lower_bound":29.346972582604348,"upper_bound":65.46884896505918},"point_estimate":41.887031168498694,"standard_error":9.5409158838683},"Slope":{"confidence_interval":{"confidence_level":0.95,"lower_bound":2608.57333424132,"upper_bound":2633.6543092610386},"point_estimate":2620.984187751808,"standard_error":6.416434439538318},"StdDev":{"confidence_interval":{"confidence_level":0.95,"lower_bound":79.82828182718254,"upper_bound":144.81089905180406},"point_estimate":114.83549142685268,"standard_error":16.600014504525177}}