{"Mean":{"confidence_interval":{"confidence_level":0.95,"lower_bound":397433.4812280673,"upper_bound":444051.57806081075},"point_estimate":422893.67013299017,"standard_error":12951.862404375492},"Median":{"confidence_interval":{"confidence_level":0.95,"lower_bound":384873.1577112827,"upper_bound":451374.76013513515},"point_estimate":406177.0891891892,"standard_error":20747.318583648837},"MedianAbsDev":{"confidence_interval":{"confidence_level":0.95,"lower_bound":1936.724607057743,"upper_bound":81361.72700683794},"point_estimate":35235.75704754842,"standard_error":24180.00975467588},"Slope":{"confidence_interval":{"confidence_level":0.95,"lower_bound":385865.107215562,"upper_bound":413784.09181687166},"point_estimate":398396.27981747984,"standard_error":7317.602607751818},"StdDev":{"confidence_interval":{"confidence_level":0.95,"lower_bound":25735.009314519382,"upper_bound":55032.12343648048},"point_estimate":45604.34678396314,"standard_error":8906.092815064483}}