{"Mean":{"confidence_interval":{"confidence_level":0.95,"lower_bound":0.0009896515843979107,"upper_bound":0.0276356364748753},"point_estimate":0.012732940996953213,"standard_error":0.0067109631876990875},"Median":{"confidence_interval":{"confidence_level":0.95,"lower_bound":-0.0004275954450504438,"upper_bound":0.012500620246359633},"point_estimate":0.005394806059076718,"standard_error":0.0034196769599077314}}