{"Mean":{"confidence_interval":{"confidence_level":0.95,"lower_bound":-0.06314227197362196,"upper_bound":-0.013720147282116565},"point_estimate":-0.02825028551941411,"standard_error":0.015133216212831533},"Median":{"confidence_interval":{"confidence_level":0.95,"lower_bound":-0.06508802326062038,"upper_bound":-0.005470599152464955},"point_estimate":-0.009205793678735974,"standard_error":0.017885209202115986}}