{"Mean":{"confidence_interval":{"confidence_level":0.95,"lower_bound":30351.612831326343,"upper_bound":31588.355486591314},"point_estimate":30921.3146668496,"standard_error":353.4277499635375},"Median":{"confidence_interval":{"confidence_level":0.95,"lower_bound":29839.08357752343,"upper_bound":31434.734485815603},"point_estimate":31317.401595744683,"standard_error":486.265296335958},"MedianAbsDev":{"confidence_interval":{"confidence_level":0.95,"lower_bound":121.3465197406157,"upper_bound":1895.3719191339949},"point_estimate":952.4485431837427,"standard_error":540.5745345956874},"Slope":{"confidence_interval":{"confidence_level":0.95,"lower_bound":29643.77134332037,"upper_bound":31219.759575246153},"point_estimate":30533.80199871051,"standard_error":460.801858927789},"StdDev":{"confidence_interval":{"confidence_level":0.95,"lower_bound":786.6197503433618,"upper_bound":1341.5603075617025},"point_estimate":1117.3257145174746,"standard_error":165.54051819841985}}