{"Mean":{"confidence_interval":{"confidence_level":0.95,"lower_bound":-0.009426951578280824,"upper_bound":0.1005529169177906},"point_estimate":0.0629454003990495,"standard_error":0.029865318070968504},"Median":{"confidence_interval":{"confidence_level":0.95,"lower_bound":-0.027107902183964135,"upper_bound":0.1877630492090964},"point_estimate":0.082277413255609,"standard_error":0.06764293375480855}}