{"Mean":{"confidence_interval":{"confidence_level":0.95,"lower_bound":20829.77224698599,"upper_bound":22503.417992913},"point_estimate":21632.25633227436,"standard_error":486.4019687864015},"Median":{"confidence_interval":{"confidence_level":0.95,"lower_bound":20522.654123900295,"upper_bound":23388.155553519064},"point_estimate":21636.980571847507,"standard_error":768.0060913055651},"MedianAbsDev":{"confidence_interval":{"confidence_level":0.95,"lower_bound":580.4010103831368,"upper_bound":3016.1196076453757},"point_estimate":2586.435735368244,"standard_error":687.2081741356311},"Slope":{"confidence_interval":{"confidence_level":0.95,"lower_bound":19470.139562358414,"upper_bound":21610.16927882708},"point_estimate":20226.730285257265,"standard_error":601.2878944289367},"StdDev":{"confidence_interval":{"confidence_level":0.95,"lower_bound":1242.4159856879933,"upper_bound":2192.9463147104975},"point_estimate":1896.5812988880632,"standard_error":276.26350205899865}}