{"Mean":{"confidence_interval":{"confidence_level":0.95,"lower_bound":0.23361570688657685,"upper_bound":0.326428115509717},"point_estimate":0.28982925896288947,"standard_error":0.024876718254815407},"Median":{"confidence_interval":{"confidence_level":0.95,"lower_bound":0.24123498599761237,"upper_bound":0.3472394961908775},"point_estimate":0.31326666720497376,"standard_error":0.031370534531676084}}