{"Mean":{"confidence_interval":{"confidence_level":0.95,"lower_bound":371462.429234316,"upper_bound":401277.6290666335},"point_estimate":384149.1101710129,"standard_error":8484.753348830365},"Median":{"confidence_interval":{"confidence_level":0.95,"lower_bound":361402.7181925548,"upper_bound":412778.2785714286},"point_estimate":374790.6198412698,"standard_error":12522.78682813154},"MedianAbsDev":{"confidence_interval":{"confidence_level":0.95,"lower_bound":3567.611747144875,"upper_bound":45334.418857032586},"point_estimate":17235.018833382263,"standard_error":10849.32587179996},"Slope":{"confidence_interval":{"confidence_level":0.95,"lower_bound":365706.2916091445,"upper_bound":375777.9338507408},"point_estimate":370091.9919604205,"standard_error":2649.917694712248},"StdDev":{"confidence_interval":{"confidence_level":0.95,"lower_bound":14471.100510666523,"upper_bound":31935.893875408157},"point_estimate":25886.23322978758,"standard_error":4881.318155672528}}