{"Mean":{"confidence_interval":{"confidence_level":0.95,"lower_bound":457021.48667719355,"upper_bound":472547.29281520064},"point_estimate":463946.8331503527,"standard_error":4427.412428079035},"Median":{"confidence_interval":{"confidence_level":0.95,"lower_bound":457438.20694444445,"upper_bound":475570.50324074074},"point_estimate":468464.4087301587,"standard_error":5774.252740999395},"MedianAbsDev":{"confidence_interval":{"confidence_level":0.95,"lower_bound":1746.5192129097647,"upper_bound":27400.340707702922},"point_estimate":15322.063502608642,"standard_error":6666.759077240962},"Slope":{"confidence_interval":{"confidence_level":0.95,"lower_bound":449310.7323355941,"upper_bound":473502.14559435454},"point_estimate":458731.31378066377,"standard_error":6587.048147819831},"StdDev":{"confidence_interval":{"confidence_level":0.95,"lower_bound":9138.351866111901,"upper_bound":23462.409860666354},"point_estimate":17759.333815391026,"standard_error":3706.933850134801}}