{"Mean":{"confidence_interval":{"confidence_level":0.95,"lower_bound":-0.1309596725557092,"upper_bound":-0.03056993507888118},"point_estimate":-0.07570555534560419,"standard_error":0.02878030103423346},"Median":{"confidence_interval":{"confidence_level":0.95,"lower_bound":-0.1658281585219842,"upper_bound":-0.02290778946175953},"point_estimate":-0.12074731465482258,"standard_error":0.04439243395506093}}