{"Mean":{"confidence_interval":{"confidence_level":0.95,"lower_bound":156657.58933006538,"upper_bound":157827.84018586602},"point_estimate":157207.21798552753,"standard_error":324.981201021879},"Median":{"confidence_interval":{"confidence_level":0.95,"lower_bound":156194.49908088235,"upper_bound":157974.7753267974},"point_estimate":157332.9632352941,"standard_error":479.4480731541013},"MedianAbsDev":{"confidence_interval":{"confidence_level":0.95,"lower_bound":313.53643297530226,"upper_bound":1710.1124192595355},"point_estimate":1324.7551612848615,"standard_error":393.08968539466207},"Slope":{"confidence_interval":{"confidence_level":0.95,"lower_bound":156103.27300606496,"upper_bound":157478.74989575654},"point_estimate":156663.60325948562,"standard_error":423.7548311338621},"StdDev":{"confidence_interval":{"confidence_level":0.95,"lower_bound":761.4497032056038,"upper_bound":1307.1347666719355},"point_estimate":1157.1990661394289,"standard_error":173.26041392070925}}