{"Mean":{"confidence_interval":{"confidence_level":0.95,"lower_bound":4121198.058493552,"upper_bound":4548866.141579861},"point_estimate":4302228.414950397,"standard_error":121624.22896535497},"Median":{"confidence_interval":{"confidence_level":0.95,"lower_bound":4032520.692299107,"upper_bound":4759412.680208334},"point_estimate":4086423.234722222,"standard_error":199687.6838944558},"MedianAbsDev":{"confidence_interval":{"confidence_level":0.95,"lower_bound":23723.085157268542,"upper_bound":577082.9049484804},"point_estimate":129625.8375228479,"standard_error":176013.77433546138},"Slope":{"confidence_interval":{"confidence_level":0.95,"lower_bound":4040027.523658199,"upper_bound":4206663.716704368},"point_estimate":4115777.476623377,"standard_error":47129.50014864607},"StdDev":{"confidence_interval":{"confidence_level":0.95,"lower_bound":219878.28825683205,"upper_bound":452468.1336086477},"point_estimate":385939.1805459006,"standard_error":65599.36206763478}}