{"Mean":{"confidence_interval":{"confidence_level":0.95,"lower_bound":-0.00772761237376976,"upper_bound":0.11249051672562509},"point_estimate":0.054845182675767434,"standard_error":0.0350998396876245},"Median":{"confidence_interval":{"confidence_level":0.95,"lower_bound":-0.009947710650261147,"upper_bound":0.17796075815646603},"point_estimate":0.09993680517082382,"standard_error":0.05126955000219256}}