{"Mean":{"confidence_interval":{"confidence_level":0.95,"lower_bound":27200.20662138205,"upper_bound":29641.913777496382},"point_estimate":28396.277301013026,"standard_error":667.4628861797348},"Median":{"confidence_interval":{"confidence_level":0.95,"lower_bound":25947.65340086831,"upper_bound":30235.520984081042},"point_estimate":29719.27182826821,"standard_error":1254.6077824685372},"MedianAbsDev":{"confidence_interval":{"confidence_level":0.95,"lower_bound":260.6737374506255,"upper_bound":3833.3618944188975},"point_estimate":1825.5887854185523,"standard_error":1018.4499836948512},"Slope":{"confidence_interval":{"confidence_level":0.95,"lower_bound":28586.066220080553,"upper_bound":30060.688895716437},"point_estimate":29669.71723645385,"standard_error":359.2651696412909},"StdDev":{"confidence_interval":{"confidence_level":0.95,"lower_bound":1578.51399224612,"upper_bound":2647.1605345065313},"point_estimate":2449.1628257634106,"standard_error":297.741177289127}}