{"Mean":{"confidence_interval":{"confidence_level":0.95,"lower_bound":280857.1639700293,"upper_bound":293929.70441807644},"point_estimate":287711.44382414373,"standard_error":3543.901302865843},"Median":{"confidence_interval":{"confidence_level":0.95,"lower_bound":280744.783625731,"upper_bound":290071.29530075187},"point_estimate":284317.9418859649,"standard_error":2970.0135076676734},"MedianAbsDev":{"confidence_interval":{"confidence_level":0.95,"lower_bound":383.7646631209983,"upper_bound":10837.180751430542},"point_estimate":7170.924239357308,"standard_error":2789.903338150299},"Slope":{"confidence_interval":{"confidence_level":0.95,"lower_bound":282392.363376971,"upper_bound":288509.5333711307},"point_estimate":285556.5186602871,"standard_error":1776.8901627797338},"StdDev":{"confidence_interval":{"confidence_level":0.95,"lower_bound":3396.337915963438,"upper_bound":16978.1443496734},"point_estimate":12362.132482291878,"standard_error":4601.631055773429}}