{"Mean":{"confidence_interval":{"confidence_level":0.95,"lower_bound":207963.43270878182,"upper_bound":223036.3714277016},"point_estimate":214635.66359697757,"standard_error":4100.790165329715},"Median":{"confidence_interval":{"confidence_level":0.95,"lower_bound":208935.21655821917,"upper_bound":215635.94826320937},"point_estimate":209273.11187214614,"standard_error":4552.762031146845},"MedianAbsDev":{"confidence_interval":{"confidence_level":0.95,"lower_bound":109.1797177371964,"upper_bound":14972.608480373676},"point_estimate":6414.616433606376,"standard_error":4219.247540787131},"Slope":{"confidence_interval":{"confidence_level":0.95,"lower_bound":203563.05240070843,"upper_bound":214353.04105825681},"point_estimate":206885.8308130226,"standard_error":2755.714267446025},"StdDev":{"confidence_interval":{"confidence_level":0.95,"lower_bound":4566.9563164644305,"upper_bound":17542.27503801792},"point_estimate":13945.27167668309,"standard_error":3098.7123807583184}}