{"Mean":{"confidence_interval":{"confidence_level":0.95,"lower_bound":70152716.09733135,"upper_bound":76819141.01903571},"point_estimate":72688274.53329365,"standard_error":1733360.4222964945},"Median":{"confidence_interval":{"confidence_level":0.95,"lower_bound":69125912.6196875,"upper_bound":76176353.596875},"point_estimate":71046616.16666666,"standard_error":1905516.9377329876},"MedianAbsDev":{"confidence_interval":{"confidence_level":0.95,"lower_bound":111516.80422649183,"upper_bound":8724399.077029396},"point_estimate":3301986.838468013,"standard_error":2014206.1261384208},"Slope":{"confidence_interval":{"confidence_level":0.95,"lower_bound":69115105.2376362,"upper_bound":75421062.21926092},"point_estimate":71096299.3948052,"standard_error":1712787.2055535903},"StdDev":{"confidence_interval":{"confidence_level":0.95,"lower_bound":2130282.6739511634,"upper_bound":6865314.516249052},"point_estimate":5180690.0694473265,"standard_error":1614393.8438418042}}