{"Mean":{"confidence_interval":{"confidence_level":0.95,"lower_bound":159747324.76666665,"upper_bound":170926950.24195832},"point_estimate":165424689.11690477,"standard_error":3227182.39414204},"Median":{"confidence_interval":{"confidence_level":0.95,"lower_bound":156926926.65,"upper_bound":172904794.03125},"point_estimate":170148562.64285713,"standard_error":4667093.238412677},"MedianAbsDev":{"confidence_interval":{"confidence_level":0.95,"lower_bound":1127441.6792976523,"upper_bound":15620422.461820055},"point_estimate":7536774.700720514,"standard_error":4474190.886695978},"Slope":{"confidence_interval":{"confidence_level":0.95,"lower_bound":157417971.28113014,"upper_bound":169725245.93232876},"point_estimate":162926479.0909091,"standard_error":3134498.8835101733},"StdDev":{"confidence_interval":{"confidence_level":0.95,"lower_bound":5150790.473273702,"upper_bound":11649753.883265119},"point_estimate":9824240.290060382,"standard_error":2037177.2948579616}}