{"Mean":{"confidence_interval":{"confidence_level":0.95,"lower_bound":3296.8560243420557,"upper_bound":3417.605502440531},"point_estimate":3350.4719893415663,"standard_error":31.035140689174252},"Median":{"confidence_interval":{"confidence_level":0.95,"lower_bound":3257.231202046036,"upper_bound":3290.4722142515543},"point_estimate":3272.39115443617,"standard_error":8.814368223924246},"MedianAbsDev":{"confidence_interval":{"confidence_level":0.95,"lower_bound":65.20169724759126,"upper_bound":112.70235850787681},"point_estimate":95.43772520663315,"standard_error":12.795953047482621},"Slope":{"confidence_interval":{"confidence_level":0.95,"lower_bound":3226.5157693979327,"upper_bound":3273.335017817601},"point_estimate":3246.895907845745,"standard_error":11.959497314117446},"StdDev":{"confidence_interval":{"confidence_level":0.95,"lower_bound":142.22262219391362,"upper_bound":456.7186647664563},"point_estimate":312.9164256902525,"standard_error":83.02523991957639}}