{"Mean":{"confidence_interval":{"confidence_level":0.95,"lower_bound":3468.57359592635,"upper_bound":3651.6353564103083},"point_estimate":3547.8722840137134,"standard_error":49.98107373895928},"Median":{"confidence_interval":{"confidence_level":0.95,"lower_bound":3419.292407131046,"upper_bound":3685.005342491891},"point_estimate":3520.5475100171725,"standard_error":82.21729712745731},"MedianAbsDev":{"confidence_interval":{"confidence_level":0.95,"lower_bound":38.921820731438466,"upper_bound":274.3769233783747},"point_estimate":211.69443547909557,"standard_error":57.9664417925093},"Slope":{"confidence_interval":{"confidence_level":0.95,"lower_bound":3422.097926993115,"upper_bound":3654.8106673117577},"point_estimate":3509.7860807766933,"standard_error":65.90149780355519},"StdDev":{"confidence_interval":{"confidence_level":0.95,"lower_bound":106.88420653144323,"upper_bound":189.9810588404114},"point_estimate":158.31389733185287,"standard_error":22.821569737645003}}