{"Mean":{"confidence_interval":{"confidence_level":0.95,"lower_bound":0.08621881548911933,"upper_bound":0.1799594576424742},"point_estimate":0.12938192723731512,"standard_error":0.025273281407808785},"Median":{"confidence_interval":{"confidence_level":0.95,"lower_bound":0.07487457091342677,"upper_bound":0.2229085350904237},"point_estimate":0.1459019284843288,"standard_error":0.04465374223991333}}