{"Mean":{"confidence_interval":{"confidence_level":0.95,"lower_bound":-0.027172090039577473,"upper_bound":0.05263512218552009},"point_estimate":-0.007461150361687596,"standard_error":0.02323967164515542},"Median":{"confidence_interval":{"confidence_level":0.95,"lower_bound":-0.04500709288264153,"upper_bound":0.04147177696385184},"point_estimate":-0.008896355320469174,"standard_error":0.020836568144099808}}