{"Mean":{"confidence_interval":{"confidence_level":0.95,"lower_bound":2004768.1383338296,"upper_bound":2078311.6264151786},"point_estimate":2040126.8200992062,"standard_error":20683.54152379927},"Median":{"confidence_interval":{"confidence_level":0.95,"lower_bound":1997192.2499131944,"upper_bound":2100000.9959375},"point_estimate":2039448.49375,"standard_error":26654.380391468378},"MedianAbsDev":{"confidence_interval":{"confidence_level":0.95,"lower_bound":15896.741214807847,"upper_bound":108164.04771504807},"point_estimate":53715.23126969717,"standard_error":26730.098707540783},"Slope":{"confidence_interval":{"confidence_level":0.95,"lower_bound":1971180.930888561,"upper_bound":2049474.6721671456},"point_estimate":1995554.9155844157,"standard_error":21634.383598337903},"StdDev":{"confidence_interval":{"confidence_level":0.95,"lower_bound":37897.05366130863,"upper_bound":93913.291555913},"point_estimate":68998.03859063463,"standard_error":15446.36035427465}}