{"Mean":{"confidence_interval":{"confidence_level":0.95,"lower_bound":522491.88085714285,"upper_bound":542675.053208128},"point_estimate":530799.6073316913,"standard_error":5938.994807369723},"Median":{"confidence_interval":{"confidence_level":0.95,"lower_bound":521634.8107881773,"upper_bound":534426.2604166666},"point_estimate":527255.6364942528,"standard_error":3638.677143805438},"MedianAbsDev":{"confidence_interval":{"confidence_level":0.95,"lower_bound":1900.1953982260034,"upper_bound":24864.19273692574},"point_estimate":8990.565056764926,"standard_error":6506.595799973864},"Slope":{"confidence_interval":{"confidence_level":0.95,"lower_bound":519310.70616157947,"upper_bound":528805.824202177},"point_estimate":524639.1975817286,"standard_error":2498.021878688136},"StdDev":{"confidence_interval":{"confidence_level":0.95,"lower_bound":5544.627147611606,"upper_bound":27977.867529092913},"point_estimate":18034.138702184697,"standard_error":6815.513778784589}}