{"Mean":{"confidence_interval":{"confidence_level":0.95,"lower_bound":3989055.9713630956,"upper_bound":4203246.24681994},"point_estimate":4102475.518392856,"standard_error":62344.05431481744},"Median":{"confidence_interval":{"confidence_level":0.95,"lower_bound":3921870.7536458336,"upper_bound":4197474.638125},"point_estimate":4007443.6919642854,"standard_error":83626.04610863012},"MedianAbsDev":{"confidence_interval":{"confidence_level":0.95,"lower_bound":35970.222811400774,"upper_bound":306322.85935390036},"point_estimate":163914.0600774436,"standard_error":77028.88427071618},"Slope":{"confidence_interval":{"confidence_level":0.95,"lower_bound":3916370.3892183737,"upper_bound":4110957.9722513226},"point_estimate":4014313.42012987,"standard_error":55353.94006576502},"StdDev":{"confidence_interval":{"confidence_level":0.95,"lower_bound":108553.63142805,"upper_bound":305150.2097588016},"point_estimate":242332.31381505457,"standard_error":51247.301681703044}}