{"Mean":{"confidence_interval":{"confidence_level":0.95,"lower_bound":17688893.942682542,"upper_bound":18210995.845700398},"point_estimate":17957708.631230157,"standard_error":151158.22591210587},"Median":{"confidence_interval":{"confidence_level":0.95,"lower_bound":17494660.126984127,"upper_bound":18314840.728125},"point_estimate":17959783.541666664,"standard_error":214714.07649828435},"MedianAbsDev":{"confidence_interval":{"confidence_level":0.95,"lower_bound":234559.4346640294,"upper_bound":1370490.736777053},"point_estimate":911425.1021039664,"standard_error":312062.2090015076},"Slope":{"confidence_interval":{"confidence_level":0.95,"lower_bound":17213368.51987247,"upper_bound":17796821.70261379},"point_estimate":17478566.47792208,"standard_error":153756.69193367715},"StdDev":{"confidence_interval":{"confidence_level":0.95,"lower_bound":370069.8151799134,"upper_bound":940729.7246066955},"point_estimate":752255.8185391075,"standard_error":152514.67191694002}}