{"Mean":{"confidence_interval":{"confidence_level":0.95,"lower_bound":-0.05466652165023385,"upper_bound":-0.0015413909936282933},"point_estimate":-0.027900058077514167,"standard_error":0.015236219724237348},"Median":{"confidence_interval":{"confidence_level":0.95,"lower_bound":-0.038026721343131946,"upper_bound":-0.008644029591503566},"point_estimate":-0.01869934179553767,"standard_error":0.007118706758313305}}