{"Mean":{"confidence_interval":{"confidence_level":0.95,"lower_bound":492922.1103955453,"upper_bound":530015.415061828},"point_estimate":508022.6070174092,"standard_error":9943.238314170416},"Median":{"confidence_interval":{"confidence_level":0.95,"lower_bound":482560.39665898617,"upper_bound":550406.9920698925},"point_estimate":496358.14677419356,"standard_error":17082.600540236206},"MedianAbsDev":{"confidence_interval":{"confidence_level":0.95,"lower_bound":5978.734874340094,"upper_bound":54219.14506161129},"point_estimate":24739.306076273406,"standard_error":14052.716254193925},"Slope":{"confidence_interval":{"confidence_level":0.95,"lower_bound":482874.4072917898,"upper_bound":505640.0859853263},"point_estimate":492011.28822790115,"standard_error":6288.827076303843},"StdDev":{"confidence_interval":{"confidence_level":0.95,"lower_bound":21058.27627776761,"upper_bound":39939.07815226338},"point_estimate":34923.39737139788,"standard_error":5689.244132935472}}