{"Mean":{"confidence_interval":{"confidence_level":0.95,"lower_bound":17502612.3426002,"upper_bound":18270573.0990625},"point_estimate":17888867.971150793,"standard_error":212076.23996604554},"Median":{"confidence_interval":{"confidence_level":0.95,"lower_bound":17395987.5765625,"upper_bound":18293056.154166665},"point_estimate":18031582.85714286,"standard_error":259542.76345008335},"MedianAbsDev":{"confidence_interval":{"confidence_level":0.95,"lower_bound":83424.51499391787,"upper_bound":1389019.0517434177},"point_estimate":396732.13925659563,"standard_error":353631.63514991215},"Slope":{"confidence_interval":{"confidence_level":0.95,"lower_bound":16993822.08174994,"upper_bound":18117372.775506124},"point_estimate":17355450.61038961,"standard_error":311543.76104831166},"StdDev":{"confidence_interval":{"confidence_level":0.95,"lower_bound":389746.34472662467,"upper_bound":1030851.626055806},"point_estimate":794788.9434661707,"standard_error":176149.68539163982}}