{"Mean":{"confidence_interval":{"confidence_level":0.95,"lower_bound":-0.0002445139752247942,"upper_bound":0.05068509570914901},"point_estimate":0.021033810554946575,"standard_error":0.014625855607985122},"Median":{"confidence_interval":{"confidence_level":0.95,"lower_bound":-0.012152922929725285,"upper_bound":0.05829340773362527},"point_estimate":0.0021698969248467037,"standard_error":0.022674668292745497}}