{"Mean":{"confidence_interval":{"confidence_level":0.95,"lower_bound":32956736.185125005,"upper_bound":34658894.034369044},"point_estimate":33919558.98214286,"standard_error":525761.2608859525},"Median":{"confidence_interval":{"confidence_level":0.95,"lower_bound":32427645.8,"upper_bound":34535619.68375},"point_estimate":33182455.25,"standard_error":595871.2627593983},"MedianAbsDev":{"confidence_interval":{"confidence_level":0.95,"lower_bound":377026.91597918316,"upper_bound":2473569.9626131067},"point_estimate":1232542.9571279879,"standard_error":613508.2141931728},"Slope":{"confidence_interval":{"confidence_level":0.95,"lower_bound":32483557.142392192,"upper_bound":35906068.106552534},"point_estimate":34570282.08571429,"standard_error":926626.5668373838},"StdDev":{"confidence_interval":{"confidence_level":0.95,"lower_bound":1094169.748178637,"upper_bound":2628841.5281674773},"point_estimate":2081843.461185507,"standard_error":406786.30898094934}}