{"Mean":{"confidence_interval":{"confidence_level":0.95,"lower_bound":42261.83508022933,"upper_bound":48056.41041418955},"point_estimate":44850.42000243452,"standard_error":1485.2005896987214},"Median":{"confidence_interval":{"confidence_level":0.95,"lower_bound":41755.29542689162,"upper_bound":49850.86643660531},"point_estimate":42984.14729404032,"standard_error":2071.7680651991896},"MedianAbsDev":{"confidence_interval":{"confidence_level":0.95,"lower_bound":496.5476401530803,"upper_bound":4761.296589671657},"point_estimate":2104.4115795564107,"standard_error":1134.9775569690846},"Slope":{"confidence_interval":{"confidence_level":0.95,"lower_bound":41827.650431006674,"upper_bound":43662.65677483216},"point_estimate":42601.31118635965,"standard_error":479.3225131719987},"StdDev":{"confidence_interval":{"confidence_level":0.95,"lower_bound":957.316319502469,"upper_bound":5275.574408750391},"point_estimate":4385.855739833583,"standard_error":1115.8268352422551}}