{"Mean":{"confidence_interval":{"confidence_level":0.95,"lower_bound":4099106.3758229166,"upper_bound":4487988.02789881},"point_estimate":4260236.990297619,"standard_error":107910.48388616422},"Median":{"confidence_interval":{"confidence_level":0.95,"lower_bound":4016259.4589583334,"upper_bound":4590892.916666667},"point_estimate":4074790.34375,"standard_error":181919.68319708473},"MedianAbsDev":{"confidence_interval":{"confidence_level":0.95,"lower_bound":18049.62815555526,"upper_bound":492927.4314886332},"point_estimate":92106.20522353795,"standard_error":142348.35380666857},"Slope":{"confidence_interval":{"confidence_level":0.95,"lower_bound":4045860.983040185,"upper_bound":4129062.751640965},"point_estimate":4065960.7642857144,"standard_error":22676.63603223703},"StdDev":{"confidence_interval":{"confidence_level":0.95,"lower_bound":187533.37137837693,"upper_bound":392868.82326546125},"point_estimate":347600.2107075891,"standard_error":55337.39823209337}}