{"Mean":{"confidence_interval":{"confidence_level":0.95,"lower_bound":-0.040323656376574646,"upper_bound":-0.0018067730694320493},"point_estimate":-0.024791093974004474,"standard_error":0.01090510643588718},"Median":{"confidence_interval":{"confidence_level":0.95,"lower_bound":-0.043088501298720445,"upper_bound":0.0018844978673175916},"point_estimate":-0.011571612950959542,"standard_error":0.011999044165684368}}