{"Mean":{"confidence_interval":{"confidence_level":0.95,"lower_bound":69792107.40365973,"upper_bound":75456715.12563294},"point_estimate":72582873.29448412,"standard_error":1603323.1191802097},"Median":{"confidence_interval":{"confidence_level":0.95,"lower_bound":69455070.5,"upper_bound":76345953.52380952},"point_estimate":70437572.6875,"standard_error":2453296.270756015},"MedianAbsDev":{"confidence_interval":{"confidence_level":0.95,"lower_bound":311100.53949363506,"upper_bound":7780685.415873214},"point_estimate":4738278.005826246,"standard_error":2142025.850915717},"Slope":{"confidence_interval":{"confidence_level":0.95,"lower_bound":68451094.78265965,"upper_bound":74073149.11590737},"point_estimate":70730693.02857143,"standard_error":1616285.9054727787},"StdDev":{"confidence_interval":{"confidence_level":0.95,"lower_bound":2992069.0219039866,"upper_bound":5696042.429020442},"point_estimate":4829982.954480271,"standard_error":780595.4506317786}}