{"Mean":{"confidence_interval":{"confidence_level":0.95,"lower_bound":93343817.0279405,"upper_bound":100803383.27053769},"point_estimate":96946936.05484127,"standard_error":2008890.9191421224},"Median":{"confidence_interval":{"confidence_level":0.95,"lower_bound":90401328.75178573,"upper_bound":104354612.2375},"point_estimate":94673536.125,"standard_error":4164201.7242855444},"MedianAbsDev":{"confidence_interval":{"confidence_level":0.95,"lower_bound":722933.1627733745,"upper_bound":11784958.528450541},"point_estimate":7011016.274721244,"standard_error":3865563.5279004127},"Slope":{"confidence_interval":{"confidence_level":0.95,"lower_bound":91241114.06563346,"upper_bound":95740838.68992396},"point_estimate":93180764.6935065,"standard_error":1219020.6325926192},"StdDev":{"confidence_interval":{"confidence_level":0.95,"lower_bound":4950732.590980846,"upper_bound":8732438.392506171},"point_estimate":7304576.588856108,"standard_error":1061878.7013246838}}