{"Mean":{"confidence_interval":{"confidence_level":0.95,"lower_bound":493366248.55374205,"upper_bound":525753779.1669861},"point_estimate":508595326.2784921,"standard_error":8694418.547743201},"Median":{"confidence_interval":{"confidence_level":0.95,"lower_bound":485777330.0821429,"upper_bound":541609825.0809722},"point_estimate":493969602.8,"standard_error":14840292.71507489},"MedianAbsDev":{"confidence_interval":{"confidence_level":0.95,"lower_bound":2516351.5217783535,"upper_bound":41970033.74135827},"point_estimate":21047165.46511813,"standard_error":11244350.15575114},"Slope":{"confidence_interval":{"confidence_level":0.95,"lower_bound":498820340.2704663,"upper_bound":535576789.86016595},"point_estimate":518232048.9168831,"standard_error":10758982.510767344},"StdDev":{"confidence_interval":{"confidence_level":0.95,"lower_bound":17347144.416230723,"upper_bound":32507854.223317105},"point_estimate":28957306.859257028,"standard_error":4936410.229741829}}