{"Mean":{"confidence_interval":{"confidence_level":0.95,"lower_bound":-0.050922150890159217,"upper_bound":0.07461520094831521},"point_estimate":0.0008133102300764694,"standard_error":0.035305469769860515},"Median":{"confidence_interval":{"confidence_level":0.95,"lower_bound":-0.07879765959426022,"upper_bound":0.09348877371897091},"point_estimate":0.004112200766966723,"standard_error":0.04018838115472611}}