{"Mean":{"confidence_interval":{"confidence_level":0.95,"lower_bound":9442096.871931547,"upper_bound":10043403.119916666},"point_estimate":9760790.651845237,"standard_error":176402.8596179376},"Median":{"confidence_interval":{"confidence_level":0.95,"lower_bound":9320371.666666666,"upper_bound":10129980.77453125},"point_estimate":9528240.885416668,"standard_error":255374.6256464423},"MedianAbsDev":{"confidence_interval":{"confidence_level":0.95,"lower_bound":175462.57334804238,"upper_bound":979154.303437817},"point_estimate":444819.3427778785,"standard_error":228478.46813953013},"Slope":{"confidence_interval":{"confidence_level":0.95,"lower_bound":9249746.366446935,"upper_bound":9995907.240927642},"point_estimate":9644031.767532468,"standard_error":242531.972193895},"StdDev":{"confidence_interval":{"confidence_level":0.95,"lower_bound":315741.98573553166,"upper_bound":787544.9595582699},"point_estimate":645336.4447185515,"standard_error":121629.10957594405}}