{"Mean":{"confidence_interval":{"confidence_level":0.95,"lower_bound":-0.07141870201619781,"upper_bound":-0.02148360786973953},"point_estimate":-0.043851668407759004,"standard_error":0.01427406887985405},"Median":{"confidence_interval":{"confidence_level":0.95,"lower_bound":-0.07321527791592773,"upper_bound":-0.02325878841945339},"point_estimate":-0.03327550413167102,"standard_error":0.012663425957500116}}