{"Mean":{"confidence_interval":{"confidence_level":0.95,"lower_bound":4206509.3950446425,"upper_bound":4719334.038334821},"point_estimate":4555686.446517857,"standard_error":139027.515292231},"Median":{"confidence_interval":{"confidence_level":0.95,"lower_bound":4083092.865859375,"upper_bound":4805227.501041666},"point_estimate":4614398.4375,"standard_error":184497.30028695372},"MedianAbsDev":{"confidence_interval":{"confidence_level":0.95,"lower_bound":57641.279623537965,"upper_bound":697717.7188362528},"point_estimate":384162.1315922588,"standard_error":181134.05756053666},"Slope":{"confidence_interval":{"confidence_level":0.95,"lower_bound":4070751.3948231754,"upper_bound":4529462.574199531},"point_estimate":4254035.55,"standard_error":129125.30404727929},"StdDev":{"confidence_interval":{"confidence_level":0.95,"lower_bound":257135.894274582,"upper_bound":513034.6915769636},"point_estimate":413547.1854783914,"standard_error":70851.22869197805}}