{"Mean":{"confidence_interval":{"confidence_level":0.95,"lower_bound":6762488.267394842,"upper_bound":7121825.018958333},"point_estimate":6949214.920317459,"standard_error":91624.22212335723},"Median":{"confidence_interval":{"confidence_level":0.95,"lower_bound":6793363.458333334,"upper_bound":7188404.716666666},"point_estimate":6866200.861111112,"standard_error":110083.8030729523},"MedianAbsDev":{"confidence_interval":{"confidence_level":0.95,"lower_bound":12459.11845255706,"upper_bound":431465.6819668278},"point_estimate":189693.4157572689,"standard_error":128456.39900042205},"Slope":{"confidence_interval":{"confidence_level":0.95,"lower_bound":6758453.57076432,"upper_bound":7250979.109005191},"point_estimate":7060346.314285714,"standard_error":133986.54002533972},"StdDev":{"confidence_interval":{"confidence_level":0.95,"lower_bound":158658.59885311377,"upper_bound":327263.89868816885},"point_estimate":264730.1316459331,"standard_error":49283.94488717354}}