{"Mean":{"confidence_interval":{"confidence_level":0.95,"lower_bound":24754.131940831376,"upper_bound":26921.952622694367},"point_estimate":25594.959474083873,"standard_error":587.0184568117895},"Median":{"confidence_interval":{"confidence_level":0.95,"lower_bound":24185.09475308642,"upper_bound":27628.506463798865},"point_estimate":24496.625707304527,"standard_error":850.6765432778838},"MedianAbsDev":{"confidence_interval":{"confidence_level":0.95,"lower_bound":86.18594264427581,"upper_bound":2997.9049037523087},"point_estimate":544.2077707473311,"standard_error":805.4396278373216},"Slope":{"confidence_interval":{"confidence_level":0.95,"lower_bound":24181.28339448371,"upper_bound":24848.067227310406},"point_estimate":24430.711499919835,"standard_error":183.6519879593139},"StdDev":{"confidence_interval":{"confidence_level":0.95,"lower_bound":1224.257281370761,"upper_bound":2582.3028418562603},"point_estimate":2115.5068774807637,"standard_error":381.7639860248161}}