{"Mean":{"confidence_interval":{"confidence_level":0.95,"lower_bound":2006.0793740526738,"upper_bound":2055.2672186461214},"point_estimate":2029.6543162920757,"standard_error":12.579658105725535},"Median":{"confidence_interval":{"confidence_level":0.95,"lower_bound":1969.334093665917,"upper_bound":1974.9090247452693},"point_estimate":1971.932600538839,"standard_error":1.5684369075521922},"MedianAbsDev":{"confidence_interval":{"confidence_level":0.95,"lower_bound":13.691900029163001,"upper_bound":40.17326729858638},"point_estimate":25.49183747339013,"standard_error":6.54055985983503},"Slope":{"confidence_interval":{"confidence_level":0.95,"lower_bound":2003.6765825257464,"upper_bound":2069.502631428675},"point_estimate":2034.1819057615205,"standard_error":16.89142912241592},"StdDev":{"confidence_interval":{"confidence_level":0.95,"lower_bound":99.00320294564798,"upper_bound":151.64820787094308},"point_estimate":126.59852551498082,"standard_error":13.484988933210287}}