{"Mean":{"confidence_interval":{"confidence_level":0.95,"lower_bound":130074.28832595646,"upper_bound":139695.00030555556},"point_estimate":135861.9074094424,"standard_error":2418.217870670897},"Median":{"confidence_interval":{"confidence_level":0.95,"lower_bound":132779.0778792735,"upper_bound":138766.85042735044},"point_estimate":135282.0292022792,"standard_error":2176.440235866209},"MedianAbsDev":{"confidence_interval":{"confidence_level":0.95,"lower_bound":570.0590615695894,"upper_bound":8716.08298506629},"point_estimate":4081.1528419467504,"standard_error":2341.823474199766},"Slope":{"confidence_interval":{"confidence_level":0.95,"lower_bound":129783.65389412174,"upper_bound":136016.82802351698},"point_estimate":133528.95746475746,"standard_error":1640.2349905594285},"StdDev":{"confidence_interval":{"confidence_level":0.95,"lower_bound":3172.3344039223207,"upper_bound":9027.707759023095},"point_estimate":6848.634946658704,"standard_error":1444.3235079488582}}