{"Mean":{"confidence_interval":{"confidence_level":0.95,"lower_bound":-0.06508666923272241,"upper_bound":-0.029732116161584558},"point_estimate":-0.04924466755946466,"standard_error":0.010878451255670838},"Median":{"confidence_interval":{"confidence_level":0.95,"lower_bound":-0.0742679650318452,"upper_bound":-0.034828771266591875},"point_estimate":-0.05319699490037788,"standard_error":0.009568854553504376}}