{"Mean":{"confidence_interval":{"confidence_level":0.95,"lower_bound":68075932.04641667,"upper_bound":77728895.34478572},"point_estimate":72371712.96845238,"standard_error":2687178.3785446403},"Median":{"confidence_interval":{"confidence_level":0.95,"lower_bound":66179163.7,"upper_bound":78171198.33333333},"point_estimate":66906989.233333334,"standard_error":3780665.967676367},"MedianAbsDev":{"confidence_interval":{"confidence_level":0.95,"lower_bound":253909.26371790151,"upper_bound":14874558.890333692},"point_estimate":1480219.4052608565,"standard_error":4280526.537815871},"Slope":{"confidence_interval":{"confidence_level":0.95,"lower_bound":66333991.381962046,"upper_bound":70259388.33168037},"point_estimate":67210046.4,"standard_error":924842.8345352405},"StdDev":{"confidence_interval":{"confidence_level":0.95,"lower_bound":4964623.987203755,"upper_bound":11397271.011681084},"point_estimate":9233568.782807017,"standard_error":1947876.0286361696}}