{"Mean":{"confidence_interval":{"confidence_level":0.95,"lower_bound":60244.25760675382,"upper_bound":62059.51356459694},"point_estimate":60972.057309368196,"standard_error":487.6180686678975},"Median":{"confidence_interval":{"confidence_level":0.95,"lower_bound":59329.45748039216,"upper_bound":61893.48503676471},"point_estimate":60300.10631808279,"standard_error":699.9834423085583},"MedianAbsDev":{"confidence_interval":{"confidence_level":0.95,"lower_bound":322.4291075894605,"upper_bound":2595.20346074946},"point_estimate":1760.1785424760742,"standard_error":556.6692975567328},"Slope":{"confidence_interval":{"confidence_level":0.95,"lower_bound":59672.39370623899,"upper_bound":60954.82571722275},"point_estimate":60206.363738222564,"standard_error":384.3298949957223},"StdDev":{"confidence_interval":{"confidence_level":0.95,"lower_bound":1094.2499501902455,"upper_bound":2494.1834570293076},"point_estimate":2036.8702730378636,"standard_error":414.6938734004296}}