{"Mean":{"confidence_interval":{"confidence_level":0.95,"lower_bound":17292350.979681548,"upper_bound":18524541.798660714},"point_estimate":17830672.089007936,"standard_error":333011.2592554234},"Median":{"confidence_interval":{"confidence_level":0.95,"lower_bound":16730008.621428572,"upper_bound":18722032.925},"point_estimate":18083849.566666666,"standard_error":486707.5181882027},"MedianAbsDev":{"confidence_interval":{"confidence_level":0.95,"lower_bound":396535.5795497127,"upper_bound":2148187.187522054},"point_estimate":1684178.639769851,"standard_error":530510.5769898224},"Slope":{"confidence_interval":{"confidence_level":0.95,"lower_bound":16571712.041846616,"upper_bound":17837359.88054734},"point_estimate":16924715.91688312,"standard_error":347119.4185768633},"StdDev":{"confidence_interval":{"confidence_level":0.95,"lower_bound":877541.8255479827,"upper_bound":1599526.9458468454},"point_estimate":1328655.6826845803,"standard_error":205591.37751600312}}