{"Mean":{"confidence_interval":{"confidence_level":0.95,"lower_bound":9026441.881660715,"upper_bound":9669641.03862103},"point_estimate":9326806.651448412,"standard_error":179858.3036061641},"Median":{"confidence_interval":{"confidence_level":0.95,"lower_bound":8871453.646825396,"upper_bound":9690799.7825},"point_estimate":9108639.866666667,"standard_error":223309.8179847749},"MedianAbsDev":{"confidence_interval":{"confidence_level":0.95,"lower_bound":71762.59756308474,"upper_bound":1018901.2517705123},"point_estimate":406910.44400089595,"standard_error":257702.13385733688},"Slope":{"confidence_interval":{"confidence_level":0.95,"lower_bound":8841564.081101809,"upper_bound":9491738.90836983},"point_estimate":9136209.498701299,"standard_error":186433.2476097092},"StdDev":{"confidence_interval":{"confidence_level":0.95,"lower_bound":281179.95898057433,"upper_bound":711877.8018107188},"point_estimate":580674.8674055234,"standard_error":119206.95234544885}}