{"Mean":{"confidence_interval":{"confidence_level":0.95,"lower_bound":26249.922401289685,"upper_bound":28941.771233961637},"point_estimate":27610.698706538173,"standard_error":788.6405304949128},"Median":{"confidence_interval":{"confidence_level":0.95,"lower_bound":25325.30153935185,"upper_bound":29104.2251984127},"point_estimate":26100.191680839,"standard_error":1420.1113171585064},"MedianAbsDev":{"confidence_interval":{"confidence_level":0.95,"lower_bound":62.19941030546042,"upper_bound":5367.59842296104},"point_estimate":1659.3937169684436,"standard_error":1640.9174175484795},"Slope":{"confidence_interval":{"confidence_level":0.95,"lower_bound":25299.078936071957,"upper_bound":26664.30667742479},"point_estimate":25761.416022469595,"standard_error":379.85836459846485},"StdDev":{"confidence_interval":{"confidence_level":0.95,"lower_bound":1907.9177541104925,"upper_bound":3593.849186365391},"point_estimate":2971.6575597403503,"standard_error":501.9615273290122}}