{"Mean":{"confidence_interval":{"confidence_level":0.95,"lower_bound":170531.9593750847,"upper_bound":173793.45272380003},"point_estimate":172013.96319999715,"standard_error":836.8973206364515},"Median":{"confidence_interval":{"confidence_level":0.95,"lower_bound":168866.59298245615,"upper_bound":169737.99204168096},"point_estimate":169373.1780952381,"standard_error":207.55232557152027},"MedianAbsDev":{"confidence_interval":{"confidence_level":0.95,"lower_bound":1254.3368155841833,"upper_bound":2450.9139236056644},"point_estimate":1862.775936427708,"standard_error":313.0484301897451},"Slope":{"confidence_interval":{"confidence_level":0.95,"lower_bound":170096.8087192281,"upper_bound":172754.34669935328},"point_estimate":171265.30468203538,"standard_error":683.8723460786475},"StdDev":{"confidence_interval":{"confidence_level":0.95,"lower_bound":4744.1452874458555,"upper_bound":11732.774575010031},"point_estimate":8422.927440300338,"standard_error":1814.9768960476738}}