{"Mean":{"confidence_interval":{"confidence_level":0.95,"lower_bound":-0.036262542654440094,"upper_bound":-0.013144062964920633},"point_estimate":-0.02537252257504974,"standard_error":0.007022350527662075},"Median":{"confidence_interval":{"confidence_level":0.95,"lower_bound":-0.04787648172995502,"upper_bound":-0.018777668730855256},"point_estimate":-0.026786417797430517,"standard_error":0.007128477418627512}}