{"Mean":{"confidence_interval":{"confidence_level":0.95,"lower_bound":-0.07706524230448547,"upper_bound":-0.01213283495571719},"point_estimate":-0.05177015039294719,"standard_error":0.01920544828999912},"Median":{"confidence_interval":{"confidence_level":0.95,"lower_bound":-0.09535607679690755,"upper_bound":-0.02252767330056725},"point_estimate":-0.06806888639581199,"standard_error":0.018823838099669796}}