{"Mean":{"confidence_interval":{"confidence_level":0.95,"lower_bound":22084.075694861676,"upper_bound":22543.289797001737},"point_estimate":22298.125605292258,"standard_error":117.11122238588938},"Median":{"confidence_interval":{"confidence_level":0.95,"lower_bound":21722.653110047846,"upper_bound":21965.674158515532},"point_estimate":21812.149756493505,"standard_error":68.98938703910822},"MedianAbsDev":{"confidence_interval":{"confidence_level":0.95,"lower_bound":231.48570945091237,"upper_bound":499.350197547098},"point_estimate":345.54767611872137,"standard_error":70.25733602500877},"Slope":{"confidence_interval":{"confidence_level":0.95,"lower_bound":21788.355674504426,"upper_bound":21967.809636189206},"point_estimate":21870.54659732391,"standard_error":46.02048444074802},"StdDev":{"confidence_interval":{"confidence_level":0.95,"lower_bound":821.1245221939402,"upper_bound":1527.723514783226},"point_estimate":1175.2960130793438,"standard_error":184.2107963546188}}