{"Mean":{"confidence_interval":{"confidence_level":0.95,"lower_bound":-0.049983463459693095,"upper_bound":0.06975622829465869},"point_estimate":0.005617856900573148,"standard_error":0.035943234879479154},"Median":{"confidence_interval":{"confidence_level":0.95,"lower_bound":-0.07049572768621498,"upper_bound":0.10919539487746904},"point_estimate":-0.004638004315439925,"standard_error":0.04629175504415337}}