{"Mean":{"confidence_interval":{"confidence_level":0.95,"lower_bound":-0.031567166489736204,"upper_bound":-0.002751033757181311},"point_estimate":-0.012043945850325088,"standard_error":0.007997960957359652},"Median":{"confidence_interval":{"confidence_level":0.95,"lower_bound":-0.036891551703146876,"upper_bound":0.010430503718511418},"point_estimate":-0.011103267740938394,"standard_error":0.014811488420607238}}