{"Mean":{"confidence_interval":{"confidence_level":0.95,"lower_bound":167459707.49467957,"upper_bound":175421606.43922916},"point_estimate":171330743.8845635,"standard_error":2449054.296002035},"Median":{"confidence_interval":{"confidence_level":0.95,"lower_bound":165849673.2625,"upper_bound":175278211.0833333},"point_estimate":167312929.07142857,"standard_error":3554382.750936381},"MedianAbsDev":{"confidence_interval":{"confidence_level":0.95,"lower_bound":1187532.5580541422,"upper_bound":13561324.10703558},"point_estimate":3863332.79292546,"standard_error":3638226.404037111},"Slope":{"confidence_interval":{"confidence_level":0.95,"lower_bound":165676798.10290942,"upper_bound":170093362.57125345},"point_estimate":166820176.19220778,"standard_error":1267534.8161671155},"StdDev":{"confidence_interval":{"confidence_level":0.95,"lower_bound":5156151.480623599,"upper_bound":9733145.168408595},"point_estimate":8521360.958563322,"standard_error":1251933.7344891655}}