{"Mean":{"confidence_interval":{"confidence_level":0.95,"lower_bound":-0.05935931677551826,"upper_bound":0.0437085760488157},"point_estimate":-0.023491507478874185,"standard_error":0.02781490397465674},"Median":{"confidence_interval":{"confidence_level":0.95,"lower_bound":-0.08508185938822475,"upper_bound":0.042894592429502026},"point_estimate":-0.033956320344529,"standard_error":0.029438615854654793}}