{"Mean":{"confidence_interval":{"confidence_level":0.95,"lower_bound":367790.1212681547,"upper_bound":391545.27119523805},"point_estimate":379612.7030119047,"standard_error":7403.054331823181},"Median":{"confidence_interval":{"confidence_level":0.95,"lower_bound":363542.77165625,"upper_bound":383041.1057738095},"point_estimate":377197.5,"standard_error":6264.393812218288},"MedianAbsDev":{"confidence_interval":{"confidence_level":0.95,"lower_bound":2301.8253423282126,"upper_bound":19805.229232430644},"point_estimate":18121.779324524083,"standard_error":5031.48448416092},"Slope":{"confidence_interval":{"confidence_level":0.95,"lower_bound":357469.1019721768,"upper_bound":378739.5850428369},"point_estimate":365823.21324675326,"standard_error":5545.169812314399},"StdDev":{"confidence_interval":{"confidence_level":0.95,"lower_bound":9805.234192122123,"upper_bound":37013.86469699848},"point_estimate":27631.27782663417,"standard_error":9479.369874666376}}