{"Mean":{"confidence_interval":{"confidence_level":0.95,"lower_bound":0.04701629041401235,"upper_bound":0.2039100141659897},"point_estimate":0.10958643590949313,"standard_error":0.044741588633383796},"Median":{"confidence_interval":{"confidence_level":0.95,"lower_bound":0.05669739838606839,"upper_bound":0.25545905288867654},"point_estimate":0.15845753151877084,"standard_error":0.05195643400465477}}