{"Mean":{"confidence_interval":{"confidence_level":0.95,"lower_bound":-0.10480411485507285,"upper_bound":-0.0046998304690882295},"point_estimate":-0.05429546983254363,"standard_error":0.02465367249189728},"Median":{"confidence_interval":{"confidence_level":0.95,"lower_bound":-0.09532722021325282,"upper_bound":0.0025347308928820563},"point_estimate":-0.014640118399673052,"standard_error":0.02620807108140303}}