{"Mean":{"confidence_interval":{"confidence_level":0.95,"lower_bound":0.0037062492496791246,"upper_bound":0.06492162716791001},"point_estimate":0.0328172794319499,"standard_error":0.01809912560463289},"Median":{"confidence_interval":{"confidence_level":0.95,"lower_bound":-0.02096244508035922,"upper_bound":0.04236769383944415},"point_estimate":0.011834439643662709,"standard_error":0.020611778040020467}}