{"Mean":{"confidence_interval":{"confidence_level":0.95,"lower_bound":307900.2499429057,"upper_bound":322190.7441167193},"point_estimate":315050.53686183994,"standard_error":4042.9085451112583},"Median":{"confidence_interval":{"confidence_level":0.95,"lower_bound":316366.25794005103,"upper_bound":321162.4602040816},"point_estimate":316718.0045351474,"standard_error":1502.6130531593844},"MedianAbsDev":{"confidence_interval":{"confidence_level":0.95,"lower_bound":253.3371798178491,"upper_bound":24936.140026957037},"point_estimate":6589.34985777752,"standard_error":7993.512169921489},"Slope":{"confidence_interval":{"confidence_level":0.95,"lower_bound":307881.6844626363,"upper_bound":326936.11063276813},"point_estimate":316480.67431751924,"standard_error":4828.742419217755},"StdDev":{"confidence_interval":{"confidence_level":0.95,"lower_bound":6282.8684230740855,"upper_bound":19741.28712298169},"point_estimate":15936.98864876335,"standard_error":3646.6065956347547}}