{"Mean":{"confidence_interval":{"confidence_level":0.95,"lower_bound":89609.36312285054,"upper_bound":96885.87577876984},"point_estimate":92839.26130291005,"standard_error":2155.817546082664},"Median":{"confidence_interval":{"confidence_level":0.95,"lower_bound":88468.86520089286,"upper_bound":98025.99603174604},"point_estimate":89600.23630952381,"standard_error":2926.02670721477},"MedianAbsDev":{"confidence_interval":{"confidence_level":0.95,"lower_bound":817.7059640140579,"upper_bound":11691.796806429105},"point_estimate":4507.000226234751,"standard_error":2907.3278832663973},"Slope":{"confidence_interval":{"confidence_level":0.95,"lower_bound":87127.43136909895,"upper_bound":90844.59520634272},"point_estimate":88721.66071428571,"standard_error":982.8087406994632},"StdDev":{"confidence_interval":{"confidence_level":0.95,"lower_bound":3721.3641454767994,"upper_bound":8420.089295143598},"point_estimate":6828.735162308911,"standard_error":1356.8177186930895}}