{"Mean":{"confidence_interval":{"confidence_level":0.95,"lower_bound":9291151.57011508,"upper_bound":10126952.273467261},"point_estimate":9646206.669960316,"standard_error":233047.4318177473},"Median":{"confidence_interval":{"confidence_level":0.95,"lower_bound":9143574.041666668,"upper_bound":10043703.0},"point_estimate":9516588.5625,"standard_error":257918.43939938105},"MedianAbsDev":{"confidence_interval":{"confidence_level":0.95,"lower_bound":203005.74578467707,"upper_bound":1132213.995863558},"point_estimate":811667.7027650177,"standard_error":246986.06701672962},"Slope":{"confidence_interval":{"confidence_level":0.95,"lower_bound":9132040.161552172,"upper_bound":9854260.545713622},"point_estimate":9458847.7,"standard_error":220833.62781165657},"StdDev":{"confidence_interval":{"confidence_level":0.95,"lower_bound":458128.9906596013,"upper_bound":863702.8688421072},"point_estimate":761488.7879994453,"standard_error":127279.23022439898}}