{"Mean":{"confidence_interval":{"confidence_level":0.95,"lower_bound":96908.45298905633,"upper_bound":100374.25149273795},"point_estimate":98555.59990531438,"standard_error":884.432505542053},"Median":{"confidence_interval":{"confidence_level":0.95,"lower_bound":93572.60909090909,"upper_bound":95872.75294117647},"point_estimate":94261.19290296712,"standard_error":618.2939508136773},"MedianAbsDev":{"confidence_interval":{"confidence_level":0.95,"lower_bound":1908.1835056120417,"upper_bound":6083.138951190933},"point_estimate":3090.4558855724918,"standard_error":1038.864020655314},"Slope":{"confidence_interval":{"confidence_level":0.95,"lower_bound":98515.57322585935,"upper_bound":103503.73991849182},"point_estimate":100922.69006620364,"standard_error":1269.0363016738452},"StdDev":{"confidence_interval":{"confidence_level":0.95,"lower_bound":6611.67839997199,"upper_bound":10912.759773133359},"point_estimate":8843.745247056579,"standard_error":1102.245842304938}}