{"Mean":{"confidence_interval":{"confidence_level":0.95,"lower_bound":4165.86322501338,"upper_bound":4821.622431562751},"point_estimate":4457.949382706611,"standard_error":173.7543665213486},"Median":{"confidence_interval":{"confidence_level":0.95,"lower_bound":4088.7427080545895,"upper_bound":4904.744153063955},"point_estimate":4131.068121870102,"standard_error":244.80576672201164},"MedianAbsDev":{"confidence_interval":{"confidence_level":0.95,"lower_bound":17.456680945099144,"upper_bound":1015.962309571515},"point_estimate":104.84147988875846,"standard_error":263.7273232359243},"Slope":{"confidence_interval":{"confidence_level":0.95,"lower_bound":4112.722983225951,"upper_bound":5128.848878231916},"point_estimate":4811.709844343508,"standard_error":270.1882974752997},"StdDev":{"confidence_interval":{"confidence_level":0.95,"lower_bound":256.938499200058,"upper_bound":710.1704910689534},"point_estimate":585.6381394286122,"standard_error":144.76517174854652}}