{"Mean":{"confidence_interval":{"confidence_level":0.95,"lower_bound":181720322.82984522,"upper_bound":184072539.55344048},"point_estimate":182871294.19035715,"standard_error":788588.2151469394},"Median":{"confidence_interval":{"confidence_level":0.95,"lower_bound":181306567.73541668,"upper_bound":183960429.08982143},"point_estimate":182372477.8809524,"standard_error":838937.1446596229},"MedianAbsDev":{"confidence_interval":{"confidence_level":0.95,"lower_bound":710064.376465899,"upper_bound":3771406.872594154},"point_estimate":2279479.8933686456,"standard_error":875163.1951137886},"Slope":{"confidence_interval":{"confidence_level":0.95,"lower_bound":181291086.8135578,"upper_bound":182381503.5395617},"point_estimate":181770844.2025974,"standard_error":316449.76349742373},"StdDev":{"confidence_interval":{"confidence_level":0.95,"lower_bound":1456451.8367423222,"upper_bound":2944846.784889691},"point_estimate":2450265.6155186063,"standard_error":444307.15474820515}}