{"Mean":{"confidence_interval":{"confidence_level":0.95,"lower_bound":-0.04137721954629765,"upper_bound":0.14793462026073786},"point_estimate":0.02270534510816713,"standard_error":0.05071832037784987},"Median":{"confidence_interval":{"confidence_level":0.95,"lower_bound":-0.11202168062348206,"upper_bound":0.2653463348544715},"point_estimate":0.011296963549251693,"standard_error":0.09053592785768931}}