{"Mean":{"confidence_interval":{"confidence_level":0.95,"lower_bound":-0.017169691391065896,"upper_bound":0.00006519136692670651},"point_estimate":-0.008902476134555859,"standard_error":0.004361775867531157},"Median":{"confidence_interval":{"confidence_level":0.95,"lower_bound":-0.016950103130235927,"upper_bound":-0.005250729032271528},"point_estimate":-0.01223763043805337,"standard_error":0.002880366331502546}}