{"Mean":{"confidence_interval":{"confidence_level":0.95,"lower_bound":31351836.59197024,"upper_bound":33778862.27375695},"point_estimate":32399075.729960315,"standard_error":660795.6019882457},"Median":{"confidence_interval":{"confidence_level":0.95,"lower_bound":30844662.125,"upper_bound":33999500.4},"point_estimate":31734559.166666664,"standard_error":1109002.3649425977},"MedianAbsDev":{"confidence_interval":{"confidence_level":0.95,"lower_bound":600858.7264515664,"upper_bound":3879166.8171277917},"point_estimate":2058239.7109589349,"standard_error":850695.4588045604},"Slope":{"confidence_interval":{"confidence_level":0.95,"lower_bound":31646496.884947214,"upper_bound":34557534.989507996},"point_estimate":33431348.47012987,"standard_error":764823.6849743121},"StdDev":{"confidence_interval":{"confidence_level":0.95,"lower_bound":1080149.3717795298,"upper_bound":2914279.862741124},"point_estimate":2113732.982846566,"standard_error":544568.3046746522}}