{"Mean":{"confidence_interval":{"confidence_level":0.95,"lower_bound":-0.02705183727077977,"upper_bound":0.03605811239107127},"point_estimate":0.009385754694294368,"standard_error":0.02129581718643491},"Median":{"confidence_interval":{"confidence_level":0.95,"lower_bound":-0.03323273584096087,"upper_bound":0.006971479403195868},"point_estimate":-0.0227822038108888,"standard_error":0.011056952002126055}}