{"Mean":{"confidence_interval":{"confidence_level":0.95,"lower_bound":7936362.964404763,"upper_bound":8612122.515383929},"point_estimate":8253367.81281746,"standard_error":187466.91681427296},"Median":{"confidence_interval":{"confidence_level":0.95,"lower_bound":7847823.075,"upper_bound":8789544.166666666},"point_estimate":7910450.544642857,"standard_error":305052.8065921822},"MedianAbsDev":{"confidence_interval":{"confidence_level":0.95,"lower_bound":59771.44590721941,"upper_bound":909877.4724714439},"point_estimate":170482.21917750192,"standard_error":258953.75482497807},"Slope":{"confidence_interval":{"confidence_level":0.95,"lower_bound":7858903.583530267,"upper_bound":8078805.02427381},"point_estimate":7933569.944155844,"standard_error":63605.81720738312},"StdDev":{"confidence_interval":{"confidence_level":0.95,"lower_bound":291605.13862003095,"upper_bound":698838.9933571739},"point_estimate":598016.2124487842,"standard_error":116606.42386357914}}