{"Mean":{"confidence_interval":{"confidence_level":0.95,"lower_bound":53839.91787084344,"upper_bound":57641.16067294974},"point_estimate":55775.14514678864,"standard_error":1151.0926981954033},"Median":{"confidence_interval":{"confidence_level":0.95,"lower_bound":52318.21030815972,"upper_bound":57661.08736111111},"point_estimate":55059.89242541152,"standard_error":1392.273617738948},"MedianAbsDev":{"confidence_interval":{"confidence_level":0.95,"lower_bound":614.0090528732684,"upper_bound":6025.629819937749},"point_estimate":3939.8854878308243,"standard_error":1499.0979212780394},"Slope":{"confidence_interval":{"confidence_level":0.95,"lower_bound":52057.3990580312,"upper_bound":55317.56256062981},"point_estimate":53287.503463203466,"standard_error":895.5951240040463},"StdDev":{"confidence_interval":{"confidence_level":0.95,"lower_bound":1849.2097079183422,"upper_bound":5061.515253434255},"point_estimate":3877.8584904655495,"standard_error":848.2641495030024}}