{"Mean":{"confidence_interval":{"confidence_level":0.95,"lower_bound":10928882.049752979,"upper_bound":11349732.415175596},"point_estimate":11114004.792539682,"standard_error":112317.3791195917},"Median":{"confidence_interval":{"confidence_level":0.95,"lower_bound":10932494.588035714,"upper_bound":11184592.722222222},"point_estimate":11113803.294642858,"standard_error":75078.52404802783},"MedianAbsDev":{"confidence_interval":{"confidence_level":0.95,"lower_bound":52435.64806408219,"upper_bound":713161.032926985},"point_estimate":222054.67694523986,"standard_error":155465.7976079556},"Slope":{"confidence_interval":{"confidence_level":0.95,"lower_bound":11011262.463681037,"upper_bound":11560452.45220306},"point_estimate":11312910.209090909,"standard_error":180003.92709165832},"StdDev":{"confidence_interval":{"confidence_level":0.95,"lower_bound":103557.38401080505,"upper_bound":547058.115370843},"point_estimate":385584.99628628633,"standard_error":130232.19239317}}