{"Mean":{"confidence_interval":{"confidence_level":0.95,"lower_bound":85186.47497507241,"upper_bound":90181.12173213868},"point_estimate":87372.2023241166,"standard_error":1291.4772661721327},"Median":{"confidence_interval":{"confidence_level":0.95,"lower_bound":83554.01728320195,"upper_bound":84168.58824786326},"point_estimate":83807.4943876447,"standard_error":194.7042677445923},"MedianAbsDev":{"confidence_interval":{"confidence_level":0.95,"lower_bound":899.8658597549612,"upper_bound":1845.3844916277524},"point_estimate":1301.5011696999914,"standard_error":276.1784474081393},"Slope":{"confidence_interval":{"confidence_level":0.95,"lower_bound":83787.3622496068,"upper_bound":84622.52432240725},"point_estimate":84164.94251440816,"standard_error":213.6330521026429},"StdDev":{"confidence_interval":{"confidence_level":0.95,"lower_bound":4558.836038309745,"upper_bound":19207.084504916686},"point_estimate":13030.664292535645,"standard_error":3795.0760675325073}}