{"Mean":{"confidence_interval":{"confidence_level":0.95,"lower_bound":24247.900189283486,"upper_bound":26101.00830386125},"point_estimate":25114.54586365258,"standard_error":542.8095395965871},"Median":{"confidence_interval":{"confidence_level":0.95,"lower_bound":23941.770432885234,"upper_bound":24976.501685393258},"point_estimate":24361.65293383271,"standard_error":386.7977897752368},"MedianAbsDev":{"confidence_interval":{"confidence_level":0.95,"lower_bound":183.27143949089538,"upper_bound":1859.3247189531673},"point_estimate":703.1784862801319,"standard_error":520.3447817884089},"Slope":{"confidence_interval":{"confidence_level":0.95,"lower_bound":24006.777777228417,"upper_bound":24789.727901655853},"point_estimate":24348.659836151008,"standard_error":286.87645741499466},"StdDev":{"confidence_interval":{"confidence_level":0.95,"lower_bound":492.3552923733551,"upper_bound":2387.3108366540664},"point_estimate":1835.9800732854546,"standard_error":475.5732639109658}}