{"Mean":{"confidence_interval":{"confidence_level":0.95,"lower_bound":-0.027736582991975414,"upper_bound":0.07550042177392385},"point_estimate":0.02894342997123056,"standard_error":0.03122397468425954},"Median":{"confidence_interval":{"confidence_level":0.95,"lower_bound":-0.027038966393485662,"upper_bound":0.052969663193147866},"point_estimate":0.016820271227595773,"standard_error":0.023090425068333333}}