{"Mean":{"confidence_interval":{"confidence_level":0.95,"lower_bound":12029070.361845238,"upper_bound":12408390.977494542},"point_estimate":12214521.449186508,"standard_error":120324.52364788053},"Median":{"confidence_interval":{"confidence_level":0.95,"lower_bound":11812020.744866071,"upper_bound":12333895.875},"point_estimate":12090405.833333332,"standard_error":152722.4689331443},"MedianAbsDev":{"confidence_interval":{"confidence_level":0.95,"lower_bound":49489.74326185117,"upper_bound":684169.9068593374},"point_estimate":439215.2362211196,"standard_error":146714.49093297654},"Slope":{"confidence_interval":{"confidence_level":0.95,"lower_bound":11885813.429498475,"upper_bound":12969389.857897915},"point_estimate":12438037.13896104,"standard_error":303956.49610111775},"StdDev":{"confidence_interval":{"confidence_level":0.95,"lower_bound":229649.31413808512,"upper_bound":651451.9501153794},"point_estimate":500636.89370564977,"standard_error":134155.55050670248}}