{"Mean":{"confidence_interval":{"confidence_level":0.95,"lower_bound":79784.91233900048,"upper_bound":81146.01483886488},"point_estimate":80436.99974435846,"standard_error":348.8336967781312},"Median":{"confidence_interval":{"confidence_level":0.95,"lower_bound":78666.28769841269,"upper_bound":80032.64635468801},"point_estimate":79242.08592896175,"standard_error":401.1815027192478},"MedianAbsDev":{"confidence_interval":{"confidence_level":0.95,"lower_bound":1678.947802383519,"upper_bound":3297.380266209794},"point_estimate":2461.265162780362,"standard_error":438.86080912845733},"Slope":{"confidence_interval":{"confidence_level":0.95,"lower_bound":79385.59486473021,"upper_bound":80905.78786206577},"point_estimate":80114.80744643121,"standard_error":388.9504464826244},"StdDev":{"confidence_interval":{"confidence_level":0.95,"lower_bound":2673.771237975834,"upper_bound":4241.368949461734},"point_estimate":3499.1308719410627,"standard_error":400.7650588040988}}