{"Mean":{"confidence_interval":{"confidence_level":0.95,"lower_bound":-0.06637128639701952,"upper_bound":-0.034408552712339446},"point_estimate":-0.05172845242689128,"standard_error":0.008295340382417311},"Median":{"confidence_interval":{"confidence_level":0.95,"lower_bound":-0.06877609853316864,"upper_bound":-0.04142253527858576},"point_estimate":-0.054156137664406634,"standard_error":0.007972005115941708}}