{"Mean":{"confidence_interval":{"confidence_level":0.95,"lower_bound":49322649.81101091,"upper_bound":53050825.29059325},"point_estimate":50968593.08829365,"standard_error":1116064.9831045498},"Median":{"confidence_interval":{"confidence_level":0.95,"lower_bound":47286575.68125,"upper_bound":54938850.0},"point_estimate":50247958.55,"standard_error":2195547.175214166},"MedianAbsDev":{"confidence_interval":{"confidence_level":0.95,"lower_bound":270941.13930171146,"upper_bound":5795318.731755709},"point_estimate":4598431.67682402,"standard_error":1573454.545175162},"Slope":{"confidence_interval":{"confidence_level":0.95,"lower_bound":49303031.93972458,"upper_bound":54819128.196923204},"point_estimate":52571051.753246754,"standard_error":1676688.1220068038},"StdDev":{"confidence_interval":{"confidence_level":0.95,"lower_bound":2883528.916618233,"upper_bound":4188259.243241785},"point_estimate":3813339.402607521,"standard_error":402054.7338957004}}