{"Mean":{"confidence_interval":{"confidence_level":0.95,"lower_bound":-0.008689780823151295,"upper_bound":0.024930870327571325},"point_estimate":0.010694361687781928,"standard_error":0.008534997023003643},"Median":{"confidence_interval":{"confidence_level":0.95,"lower_bound":-0.009161090628562511,"upper_bound":0.03744967508919688},"point_estimate":0.011878266614142374,"standard_error":0.011205155933597876}}