{"Mean":{"confidence_interval":{"confidence_level":0.95,"lower_bound":-0.04341401203466828,"upper_bound":0.06867352323901503},"point_estimate":0.01188964894185851,"standard_error":0.03470773439743869},"Median":{"confidence_interval":{"confidence_level":0.95,"lower_bound":-0.04282343880528312,"upper_bound":0.07743033343729165},"point_estimate":0.003979884185127958,"standard_error":0.03130156597612294}}