{"Mean":{"confidence_interval":{"confidence_level":0.95,"lower_bound":355661836.3924871,"upper_bound":375163618.92364883},"point_estimate":366262756.1540079,"standard_error":5837937.5577458},"Median":{"confidence_interval":{"confidence_level":0.95,"lower_bound":352783541.97013396,"upper_bound":368977218.05625},"point_estimate":359222129.55,"standard_error":3517093.629587262},"MedianAbsDev":{"confidence_interval":{"confidence_level":0.95,"lower_bound":313738.00459080166,"upper_bound":17397746.737622257},"point_estimate":9635236.370272886,"standard_error":5075423.190970197},"Slope":{"confidence_interval":{"confidence_level":0.95,"lower_bound":353372065.23691034,"upper_bound":362988582.6882924},"point_estimate":356792708.9532468,"standard_error":2565521.809731016},"StdDev":{"confidence_interval":{"confidence_level":0.95,"lower_bound":3155556.075338773,"upper_bound":24205161.714759555},"point_estimate":19160659.353801377,"standard_error":6137032.644728807}}