{"Mean":{"confidence_interval":{"confidence_level":0.95,"lower_bound":-0.18978317675405887,"upper_bound":-0.09761212950981822},"point_estimate":-0.1366641253092229,"standard_error":0.024338252218368505},"Median":{"confidence_interval":{"confidence_level":0.95,"lower_bound":-0.1877024023065877,"upper_bound":-0.13970633617307326},"point_estimate":-0.16564852206264202,"standard_error":0.014853765743837217}}