{"Mean":{"confidence_interval":{"confidence_level":0.95,"lower_bound":-0.008678468086448789,"upper_bound":0.047687091879518376},"point_estimate":0.007800256826308027,"standard_error":0.015241758089689694},"Median":{"confidence_interval":{"confidence_level":0.95,"lower_bound":-0.02642282004969454,"upper_bound":0.0227749769939426},"point_estimate":0.004052200082004909,"standard_error":0.014263306731428983}}