{"Mean":{"confidence_interval":{"confidence_level":0.95,"lower_bound":9730129.61067361,"upper_bound":10277885.205041666},"point_estimate":9931769.06638889,"standard_error":145850.39438623658},"Median":{"confidence_interval":{"confidence_level":0.95,"lower_bound":9565013.169722222,"upper_bound":10358027.071874999},"point_estimate":9794512.416666668,"standard_error":162027.38297764395},"MedianAbsDev":{"confidence_interval":{"confidence_level":0.95,"lower_bound":21318.65621239363,"upper_bound":577041.2145460967},"point_estimate":408917.4637069325,"standard_error":192455.9224044855},"Slope":{"confidence_interval":{"confidence_level":0.95,"lower_bound":9556454.650303192,"upper_bound":10162395.95861567},"point_estimate":9848288.623376623,"standard_error":176172.80953627176},"StdDev":{"confidence_interval":{"confidence_level":0.95,"lower_bound":244781.2506938827,"upper_bound":574039.0071422008},"point_estimate":466649.40878700087,"standard_error":95434.73332621645}}