{"Mean":{"confidence_interval":{"confidence_level":0.95,"lower_bound":65018.62040665512,"upper_bound":66511.75864979514},"point_estimate":65738.66704803688,"standard_error":382.21739635534493},"Median":{"confidence_interval":{"confidence_level":0.95,"lower_bound":63798.16022408963,"upper_bound":65318.0},"point_estimate":64264.8598941799,"standard_error":325.5927233888989},"MedianAbsDev":{"confidence_interval":{"confidence_level":0.95,"lower_bound":1810.2709937651114,"upper_bound":3234.64695759463},"point_estimate":2562.1045816760497,"standard_error":331.4629719005633},"Slope":{"confidence_interval":{"confidence_level":0.95,"lower_bound":64928.125757563685,"upper_bound":67470.67907949128},"point_estimate":66127.4564545589,"standard_error":649.9522320815042},"StdDev":{"confidence_interval":{"confidence_level":0.95,"lower_bound":3016.663281994581,"upper_bound":4529.498271053769},"point_estimate":3835.292808227079,"standard_error":386.3784593433808}}