{"Mean":{"confidence_interval":{"confidence_level":0.95,"lower_bound":422446.1702195946,"upper_bound":460341.8127182807},"point_estimate":440349.6255930931,"standard_error":9768.094684190226},"Median":{"confidence_interval":{"confidence_level":0.95,"lower_bound":428099.6959459459,"upper_bound":455814.7481231231},"point_estimate":446262.0597972973,"standard_error":8279.042913505433},"MedianAbsDev":{"confidence_interval":{"confidence_level":0.95,"lower_bound":4048.493768951426,"upper_bound":64089.14923626954},"point_estimate":22099.188145881708,"standard_error":14857.778707351965},"Slope":{"confidence_interval":{"confidence_level":0.95,"lower_bound":419569.6488855348,"upper_bound":452802.44886775216},"point_estimate":436967.32572832576,"standard_error":9332.26194141458},"StdDev":{"confidence_interval":{"confidence_level":0.95,"lower_bound":21920.76139028651,"upper_bound":46597.34516137093},"point_estimate":37385.89888157935,"standard_error":7054.985537203573}}