{"Mean":{"confidence_interval":{"confidence_level":0.95,"lower_bound":98828.1096657562,"upper_bound":102480.98220702632},"point_estimate":100587.8890119282,"standard_error":935.3151709008997},"Median":{"confidence_interval":{"confidence_level":0.95,"lower_bound":94274.9827387802,"upper_bound":100742.50790344329},"point_estimate":96130.33391608391,"standard_error":1849.503781328932},"MedianAbsDev":{"confidence_interval":{"confidence_level":0.95,"lower_bound":3082.811769395018,"upper_bound":10189.0478635555},"point_estimate":5845.8750706555165,"standard_error":2011.0614329101415},"Slope":{"confidence_interval":{"confidence_level":0.95,"lower_bound":102256.1513972076,"upper_bound":107804.01871194797},"point_estimate":104983.2437352392,"standard_error":1416.0064520366457},"StdDev":{"confidence_interval":{"confidence_level":0.95,"lower_bound":7361.19701743925,"upper_bound":11369.673974915113},"point_estimate":9402.776858768553,"standard_error":1026.5937446002413}}