{"Mean":{"confidence_interval":{"confidence_level":0.95,"lower_bound":1442112274.8656547,"upper_bound":1497443104.7839375},"point_estimate":1467273165.672976,"standard_error":14379101.550160676},"Median":{"confidence_interval":{"confidence_level":0.95,"lower_bound":1446409944.75,"upper_bound":1498267423.09875},"point_estimate":1468471948.3166666,"standard_error":17772953.756329887},"MedianAbsDev":{"confidence_interval":{"confidence_level":0.95,"lower_bound":6412530.34842977,"upper_bound":89505656.41850625},"point_estimate":38650062.72644922,"standard_error":22368307.244831864},"Slope":{"confidence_interval":{"confidence_level":0.95,"lower_bound":1453827596.9569664,"upper_bound":1509694701.5655906},"point_estimate":1485893747.3376622,"standard_error":15964062.781987926},"StdDev":{"confidence_interval":{"confidence_level":0.95,"lower_bound":27937181.366222747,"upper_bound":66277413.86610615},"point_estimate":52146919.49729614,"standard_error":10142191.64164362}}