{"Mean":{"confidence_interval":{"confidence_level":0.95,"lower_bound":501293.0317717014,"upper_bound":512812.1339876302},"point_estimate":506147.6210503472,"standard_error":3018.527355904113},"Median":{"confidence_interval":{"confidence_level":0.95,"lower_bound":499406.7314453125,"upper_bound":513083.1129557291},"point_estimate":504350.55381944444,"standard_error":3606.769437348886},"MedianAbsDev":{"confidence_interval":{"confidence_level":0.95,"lower_bound":1752.2138483373105,"upper_bound":11612.530072950301},"point_estimate":6119.053019490078,"standard_error":3089.393373570368},"Slope":{"confidence_interval":{"confidence_level":0.95,"lower_bound":502554.141213653,"upper_bound":509604.268434478},"point_estimate":505370.88555194804,"standard_error":1907.8821124671724},"StdDev":{"confidence_interval":{"confidence_level":0.95,"lower_bound":4225.394338604564,"upper_bound":10517.845109566497},"point_estimate":9149.554775806684,"standard_error":1755.8193714453498}}