{"Mean":{"confidence_interval":{"confidence_level":0.95,"lower_bound":69529.82023828349,"upper_bound":71004.20735497632},"point_estimate":70257.22823969144,"standard_error":376.7706316971274},"Median":{"confidence_interval":{"confidence_level":0.95,"lower_bound":68463.13981762918,"upper_bound":70352.8594453166},"point_estimate":69390.6118757259,"standard_error":529.2802103889056},"MedianAbsDev":{"confidence_interval":{"confidence_level":0.95,"lower_bound":3057.0133839057844,"upper_bound":5100.9013631168555},"point_estimate":3922.855285281297,"standard_error":530.3452138253073},"Slope":{"confidence_interval":{"confidence_level":0.95,"lower_bound":69199.87639273942,"upper_bound":70810.43654236913},"point_estimate":70000.5172089341,"standard_error":411.9928665675378},"StdDev":{"confidence_interval":{"confidence_level":0.95,"lower_bound":3305.130268485039,"upper_bound":4167.060036825541},"point_estimate":3772.990438507727,"standard_error":219.87433953677245}}