{"Mean":{"confidence_interval":{"confidence_level":0.95,"lower_bound":-0.06343026107385072,"upper_bound":-0.0014927763395146771},"point_estimate":-0.033631409127575895,"standard_error":0.017260249419438052},"Median":{"confidence_interval":{"confidence_level":0.95,"lower_bound":-0.10479745664634499,"upper_bound":0.010446740189412149},"point_estimate":-0.042553472596168596,"standard_error":0.03286325272419808}}