{"Mean":{"confidence_interval":{"confidence_level":0.95,"lower_bound":-0.10003918580301928,"upper_bound":-0.011861897145698234},"point_estimate":-0.06035769449710071,"standard_error":0.02175852425991842},"Median":{"confidence_interval":{"confidence_level":0.95,"lower_bound":-0.1408015707528426,"upper_bound":0.0006216967624558503},"point_estimate":-0.03412125154496981,"standard_error":0.03307513901701651}}