{"Mean":{"confidence_interval":{"confidence_level":0.95,"lower_bound":26216.07769751733,"upper_bound":27183.614637136012},"point_estimate":26673.854679591583,"standard_error":246.9504010090273},"Median":{"confidence_interval":{"confidence_level":0.95,"lower_bound":25417.052950638623,"upper_bound":25794.672368421052},"point_estimate":25591.141819923374,"standard_error":108.28751958606205},"MedianAbsDev":{"confidence_interval":{"confidence_level":0.95,"lower_bound":669.1263565566338,"upper_bound":1491.3079064819024},"point_estimate":1109.624108250654,"standard_error":210.63980645554258},"Slope":{"confidence_interval":{"confidence_level":0.95,"lower_bound":25498.0192286194,"upper_bound":26230.18662491883},"point_estimate":25838.3722560465,"standard_error":187.34243413917068},"StdDev":{"confidence_interval":{"confidence_level":0.95,"lower_bound":1795.538608080929,"upper_bound":3215.8277747160582},"point_estimate":2478.131037349153,"standard_error":379.1879002242418}}