{"Mean":{"confidence_interval":{"confidence_level":0.95,"lower_bound":58788177.09418353,"upper_bound":63151688.416169636},"point_estimate":60637009.86813493,"standard_error":1194421.5426453273},"Median":{"confidence_interval":{"confidence_level":0.95,"lower_bound":57810636.55,"upper_bound":65144947.666666664},"point_estimate":58315993.54166667,"standard_error":2253128.044094129},"MedianAbsDev":{"confidence_interval":{"confidence_level":0.95,"lower_bound":209255.35429277096,"upper_bound":6076584.025868123},"point_estimate":1126744.147338801,"standard_error":1792663.9773311382},"Slope":{"confidence_interval":{"confidence_level":0.95,"lower_bound":57849448.72182552,"upper_bound":62292503.20345937},"point_estimate":59727768.24935065,"standard_error":1300295.4153515345},"StdDev":{"confidence_interval":{"confidence_level":0.95,"lower_bound":2840124.4964754675,"upper_bound":4789872.523533408},"point_estimate":4082584.687267313,"standard_error":542796.0670519737}}