{"Mean":{"confidence_interval":{"confidence_level":0.95,"lower_bound":46910167.48150298,"upper_bound":50367782.73622917},"point_estimate":48460562.697261915,"standard_error":976225.8546520986},"Median":{"confidence_interval":{"confidence_level":0.95,"lower_bound":45879074.0,"upper_bound":51989052.8125},"point_estimate":47981824.58333333,"standard_error":1948905.1396899247},"MedianAbsDev":{"confidence_interval":{"confidence_level":0.95,"lower_bound":570792.588466404,"upper_bound":5683178.217642732},"point_estimate":4542330.767167509,"standard_error":1370110.0986787465},"Slope":{"confidence_interval":{"confidence_level":0.95,"lower_bound":46312898.08688171,"upper_bound":50772056.22086022},"point_estimate":48532945.535064936,"standard_error":1340077.1183649274},"StdDev":{"confidence_interval":{"confidence_level":0.95,"lower_bound":2619535.5536824176,"upper_bound":3804414.138601663},"point_estimate":3419757.8953635525,"standard_error":335223.5379649242}}