{"Mean":{"confidence_interval":{"confidence_level":0.95,"lower_bound":15397.714800724854,"upper_bound":15671.378146155392},"point_estimate":15524.807641747439,"standard_error":70.11602803259171},"Median":{"confidence_interval":{"confidence_level":0.95,"lower_bound":15234.6144001144,"upper_bound":15322.478201982003},"point_estimate":15251.933413319664,"standard_error":24.773295040311098},"MedianAbsDev":{"confidence_interval":{"confidence_level":0.95,"lower_bound":126.0608088041557,"upper_bound":234.8680329242751},"point_estimate":158.97678685280317,"standard_error":28.665293402131592},"Slope":{"confidence_interval":{"confidence_level":0.95,"lower_bound":15321.308581316936,"upper_bound":15537.0931686147},"point_estimate":15419.792494622596,"standard_error":55.1120549160802},"StdDev":{"confidence_interval":{"confidence_level":0.95,"lower_bound":463.80498190652133,"upper_bound":909.0617481345654},"point_estimate":705.5324024647634,"standard_error":113.76389196673802}}