{"Mean":{"confidence_interval":{"confidence_level":0.95,"lower_bound":1065040464.223986,"upper_bound":1087688422.841978},"point_estimate":1077971840.676984,"standard_error":6782290.3910638625},"Median":{"confidence_interval":{"confidence_level":0.95,"lower_bound":1055961785.7321429,"upper_bound":1087114004.6413195},"point_estimate":1068031359.4166667,"standard_error":8823329.918456282},"MedianAbsDev":{"confidence_interval":{"confidence_level":0.95,"lower_bound":2545336.2662790823,"upper_bound":37190840.23714487},"point_estimate":17894349.626986895,"standard_error":9740876.966278037},"Slope":{"confidence_interval":{"confidence_level":0.95,"lower_bound":1060746772.8809311,"upper_bound":1092217279.5754097},"point_estimate":1081194338.7194805,"standard_error":8375173.196417409},"StdDev":{"confidence_interval":{"confidence_level":0.95,"lower_bound":13680361.240375325,"upper_bound":36689234.82468096},"point_estimate":29033027.521641348,"standard_error":6866736.824949684}}