{"Mean":{"confidence_interval":{"confidence_level":0.95,"lower_bound":0.044040831669144395,"upper_bound":0.1397967858809784},"point_estimate":0.10354853584007429,"standard_error":0.027501754816379398},"Median":{"confidence_interval":{"confidence_level":0.95,"lower_bound":0.03198620729783142,"upper_bound":0.1307741857582991},"point_estimate":0.11598138488692045,"standard_error":0.02861969616541576}}