{"Mean":{"confidence_interval":{"confidence_level":0.95,"lower_bound":-0.0037332608172718127,"upper_bound":0.072431323696388},"point_estimate":0.035938088824037706,"standard_error":0.020970982626968428},"Median":{"confidence_interval":{"confidence_level":0.95,"lower_bound":-0.010001261126821759,"upper_bound":0.04346808680660734},"point_estimate":0.019860483816821706,"standard_error":0.015447833325596159}}