{"Mean":{"confidence_interval":{"confidence_level":0.95,"lower_bound":412061.7532112187,"upper_bound":422771.6862023059},"point_estimate":417384.73469846556,"standard_error":2736.520744603468},"Median":{"confidence_interval":{"confidence_level":0.95,"lower_bound":404339.56944444444,"upper_bound":422181.7397186147},"point_estimate":414659.2355967078,"standard_error":4023.763170107162},"MedianAbsDev":{"confidence_interval":{"confidence_level":0.95,"lower_bound":27459.453775549624,"upper_bound":41915.33725165822},"point_estimate":37416.82378947678,"standard_error":3590.187546701044},"Slope":{"confidence_interval":{"confidence_level":0.95,"lower_bound":415206.068700234,"upper_bound":429636.7815108946},"point_estimate":422582.8902940742,"standard_error":3677.0482055222706},"StdDev":{"confidence_interval":{"confidence_level":0.95,"lower_bound":24660.4008105843,"upper_bound":30003.5139684782},"point_estimate":27534.4068170493,"standard_error":1365.377950644147}}