{"Mean":{"confidence_interval":{"confidence_level":0.95,"lower_bound":119656.44665124778,"upper_bound":122584.58108921321},"point_estimate":120902.18039768057,"standard_error":759.2702699449809},"Median":{"confidence_interval":{"confidence_level":0.95,"lower_bound":118389.80859375,"upper_bound":119702.87740384616},"point_estimate":118980.51685720152,"standard_error":305.6057007038896},"MedianAbsDev":{"confidence_interval":{"confidence_level":0.95,"lower_bound":1480.7659426000434,"upper_bound":2745.9565188778747},"point_estimate":2079.923120677248,"standard_error":330.594768126463},"Slope":{"confidence_interval":{"confidence_level":0.95,"lower_bound":119747.25107960794,"upper_bound":121820.38952477601},"point_estimate":120700.10211947687,"standard_error":533.3771762715664},"StdDev":{"confidence_interval":{"confidence_level":0.95,"lower_bound":3345.379350108933,"upper_bound":11858.970916037688},"point_estimate":7641.973073291255,"standard_error":2604.5306711114376}}