{"Mean":{"confidence_interval":{"confidence_level":0.95,"lower_bound":136101.36576568324,"upper_bound":139796.45187880434},"point_estimate":137926.64643167699,"standard_error":1048.0211478170488},"Median":{"confidence_interval":{"confidence_level":0.95,"lower_bound":135720.39454619563,"upper_bound":139523.35652173913},"point_estimate":136781.59552795033,"standard_error":1107.6045217025292},"MedianAbsDev":{"confidence_interval":{"confidence_level":0.95,"lower_bound":559.9918691451239,"upper_bound":5623.415060726942},"point_estimate":2005.1632841838548,"standard_error":1580.133899513024},"Slope":{"confidence_interval":{"confidence_level":0.95,"lower_bound":134618.08652736878,"upper_bound":137633.60848514037},"point_estimate":136210.00011293055,"standard_error":847.7915364578032},"StdDev":{"confidence_interval":{"confidence_level":0.95,"lower_bound":1319.418941211054,"upper_bound":4347.603226390742},"point_estimate":3560.665857078503,"standard_error":901.3202348949613}}