{"Mean":{"confidence_interval":{"confidence_level":0.95,"lower_bound":-0.056012506627691146,"upper_bound":-0.010782780471585589},"point_estimate":-0.032939668464770144,"standard_error":0.011354383693868028},"Median":{"confidence_interval":{"confidence_level":0.95,"lower_bound":-0.03993030937654651,"upper_bound":-0.01960706327595518},"point_estimate":-0.028357826725221247,"standard_error":0.006139162742530627}}