{"Mean":{"confidence_interval":{"confidence_level":0.95,"lower_bound":2087964.8524759423,"upper_bound":2223690.769159722},"point_estimate":2141279.1006646827,"standard_error":39116.609500548526},"Median":{"confidence_interval":{"confidence_level":0.95,"lower_bound":2039334.688671875,"upper_bound":2312042.1666666665},"point_estimate":2068431.7097222223,"standard_error":82360.62317245445},"MedianAbsDev":{"confidence_interval":{"confidence_level":0.95,"lower_bound":20623.926080664605,"upper_bound":196328.57572697103},"point_estimate":54798.12280526385,"standard_error":45138.50018799781},"Slope":{"confidence_interval":{"confidence_level":0.95,"lower_bound":2034588.3498697164,"upper_bound":2105265.3395988946},"point_estimate":2057003.1493506494,"standard_error":18146.149107129313},"StdDev":{"confidence_interval":{"confidence_level":0.95,"lower_bound":99554.528333612,"upper_bound":159872.5301919985},"point_estimate":139753.01789321852,"standard_error":17241.487463115045}}