{"Mean":{"confidence_interval":{"confidence_level":0.95,"lower_bound":830794.7511424163,"upper_bound":892782.3367360007},"point_estimate":863697.3497111991,"standard_error":19219.490766191637},"Median":{"confidence_interval":{"confidence_level":0.95,"lower_bound":820649.2695039683,"upper_bound":851564.7263888889},"point_estimate":845639.8768518518,"standard_error":15274.263472938399},"MedianAbsDev":{"confidence_interval":{"confidence_level":0.95,"lower_bound":3966.564911945122,"upper_bound":50224.423160348626},"point_estimate":35192.29822539696,"standard_error":18041.22873108984},"Slope":{"confidence_interval":{"confidence_level":0.95,"lower_bound":816024.4161941926,"upper_bound":842054.3870395421},"point_estimate":825872.8167388168,"standard_error":6461.635372540225},"StdDev":{"confidence_interval":{"confidence_level":0.95,"lower_bound":14938.101534229787,"upper_bound":83970.19674557948},"point_estimate":67135.66227393101,"standard_error":23019.371479422913}}