{"Mean":{"confidence_interval":{"confidence_level":0.95,"lower_bound":3958355.3191873017,"upper_bound":4048491.9332845244},"point_estimate":4004045.272626984,"standard_error":26326.126968570323},"Median":{"confidence_interval":{"confidence_level":0.95,"lower_bound":3918630.0188125004,"upper_bound":4063724.8095238097},"point_estimate":4021093.425,"standard_error":34008.10878554731},"MedianAbsDev":{"confidence_interval":{"confidence_level":0.95,"lower_bound":24677.8626625053,"upper_bound":171376.97411406285},"point_estimate":74866.21017585964,"standard_error":38656.956913734415},"Slope":{"confidence_interval":{"confidence_level":0.95,"lower_bound":3883857.818684923,"upper_bound":4010347.8523679143},"point_estimate":3945289.2176623377,"standard_error":37190.3093832425},"StdDev":{"confidence_interval":{"confidence_level":0.95,"lower_bound":66033.1173173485,"upper_bound":125642.36295669545},"point_estimate":98783.3703182547,"standard_error":17042.350204919865}}