{"Mean":{"confidence_interval":{"confidence_level":0.95,"lower_bound":303816.82464908186,"upper_bound":348046.042028089},"point_estimate":323992.2887177093,"standard_error":11843.31186713311},"Median":{"confidence_interval":{"confidence_level":0.95,"lower_bound":294525.48393635236,"upper_bound":358928.6313112745},"point_estimate":299839.3455882353,"standard_error":17642.193691169425},"MedianAbsDev":{"confidence_interval":{"confidence_level":0.95,"lower_bound":2987.5460524669493,"upper_bound":69069.37515265825},"point_estimate":13580.825309382373,"standard_error":18534.022016200062},"Slope":{"confidence_interval":{"confidence_level":0.95,"lower_bound":296384.1435138026,"upper_bound":308914.28364495724},"point_estimate":300299.3231983703,"standard_error":3811.4081950891773},"StdDev":{"confidence_interval":{"confidence_level":0.95,"lower_bound":24438.363266000768,"upper_bound":51003.3722775612},"point_estimate":43073.51100724925,"standard_error":8089.827946412309}}