{"Mean":{"confidence_interval":{"confidence_level":0.95,"lower_bound":31416836.69529762,"upper_bound":35298897.8246875},"point_estimate":32999837.805992067,"standard_error":1043468.1714433457},"Median":{"confidence_interval":{"confidence_level":0.95,"lower_bound":31361850.179166667,"upper_bound":37204248.8234375},"point_estimate":31921176.025,"standard_error":1495416.945654684},"MedianAbsDev":{"confidence_interval":{"confidence_level":0.95,"lower_bound":339702.90549519256,"upper_bound":3708954.6947923703},"point_estimate":1547155.7317974912,"standard_error":1053311.8110547792},"Slope":{"confidence_interval":{"confidence_level":0.95,"lower_bound":30910952.56954508,"upper_bound":35910777.08205538},"point_estimate":33411524.794805195,"standard_error":1508931.2145689002},"StdDev":{"confidence_interval":{"confidence_level":0.95,"lower_bound":1165625.9588706251,"upper_bound":3545692.1921477118},"point_estimate":2876827.481000763,"standard_error":661117.9198043515}}