{"Mean":{"confidence_interval":{"confidence_level":0.95,"lower_bound":820858.1801766917,"upper_bound":855578.221125},"point_estimate":836215.4818922306,"standard_error":9949.430901323649},"Median":{"confidence_interval":{"confidence_level":0.95,"lower_bound":808378.2403195489,"upper_bound":853535.1622807018},"point_estimate":829753.4697368421,"standard_error":13192.552540425824},"MedianAbsDev":{"confidence_interval":{"confidence_level":0.95,"lower_bound":12344.952286096475,"upper_bound":56778.14206044044},"point_estimate":36782.7727814489,"standard_error":13082.930531712404},"Slope":{"confidence_interval":{"confidence_level":0.95,"lower_bound":811219.0631082223,"upper_bound":841928.2437548934},"point_estimate":826200.4400546822,"standard_error":7925.415084229723},"StdDev":{"confidence_interval":{"confidence_level":0.95,"lower_bound":21675.825914279332,"upper_bound":47730.92994457669},"point_estimate":35653.39218127924,"standard_error":7113.706800513566}}