{"Mean":{"confidence_interval":{"confidence_level":0.95,"lower_bound":8950.016271208302,"upper_bound":9138.997337818188},"point_estimate":9039.900878150454,"standard_error":48.206408826020564},"Median":{"confidence_interval":{"confidence_level":0.95,"lower_bound":8799.895527603076,"upper_bound":8879.702306079664},"point_estimate":8830.165824994061,"standard_error":17.984963801853702},"MedianAbsDev":{"confidence_interval":{"confidence_level":0.95,"lower_bound":98.95661461955861,"upper_bound":206.33463920968865},"point_estimate":135.2641453715676,"standard_error":26.89054578596005},"Slope":{"confidence_interval":{"confidence_level":0.95,"lower_bound":8950.578323646558,"upper_bound":9249.42778615894},"point_estimate":9092.39963697299,"standard_error":76.77382159304955},"StdDev":{"confidence_interval":{"confidence_level":0.95,"lower_bound":362.92428072818785,"upper_bound":583.9229900228719},"point_estimate":482.87924586660455,"standard_error":56.59522379845957}}