{"Mean":{"confidence_interval":{"confidence_level":0.95,"lower_bound":1129427022.6614168,"upper_bound":1165067036.906974},"point_estimate":1148452806.3942063,"standard_error":10096593.367104163},"Median":{"confidence_interval":{"confidence_level":0.95,"lower_bound":1122191005.8225,"upper_bound":1146947875.25},"point_estimate":1135933434.3333335,"standard_error":8718225.231587403},"MedianAbsDev":{"confidence_interval":{"confidence_level":0.95,"lower_bound":2656438.472123218,"upper_bound":32586346.061136205},"point_estimate":19521371.219066583,"standard_error":8755230.958812656},"Slope":{"confidence_interval":{"confidence_level":0.95,"lower_bound":1127661612.8098743,"upper_bound":1151240741.8792396},"point_estimate":1142833954.6441557,"standard_error":6707791.766358892},"StdDev":{"confidence_interval":{"confidence_level":0.95,"lower_bound":11791145.365491472,"upper_bound":58410548.632280335},"point_estimate":40429729.28327174,"standard_error":16668567.172427949}}