{"Mean":{"confidence_interval":{"confidence_level":0.95,"lower_bound":4868.031447745137,"upper_bound":5427.250144933516},"point_estimate":5165.442213859959,"standard_error":161.96735262777628},"Median":{"confidence_interval":{"confidence_level":0.95,"lower_bound":4797.954552957359,"upper_bound":5387.258774480906},"point_estimate":4857.262070151307,"standard_error":205.86997052329426},"MedianAbsDev":{"confidence_interval":{"confidence_level":0.95,"lower_bound":25.27816640404281,"upper_bound":921.6429520780064},"point_estimate":199.6053881000374,"standard_error":255.39711079239666},"Slope":{"confidence_interval":{"confidence_level":0.95,"lower_bound":5023.369862553796,"upper_bound":5807.531263277075},"point_estimate":5534.239947837582,"standard_error":223.74556415609283},"StdDev":{"confidence_interval":{"confidence_level":0.95,"lower_bound":215.2505174161698,"upper_bound":656.8565236788734},"point_estimate":532.9717298564257,"standard_error":122.73739294427352}}