{"Mean":{"confidence_interval":{"confidence_level":0.95,"lower_bound":132471.08096081798,"upper_bound":149699.6571367439},"point_estimate":141104.10241455742,"standard_error":4980.07582302833},"Median":{"confidence_interval":{"confidence_level":0.95,"lower_bound":129391.37737737737,"upper_bound":150870.8355855856},"point_estimate":144955.05705705704,"standard_error":7680.88467061813},"MedianAbsDev":{"confidence_interval":{"confidence_level":0.95,"lower_bound":211.82125653897907,"upper_bound":21609.033018599464},"point_estimate":12517.227659156184,"standard_error":7193.731139527021},"Slope":{"confidence_interval":{"confidence_level":0.95,"lower_bound":129720.86806840367,"upper_bound":146912.4385404604},"point_estimate":137084.25021645022,"standard_error":4899.041382258597},"StdDev":{"confidence_interval":{"confidence_level":0.95,"lower_bound":8576.849288193414,"upper_bound":17118.896551043214},"point_estimate":14818.564468765804,"standard_error":2438.4150063329653}}