{"Mean":{"confidence_interval":{"confidence_level":0.95,"lower_bound":89595679.40457937,"upper_bound":93430674.63773015},"point_estimate":91252635.28936508,"standard_error":973199.2599305363},"Median":{"confidence_interval":{"confidence_level":0.95,"lower_bound":87574982.0,"upper_bound":93176852.04875},"point_estimate":92304802.6,"standard_error":1277902.9621941578},"MedianAbsDev":{"confidence_interval":{"confidence_level":0.95,"lower_bound":363746.40172354376,"upper_bound":5688294.25614908},"point_estimate":1634314.5937184505,"standard_error":1364630.7083403252},"Slope":{"confidence_interval":{"confidence_level":0.95,"lower_bound":92245293.73774305,"upper_bound":93857138.87550735},"point_estimate":93076739.34545454,"standard_error":488996.55261390423},"StdDev":{"confidence_interval":{"confidence_level":0.95,"lower_bound":1814863.387231501,"upper_bound":3701374.06991102},"point_estimate":3198107.5889885565,"standard_error":522264.3175312624}}