{"Mean":{"confidence_interval":{"confidence_level":0.95,"lower_bound":5769348.050330687,"upper_bound":6227151.945},"point_estimate":5986335.498478836,"standard_error":134396.79075020392},"Median":{"confidence_interval":{"confidence_level":0.95,"lower_bound":5667205.111111111,"upper_bound":6313679.399479166},"point_estimate":5770743.509259259,"standard_error":194255.89181698687},"MedianAbsDev":{"confidence_interval":{"confidence_level":0.95,"lower_bound":64930.26669642458,"upper_bound":716633.700296792},"point_estimate":316261.7135352324,"standard_error":200428.4159008567},"Slope":{"confidence_interval":{"confidence_level":0.95,"lower_bound":5676168.788992502,"upper_bound":6116620.176114541},"point_estimate":5917750.719480519,"standard_error":117557.09908953079},"StdDev":{"confidence_interval":{"confidence_level":0.95,"lower_bound":316832.77109801566,"upper_bound":525289.2975128539},"point_estimate":459241.2685804406,"standard_error":59449.68967619101}}