{"Mean":{"confidence_interval":{"confidence_level":0.95,"lower_bound":356607.5005957792,"upper_bound":380338.44407467527},"point_estimate":367741.61228896107,"standard_error":6721.631450118755},"Median":{"confidence_interval":{"confidence_level":0.95,"lower_bound":352723.42955898267,"upper_bound":374818.18181818177},"point_estimate":359421.97310606064,"standard_error":7057.280060475764},"MedianAbsDev":{"confidence_interval":{"confidence_level":0.95,"lower_bound":1431.6698847078028,"upper_bound":31977.410799901056},"point_estimate":20063.427349484777,"standard_error":7992.8761780249215},"Slope":{"confidence_interval":{"confidence_level":0.95,"lower_bound":350285.9062909931,"upper_bound":385402.6691584841},"point_estimate":365503.4399645809,"standard_error":10568.167406544126},"StdDev":{"confidence_interval":{"confidence_level":0.95,"lower_bound":9149.895892492763,"upper_bound":27626.120261021308},"point_estimate":22599.04792970519,"standard_error":5075.944955777136}}