{"Mean":{"confidence_interval":{"confidence_level":0.95,"lower_bound":0.082640537838069,"upper_bound":0.1747614956845701},"point_estimate":0.12171940477550747,"standard_error":0.02471944291618628},"Median":{"confidence_interval":{"confidence_level":0.95,"lower_bound":0.13293811280763612,"upper_bound":0.1669679666277655},"point_estimate":0.15620714461855845,"standard_error":0.01007169231590569}}