{"Mean":{"confidence_interval":{"confidence_level":0.95,"lower_bound":152162.68490362947,"upper_bound":168462.47560410114},"point_estimate":160689.5234879455,"standard_error":5062.532510718632},"Median":{"confidence_interval":{"confidence_level":0.95,"lower_bound":149772.63596141248,"upper_bound":165773.85619103772},"point_estimate":154198.1509433962,"standard_error":4854.728089566256},"MedianAbsDev":{"confidence_interval":{"confidence_level":0.95,"lower_bound":2183.4462761275936,"upper_bound":21375.42608627132},"point_estimate":7173.527822447846,"standard_error":5135.908629157351},"Slope":{"confidence_interval":{"confidence_level":0.95,"lower_bound":150264.8442820114,"upper_bound":168974.67516861958},"point_estimate":155382.5050477824,"standard_error":5111.919249233347},"StdDev":{"confidence_interval":{"confidence_level":0.95,"lower_bound":2757.389700364592,"upper_bound":20146.84523374338},"point_estimate":15236.236186445307,"standard_error":4676.323884389632}}