{"Mean":{"confidence_interval":{"confidence_level":0.95,"lower_bound":1806.4218672395289,"upper_bound":1872.7983585377597},"point_estimate":1832.9703195820778,"standard_error":17.48629304492758},"Median":{"confidence_interval":{"confidence_level":0.95,"lower_bound":1796.588309239472,"upper_bound":1825.383300905925},"point_estimate":1810.4750120213325,"standard_error":8.562718891057068},"MedianAbsDev":{"confidence_interval":{"confidence_level":0.95,"lower_bound":43.895448111222734,"upper_bound":77.62563170073742},"point_estimate":64.05567736550888,"standard_error":8.416649600215848},"Slope":{"confidence_interval":{"confidence_level":0.95,"lower_bound":1789.4698524986507,"upper_bound":1816.6271785431816},"point_estimate":1803.252106443376,"standard_error":6.905075018833899},"StdDev":{"confidence_interval":{"confidence_level":0.95,"lower_bound":62.94725978195404,"upper_bound":285.31159203478103},"point_estimate":175.17237638362403,"standard_error":74.58940406418958}}