{"Mean":{"confidence_interval":{"confidence_level":0.95,"lower_bound":2882.9821156793164,"upper_bound":2999.4331016671376},"point_estimate":2938.9751838062234,"standard_error":29.79866853478645},"Median":{"confidence_interval":{"confidence_level":0.95,"lower_bound":2790.579895615204,"upper_bound":2867.28120665742},"point_estimate":2830.192521854353,"standard_error":17.246126007437855},"MedianAbsDev":{"confidence_interval":{"confidence_level":0.95,"lower_bound":111.50068277244313,"upper_bound":243.78389255411233},"point_estimate":171.24787881036642,"standard_error":33.8123073943392},"Slope":{"confidence_interval":{"confidence_level":0.95,"lower_bound":2752.290640709844,"upper_bound":2795.6807487299966},"point_estimate":2773.2657647836945,"standard_error":11.045527956260967},"StdDev":{"confidence_interval":{"confidence_level":0.95,"lower_bound":245.75803502802876,"upper_bound":342.612492927795},"point_estimate":298.44061147285754,"standard_error":24.76332210195089}}