{"Mean":{"confidence_interval":{"confidence_level":0.95,"lower_bound":375464.22012325306,"upper_bound":382882.3216637551},"point_estimate":378922.4951958247,"standard_error":2206.24688180055},"Median":{"confidence_interval":{"confidence_level":0.95,"lower_bound":374006.0326019022,"upper_bound":385314.4497379658},"point_estimate":377261.8031400966,"standard_error":2914.213329891054},"MedianAbsDev":{"confidence_interval":{"confidence_level":0.95,"lower_bound":2405.2070048234773,"upper_bound":11171.779530920769},"point_estimate":5209.667043234509,"standard_error":2745.7181366033437},"Slope":{"confidence_interval":{"confidence_level":0.95,"lower_bound":373894.6059618943,"upper_bound":378358.48689869104},"point_estimate":375985.495878035,"standard_error":1193.9485809429134},"StdDev":{"confidence_interval":{"confidence_level":0.95,"lower_bound":4196.903441372716,"upper_bound":8512.486094439282},"point_estimate":7167.556528237065,"standard_error":1231.394848344692}}