{"Mean":{"confidence_interval":{"confidence_level":0.95,"lower_bound":-0.002226094167844964,"upper_bound":0.03998654666380858},"point_estimate":0.015098245667973353,"standard_error":0.010819513583265637},"Median":{"confidence_interval":{"confidence_level":0.95,"lower_bound":0.005822976880145572,"upper_bound":0.050405975326341224},"point_estimate":0.02015341876398713,"standard_error":0.011124225375521457}}