{"Mean":{"confidence_interval":{"confidence_level":0.95,"lower_bound":103556657.41520834,"upper_bound":106676426.44683333},"point_estimate":104730313.54416667,"standard_error":811818.6723408989},"Median":{"confidence_interval":{"confidence_level":0.95,"lower_bound":103547007.3828125,"upper_bound":105390189.0},"point_estimate":103983604.33333333,"standard_error":511338.2029663981},"MedianAbsDev":{"confidence_interval":{"confidence_level":0.95,"lower_bound":79065.90758129956,"upper_bound":3710806.355855026},"point_estimate":660145.9236800597,"standard_error":956054.3499912891},"Slope":{"confidence_interval":{"confidence_level":0.95,"lower_bound":102661926.88652833,"upper_bound":106037024.88278583},"point_estimate":103901106.32207792,"standard_error":1014089.9378181568},"StdDev":{"confidence_interval":{"confidence_level":0.95,"lower_bound":1066933.2444257624,"upper_bound":3884689.0523204417},"point_estimate":2657001.689500652,"standard_error":799897.8309049451}}