{"Mean":{"confidence_interval":{"confidence_level":0.95,"lower_bound":21496137.890535712,"upper_bound":24382840.71707143},"point_estimate":22733290.750595238,"standard_error":789968.4073780802},"Median":{"confidence_interval":{"confidence_level":0.95,"lower_bound":20461588.02142857,"upper_bound":24125388.5},"point_estimate":22276980.1,"standard_error":903316.1790210597},"MedianAbsDev":{"confidence_interval":{"confidence_level":0.95,"lower_bound":281632.49181002233,"upper_bound":3585621.996648423},"point_estimate":2758488.509567041,"standard_error":1055221.9884874653},"Slope":{"confidence_interval":{"confidence_level":0.95,"lower_bound":20412239.757609144,"upper_bound":23309582.08939605},"point_estimate":21599331.09090909,"standard_error":784073.4336336275},"StdDev":{"confidence_interval":{"confidence_level":0.95,"lower_bound":1444076.4177799823,"upper_bound":3442028.0982282846},"point_estimate":2717511.995410142,"standard_error":644682.5104618855}}