{"Mean":{"confidence_interval":{"confidence_level":0.95,"lower_bound":27147.33176969609,"upper_bound":27693.82219400199},"point_estimate":27463.41179352635,"standard_error":179.17089059325832},"Median":{"confidence_interval":{"confidence_level":0.95,"lower_bound":27063.25419316202,"upper_bound":27400.56148736934},"point_estimate":27182.966202090593,"standard_error":149.9807706568979},"MedianAbsDev":{"confidence_interval":{"confidence_level":0.95,"lower_bound":113.20674837258164,"upper_bound":751.1976808393879},"point_estimate":315.39135595120575,"standard_error":216.14741633815518},"Slope":{"confidence_interval":{"confidence_level":0.95,"lower_bound":26844.575480306015,"upper_bound":27272.4004376175},"point_estimate":26994.650880130324,"standard_error":116.60411640783848},"StdDev":{"confidence_interval":{"confidence_level":0.95,"lower_bound":266.09587489296206,"upper_bound":1026.9826777928643},"point_estimate":828.0306113135185,"standard_error":199.31417409911396}}