{"Mean":{"confidence_interval":{"confidence_level":0.95,"lower_bound":0.011265953758092669,"upper_bound":0.057241491344865836},"point_estimate":0.033305119039415576,"standard_error":0.011680826081623212},"Median":{"confidence_interval":{"confidence_level":0.95,"lower_bound":-0.010123503109925047,"upper_bound":0.06124860552454692},"point_estimate":0.010378808316056531,"standard_error":0.019797729274251944}}