{"Mean":{"confidence_interval":{"confidence_level":0.95,"lower_bound":6746.428160989878,"upper_bound":6932.034573327546},"point_estimate":6834.496944678329,"standard_error":47.55252201440168},"Median":{"confidence_interval":{"confidence_level":0.95,"lower_bound":6590.238497652583,"upper_bound":6654.333783044267},"point_estimate":6610.52234805003,"standard_error":17.582878501623092},"MedianAbsDev":{"confidence_interval":{"confidence_level":0.95,"lower_bound":113.54432167902237,"upper_bound":254.76183561791808},"point_estimate":178.67802615590142,"standard_error":36.6061095409548},"Slope":{"confidence_interval":{"confidence_level":0.95,"lower_bound":6802.141309978205,"upper_bound":7150.8929602659455},"point_estimate":6973.050668592611,"standard_error":89.23194487877325},"StdDev":{"confidence_interval":{"confidence_level":0.95,"lower_bound":353.2095722390589,"upper_bound":602.6620115724565},"point_estimate":477.4361596970399,"standard_error":64.6279691923863}}