{"Mean":{"confidence_interval":{"confidence_level":0.95,"lower_bound":6618.1187778308395,"upper_bound":7039.910413422964},"point_estimate":6814.18517380564,"standard_error":108.14064172478305},"Median":{"confidence_interval":{"confidence_level":0.95,"lower_bound":6334.896543802328,"upper_bound":6446.642269736842},"point_estimate":6365.241442799707,"standard_error":24.704027946402917},"MedianAbsDev":{"confidence_interval":{"confidence_level":0.95,"lower_bound":130.96794470266397,"upper_bound":279.91714055488035},"point_estimate":189.5354740536644,"standard_error":36.04091423285599},"Slope":{"confidence_interval":{"confidence_level":0.95,"lower_bound":6735.648152090886,"upper_bound":7270.817485842119},"point_estimate":6989.10456242757,"standard_error":136.69149456598493},"StdDev":{"confidence_interval":{"confidence_level":0.95,"lower_bound":700.4765519834073,"upper_bound":1471.7848721279415},"point_estimate":1086.0054696247782,"standard_error":205.7511061472698}}