{"Mean":{"confidence_interval":{"confidence_level":0.95,"lower_bound":-0.1339424872412751,"upper_bound":-0.05154546257815874},"point_estimate":-0.10196286783797237,"standard_error":0.021673375350006685},"Median":{"confidence_interval":{"confidence_level":0.95,"lower_bound":-0.17105677746984582,"upper_bound":-0.07213391558549323},"point_estimate":-0.1469148573156447,"standard_error":0.025721610004490046}}