{"Mean":{"confidence_interval":{"confidence_level":0.95,"lower_bound":1017992313.419264,"upper_bound":1062665491.9295535},"point_estimate":1032031812.4846032,"standard_error":13776029.678838346},"Median":{"confidence_interval":{"confidence_level":0.95,"lower_bound":1009195656.103125,"upper_bound":1033051826.0383929},"point_estimate":1016484061.5,"standard_error":7512944.353660738},"MedianAbsDev":{"confidence_interval":{"confidence_level":0.95,"lower_bound":2924009.964676385,"upper_bound":30915187.88864575},"point_estimate":13758332.71971075,"standard_error":8887451.56085256},"Slope":{"confidence_interval":{"confidence_level":0.95,"lower_bound":1010020988.6036428,"upper_bound":1019020164.7860137},"point_estimate":1013523471.8103896,"standard_error":2502784.1109002535},"StdDev":{"confidence_interval":{"confidence_level":0.95,"lower_bound":11201178.323225137,"upper_bound":68818837.70496807},"point_estimate":44469301.73437301,"standard_error":20065665.2830841}}