{"Mean":{"confidence_interval":{"confidence_level":0.95,"lower_bound":257482.1970996094,"upper_bound":261630.26755078128},"point_estimate":258795.53861979168,"standard_error":1189.3727385340135},"Median":{"confidence_interval":{"confidence_level":0.95,"lower_bound":256039.87890625,"upper_bound":261715.56150390624},"point_estimate":258523.94453125,"standard_error":1671.0101819931958},"MedianAbsDev":{"confidence_interval":{"confidence_level":0.95,"lower_bound":1739.6300349259634,"upper_bound":5731.765566188078},"point_estimate":4310.7009285478925,"standard_error":1133.2342649576397},"Slope":{"confidence_interval":{"confidence_level":0.95,"lower_bound":256704.85759266562,"upper_bound":260692.19228275056},"point_estimate":258272.96631493507,"standard_error":1169.0326872856476},"StdDev":{"confidence_interval":{"confidence_level":0.95,"lower_bound":2174.3885164988824,"upper_bound":4567.872468013419},"point_estimate":3803.1520782217053,"standard_error":610.9854675695317}}