{"Mean":{"confidence_interval":{"confidence_level":0.95,"lower_bound":-0.06631956080697633,"upper_bound":0.030489997129931667},"point_estimate":-0.04123615794010449,"standard_error":0.028353398720760953},"Median":{"confidence_interval":{"confidence_level":0.95,"lower_bound":-0.12839287478224692,"upper_bound":0.022019997055324092},"point_estimate":-0.04718310968473549,"standard_error":0.03959124144205169}}