{"Mean":{"confidence_interval":{"confidence_level":0.95,"lower_bound":494126.8741287037,"upper_bound":537812.8338194445},"point_estimate":517483.7067407407,"standard_error":13045.801025104061},"Median":{"confidence_interval":{"confidence_level":0.95,"lower_bound":483808.381875,"upper_bound":559578.2014583333},"point_estimate":497956.855,"standard_error":20909.079870008245},"MedianAbsDev":{"confidence_interval":{"confidence_level":0.95,"lower_bound":2721.9815838001687,"upper_bound":64806.59624619454},"point_estimate":23130.914452344157,"standard_error":18294.56211056969},"Slope":{"confidence_interval":{"confidence_level":0.95,"lower_bound":485137.44127592345,"upper_bound":498150.3630123127},"point_estimate":491736.16476190474,"standard_error":4533.465447934166},"StdDev":{"confidence_interval":{"confidence_level":0.95,"lower_bound":11822.294928425501,"upper_bound":45861.34757075558},"point_estimate":40044.83196403379,"standard_error":8742.533345923224}}