{"Mean":{"confidence_interval":{"confidence_level":0.95,"lower_bound":28578.54568721025,"upper_bound":33262.51346345427},"point_estimate":30861.577798815822,"standard_error":1286.5399665794162},"Median":{"confidence_interval":{"confidence_level":0.95,"lower_bound":26232.66572916667,"upper_bound":36129.188095238096},"point_estimate":29975.198072562358,"standard_error":2224.174212101214},"MedianAbsDev":{"confidence_interval":{"confidence_level":0.95,"lower_bound":169.07619687924878,"upper_bound":7764.506710394117},"point_estimate":6329.994206667755,"standard_error":2316.948885189059},"Slope":{"confidence_interval":{"confidence_level":0.95,"lower_bound":26074.16415488254,"upper_bound":32603.103279713472},"point_estimate":28317.393275613274,"standard_error":1811.5800986299862},"StdDev":{"confidence_interval":{"confidence_level":0.95,"lower_bound":2618.0578443242634,"upper_bound":5636.459606064153},"point_estimate":4681.955573714912,"standard_error":720.0966922695358}}