{"Mean":{"confidence_interval":{"confidence_level":0.95,"lower_bound":-0.013961497979219042,"upper_bound":0.026892778870575163},"point_estimate":0.004325016810463378,"standard_error":0.011417452247990125},"Median":{"confidence_interval":{"confidence_level":0.95,"lower_bound":-0.038551647328311754,"upper_bound":0.04357283532743539},"point_estimate":0.0027210602416927188,"standard_error":0.01971770673152624}}