{"Mean":{"confidence_interval":{"confidence_level":0.95,"lower_bound":38048.18805529552,"upper_bound":39216.11250886958},"point_estimate":38639.43834932872,"standard_error":323.21594621432655},"Median":{"confidence_interval":{"confidence_level":0.95,"lower_bound":38118.26298526982,"upper_bound":38781.26464757709},"point_estimate":38584.494867054746,"standard_error":263.8084381083965},"MedianAbsDev":{"confidence_interval":{"confidence_level":0.95,"lower_bound":54.4033646665813,"upper_bound":1439.599675983848},"point_estimate":512.8314941773601,"standard_error":411.4772533458804},"Slope":{"confidence_interval":{"confidence_level":0.95,"lower_bound":37960.85202731784,"upper_bound":38652.023531821585},"point_estimate":38484.40016019223,"standard_error":190.2295871291515},"StdDev":{"confidence_interval":{"confidence_level":0.95,"lower_bound":311.0853101251427,"upper_bound":1400.55826157741},"point_estimate":1094.4634605888696,"standard_error":272.37902832235164}}