{"Mean":{"confidence_interval":{"confidence_level":0.95,"lower_bound":76803.24413988095,"upper_bound":79499.73073327664},"point_estimate":77686.26788548753,"standard_error":786.1083973663684},"Median":{"confidence_interval":{"confidence_level":0.95,"lower_bound":76092.10158730159,"upper_bound":79147.27714285714},"point_estimate":77206.23154761904,"standard_error":861.4765030762417},"MedianAbsDev":{"confidence_interval":{"confidence_level":0.95,"lower_bound":745.7779241347993,"upper_bound":3406.0359955515933},"point_estimate":1840.0024656667608,"standard_error":721.4508420851504},"Slope":{"confidence_interval":{"confidence_level":0.95,"lower_bound":75979.1624802126,"upper_bound":78688.16048897611},"point_estimate":77567.72545454545,"standard_error":807.1976117032422},"StdDev":{"confidence_interval":{"confidence_level":0.95,"lower_bound":1047.2199545178748,"upper_bound":3002.0283723902157},"point_estimate":2092.177027147328,"standard_error":606.6062186266424}}