{"Mean":{"confidence_interval":{"confidence_level":0.95,"lower_bound":93119.28585594994,"upper_bound":99793.38949101666},"point_estimate":96008.66974315903,"standard_error":1834.6330438744092},"Median":{"confidence_interval":{"confidence_level":0.95,"lower_bound":92656.60398773006,"upper_bound":99131.71559304703},"point_estimate":93910.31454498979,"standard_error":2413.7425110462154},"MedianAbsDev":{"confidence_interval":{"confidence_level":0.95,"lower_bound":135.0366902870562,"upper_bound":4492.645940064749},"point_estimate":2429.5009393881974,"standard_error":1232.0414767218135},"Slope":{"confidence_interval":{"confidence_level":0.95,"lower_bound":92537.11656355388,"upper_bound":94118.47631751893},"point_estimate":93117.19968130029,"standard_error":516.8950706219983},"StdDev":{"confidence_interval":{"confidence_level":0.95,"lower_bound":1107.0915669296717,"upper_bound":7932.998047062376},"point_estimate":5602.100052464198,"standard_error":1844.6234830219646}}