{"Mean":{"confidence_interval":{"confidence_level":0.95,"lower_bound":4349.694830859993,"upper_bound":4608.1302589899515},"point_estimate":4466.688307645163,"standard_error":76.61792822155796},"Median":{"confidence_interval":{"confidence_level":0.95,"lower_bound":4249.259853345555,"upper_bound":4665.209750229147},"point_estimate":4530.331075274977,"standard_error":124.39933885294052},"MedianAbsDev":{"confidence_interval":{"confidence_level":0.95,"lower_bound":49.3478726708902,"upper_bound":345.0290525365028},"point_estimate":275.84970073284524,"standard_error":88.6168432918761},"Slope":{"confidence_interval":{"confidence_level":0.95,"lower_bound":4185.609865916825,"upper_bound":4652.577704146878},"point_estimate":4485.21986084493,"standard_error":126.58015146280928},"StdDev":{"confidence_interval":{"confidence_level":0.95,"lower_bound":134.7978473145046,"upper_bound":295.4531852175533},"point_estimate":244.47493689141416,"standard_error":43.85420500480209}}