{"Mean":{"confidence_interval":{"confidence_level":0.95,"lower_bound":0.10933348923193156,"upper_bound":0.20032002470237062},"point_estimate":0.16674927418692498,"standard_error":0.026249816142559092},"Median":{"confidence_interval":{"confidence_level":0.95,"lower_bound":0.10294675971856768,"upper_bound":0.21147611736947441},"point_estimate":0.19687247383040174,"standard_error":0.03160098866199614}}