{"Mean":{"confidence_interval":{"confidence_level":0.95,"lower_bound":931910590.9369376,"upper_bound":964202723.8785833},"point_estimate":947407544.9375,"standard_error":9836476.319866283},"Median":{"confidence_interval":{"confidence_level":0.95,"lower_bound":931840088.7875,"upper_bound":946114912.1062499},"point_estimate":940453850.0,"standard_error":3067924.404517963},"MedianAbsDev":{"confidence_interval":{"confidence_level":0.95,"lower_bound":1869296.4925532886,"upper_bound":32789891.710667066},"point_estimate":16470888.161445782,"standard_error":9601352.105170177},"Slope":{"confidence_interval":{"confidence_level":0.95,"lower_bound":931782735.785896,"upper_bound":960928959.9365008},"point_estimate":941445683.3610389,"standard_error":7935363.951488684},"StdDev":{"confidence_interval":{"confidence_level":0.95,"lower_bound":8593844.782441357,"upper_bound":44786150.78555071},"point_estimate":31969235.227844413,"standard_error":10980680.755046912}}