{"Mean":{"confidence_interval":{"confidence_level":0.95,"lower_bound":909422741.4509792,"upper_bound":965305093.1268393},"point_estimate":933895691.1938492,"standard_error":15065028.50737298},"Median":{"confidence_interval":{"confidence_level":0.95,"lower_bound":900627964.2190973,"upper_bound":959294177.1328572},"point_estimate":928058808.25,"standard_error":16684837.473529398},"MedianAbsDev":{"confidence_interval":{"confidence_level":0.95,"lower_bound":2675424.1688872194,"upper_bound":63105325.537980735},"point_estimate":28730789.92734905,"standard_error":17625673.84500597},"Slope":{"confidence_interval":{"confidence_level":0.95,"lower_bound":900845285.4530017,"upper_bound":948993463.3853378},"point_estimate":917263400.0935065,"standard_error":12956127.336184572},"StdDev":{"confidence_interval":{"confidence_level":0.95,"lower_bound":21856019.374978594,"upper_bound":62097326.45604283},"point_estimate":44760928.28816513,"standard_error":11735474.155148085}}