{"Mean":{"confidence_interval":{"confidence_level":0.95,"lower_bound":172647.85327889674,"upper_bound":177592.8688674211},"point_estimate":174698.64012227757,"standard_error":1271.5808177343395},"Median":{"confidence_interval":{"confidence_level":0.95,"lower_bound":172900.02494186047,"upper_bound":176063.084027201},"point_estimate":174266.93217054266,"standard_error":960.2430934806176},"MedianAbsDev":{"confidence_interval":{"confidence_level":0.95,"lower_bound":857.4777706430127,"upper_bound":4602.138165008679},"point_estimate":2358.385785252384,"standard_error":1049.7586190044422},"Slope":{"confidence_interval":{"confidence_level":0.95,"lower_bound":168529.38463496018,"upper_bound":176333.54961014044},"point_estimate":172446.61307762004,"standard_error":2002.4535817024735},"StdDev":{"confidence_interval":{"confidence_level":0.95,"lower_bound":2064.864522816906,"upper_bound":6068.229230656785},"point_estimate":4634.599750954991,"standard_error":1061.967258567071}}