{"Mean":{"confidence_interval":{"confidence_level":0.95,"lower_bound":5769887.977083333,"upper_bound":6364596.199194444},"point_estimate":6069678.714444445,"standard_error":167448.06736820118},"Median":{"confidence_interval":{"confidence_level":0.95,"lower_bound":5626778.3125,"upper_bound":6471154.566666666},"point_estimate":5905542.916666666,"standard_error":308309.5093354961},"MedianAbsDev":{"confidence_interval":{"confidence_level":0.95,"lower_bound":89003.735668867,"upper_bound":954529.6950934599},"point_estimate":557763.079827725,"standard_error":253162.01861609766},"Slope":{"confidence_interval":{"confidence_level":0.95,"lower_bound":5621622.607482394,"upper_bound":6184756.411980804},"point_estimate":5906589.929004329,"standard_error":153261.44072982145},"StdDev":{"confidence_interval":{"confidence_level":0.95,"lower_bound":342015.0662282735,"upper_bound":669341.6787884905},"point_estimate":533935.8085292098,"standard_error":96372.13309561534}}