{"Mean":{"confidence_interval":{"confidence_level":0.95,"lower_bound":51121.983419987926,"upper_bound":53980.94028653381},"point_estimate":52363.4924468599,"standard_error":783.4435763293643},"Median":{"confidence_interval":{"confidence_level":0.95,"lower_bound":51200.14608695652,"upper_bound":54613.942699275365},"point_estimate":51625.86811594203,"standard_error":924.0086933742623},"MedianAbsDev":{"confidence_interval":{"confidence_level":0.95,"lower_bound":572.9737508711644,"upper_bound":4358.3944871157855},"point_estimate":2708.764943648942,"standard_error":1305.9131065259944},"Slope":{"confidence_interval":{"confidence_level":0.95,"lower_bound":49867.64407679252,"upper_bound":53727.308168651754},"point_estimate":51853.14606437041,"standard_error":1051.5751421210593},"StdDev":{"confidence_interval":{"confidence_level":0.95,"lower_bound":1384.216570926924,"upper_bound":3174.6101227912386},"point_estimate":2777.037978845615,"standard_error":485.1747862760703}}