{"Mean":{"confidence_interval":{"confidence_level":0.95,"lower_bound":3942585.322244543,"upper_bound":4209095.049875991},"point_estimate":4049489.325198413,"standard_error":79633.20815763748},"Median":{"confidence_interval":{"confidence_level":0.95,"lower_bound":3961146.645833333,"upper_bound":4073922.5},"point_estimate":3991113.9756944445,"standard_error":40184.1302966073},"MedianAbsDev":{"confidence_interval":{"confidence_level":0.95,"lower_bound":26495.71941616991,"upper_bound":193846.61142556608},"point_estimate":96726.82997025561,"standard_error":45092.10956141698},"Slope":{"confidence_interval":{"confidence_level":0.95,"lower_bound":3842613.7197613087,"upper_bound":4017477.262474375},"point_estimate":3934174.492207792,"standard_error":47738.93618074464},"StdDev":{"confidence_interval":{"confidence_level":0.95,"lower_bound":44004.56352468704,"upper_bound":353022.9883520682},"point_estimate":243512.59307704304,"standard_error":104253.07679407256}}