{"Mean":{"confidence_interval":{"confidence_level":0.95,"lower_bound":50534726.813,"upper_bound":54267187.91704167},"point_estimate":52370068.90166667,"standard_error":1067787.5219293004},"Median":{"confidence_interval":{"confidence_level":0.95,"lower_bound":49508587.474375,"upper_bound":55799564.90625},"point_estimate":51755186.83333333,"standard_error":1701793.417858401},"MedianAbsDev":{"confidence_interval":{"confidence_level":0.95,"lower_bound":635312.9918709397,"upper_bound":6104726.038194448},"point_estimate":5264267.442375565,"standard_error":1516813.3446691304},"Slope":{"confidence_interval":{"confidence_level":0.95,"lower_bound":47808762.915010415,"upper_bound":56347167.128335804},"point_estimate":51703637.65194805,"standard_error":2329250.779058212},"StdDev":{"confidence_interval":{"confidence_level":0.95,"lower_bound":2873239.089039091,"upper_bound":4753276.327836604},"point_estimate":4173925.0460095946,"standard_error":564000.9793679678}}