{"Mean":{"confidence_interval":{"confidence_level":0.95,"lower_bound":4217.723817320937,"upper_bound":4293.073882032225},"point_estimate":4253.591142155959,"standard_error":19.278483794086963},"Median":{"confidence_interval":{"confidence_level":0.95,"lower_bound":4170.786070711737,"upper_bound":4202.1626488095235},"point_estimate":4186.239360119047,"standard_error":8.377759878747579},"MedianAbsDev":{"confidence_interval":{"confidence_level":0.95,"lower_bound":51.565154019399124,"upper_bound":99.90015926090858},"point_estimate":74.21213353301484,"standard_error":11.684630765825563},"Slope":{"confidence_interval":{"confidence_level":0.95,"lower_bound":4187.757297179615,"upper_bound":4265.1081789406},"point_estimate":4223.340403916591,"standard_error":19.755745674676806},"StdDev":{"confidence_interval":{"confidence_level":0.95,"lower_bound":142.9748731952492,"upper_bound":236.02997455727862},"point_estimate":193.8250838818197,"standard_error":23.793353099780198}}