{"Mean":{"confidence_interval":{"confidence_level":0.95,"lower_bound":462247.76952431974,"upper_bound":475367.4418964286},"point_estimate":469118.01387074834,"standard_error":3839.596843631203},"Median":{"confidence_interval":{"confidence_level":0.95,"lower_bound":460394.2595918367,"upper_bound":473895.64548214286},"point_estimate":463116.63928571425,"standard_error":3113.674782332099},"MedianAbsDev":{"confidence_interval":{"confidence_level":0.95,"lower_bound":1966.967919115042,"upper_bound":19055.94304527864},"point_estimate":7087.664131168741,"standard_error":4782.0323331408645},"Slope":{"confidence_interval":{"confidence_level":0.95,"lower_bound":456911.3237712315,"upper_bound":480548.497169868},"point_estimate":468945.1684601113,"standard_error":6175.055233519674},"StdDev":{"confidence_interval":{"confidence_level":0.95,"lower_bound":5680.9731946633065,"upper_bound":18473.90637816977},"point_estimate":15438.659330320688,"standard_error":3537.5405330519316}}