{"Mean":{"confidence_interval":{"confidence_level":0.95,"lower_bound":6517555.588104498,"upper_bound":6776419.9915462965},"point_estimate":6645910.257566137,"standard_error":68168.68366807407},"Median":{"confidence_interval":{"confidence_level":0.95,"lower_bound":6601273.431944444,"upper_bound":6842294.0},"point_estimate":6664764.5981481485,"standard_error":66915.30507490085},"MedianAbsDev":{"confidence_interval":{"confidence_level":0.95,"lower_bound":36848.6558828053,"upper_bound":330432.74060050736},"point_estimate":197665.64272628838,"standard_error":78402.57153036364},"Slope":{"confidence_interval":{"confidence_level":0.95,"lower_bound":6454339.738718399,"upper_bound":6685479.685755541},"point_estimate":6582487.393939394,"standard_error":66399.13681005599},"StdDev":{"confidence_interval":{"confidence_level":0.95,"lower_bound":92950.86388964491,"upper_bound":312888.8276845626},"point_estimate":235907.38273541795,"standard_error":63555.75939636399}}