{"Mean":{"confidence_interval":{"confidence_level":0.95,"lower_bound":94062.72388886423,"upper_bound":101476.53935747562},"point_estimate":97851.24377871439,"standard_error":2165.780431079657},"Median":{"confidence_interval":{"confidence_level":0.95,"lower_bound":90921.271783496,"upper_bound":103255.60248447205},"point_estimate":96908.25862663906,"standard_error":3783.2405589846526},"MedianAbsDev":{"confidence_interval":{"confidence_level":0.95,"lower_bound":1848.0414631534345,"upper_bound":10496.635402564147},"point_estimate":10080.04399857969,"standard_error":2546.7190582969397},"Slope":{"confidence_interval":{"confidence_level":0.95,"lower_bound":90467.56907827679,"upper_bound":100310.48979935514},"point_estimate":95845.30536420102,"standard_error":2861.310151967658},"StdDev":{"confidence_interval":{"confidence_level":0.95,"lower_bound":4169.572086436843,"upper_bound":8349.650204827094},"point_estimate":7090.253787623422,"standard_error":1170.4662890950435}}