{"Mean":{"confidence_interval":{"confidence_level":0.95,"lower_bound":784327.6870039683,"upper_bound":851232.6950272816},"point_estimate":815076.4516269842,"standard_error":19107.52371273869},"Median":{"confidence_interval":{"confidence_level":0.95,"lower_bound":774237.07859375,"upper_bound":848950.7625148809},"point_estimate":798445.8166666667,"standard_error":19273.73905093119},"MedianAbsDev":{"confidence_interval":{"confidence_level":0.95,"lower_bound":6185.567627965519,"upper_bound":78960.84664210213},"point_estimate":34998.7522673979,"standard_error":20265.072956176733},"Slope":{"confidence_interval":{"confidence_level":0.95,"lower_bound":771443.0059643245,"upper_bound":803607.518014258},"point_estimate":782076.8118181818,"standard_error":8705.445606248508},"StdDev":{"confidence_interval":{"confidence_level":0.95,"lower_bound":21450.924993978257,"upper_bound":74719.27913640875},"point_estimate":60280.1446129568,"standard_error":15401.90016550166}}