{"Mean":{"confidence_interval":{"confidence_level":0.95,"lower_bound":4948875.167767362,"upper_bound":5025797.597522321},"point_estimate":4989241.600218253,"standard_error":21529.197861028813},"Median":{"confidence_interval":{"confidence_level":0.95,"lower_bound":4933187.111111111,"upper_bound":5042138.359375},"point_estimate":4966531.802083334,"standard_error":27566.463301012445},"MedianAbsDev":{"confidence_interval":{"confidence_level":0.95,"lower_bound":17021.613774711826,"upper_bound":109438.58623820201},"point_estimate":61541.365857422585,"standard_error":26463.248837743882},"Slope":{"confidence_interval":{"confidence_level":0.95,"lower_bound":4934063.42296276,"upper_bound":5044871.816696241},"point_estimate":4987527.242857143,"standard_error":30482.608229030204},"StdDev":{"confidence_interval":{"confidence_level":0.95,"lower_bound":27687.953293587743,"upper_bound":90012.22365023798},"point_estimate":72900.63963674122,"standard_error":16465.617060572175}}