{"Mean":{"confidence_interval":{"confidence_level":0.95,"lower_bound":1994113.7004823908,"upper_bound":2143241.731643105},"point_estimate":2067256.9806051585,"standard_error":45893.66140488434},"Median":{"confidence_interval":{"confidence_level":0.95,"lower_bound":1990533.625,"upper_bound":2049332.125},"point_estimate":2010800.4933035714,"standard_error":26204.443422299395},"MedianAbsDev":{"confidence_interval":{"confidence_level":0.95,"lower_bound":7640.868120988052,"upper_bound":228623.11679980016},"point_estimate":49288.243345792056,"standard_error":56129.56220241682},"Slope":{"confidence_interval":{"confidence_level":0.95,"lower_bound":1935059.5487636668,"upper_bound":2016692.9559192695},"point_estimate":1975162.2977272726,"standard_error":22874.175268296127},"StdDev":{"confidence_interval":{"confidence_level":0.95,"lower_bound":32659.54158266574,"upper_bound":210130.1904769011},"point_estimate":158648.917932453,"standard_error":54011.98431649388}}