{"Mean":{"confidence_interval":{"confidence_level":0.95,"lower_bound":-0.011905473733580942,"upper_bound":0.03438015851409931},"point_estimate":0.014798397047024459,"standard_error":0.014137279331416043},"Median":{"confidence_interval":{"confidence_level":0.95,"lower_bound":-0.01494287805789396,"upper_bound":0.03156370704279099},"point_estimate":0.013636923678738588,"standard_error":0.013599087802210117}}