{"Mean":{"confidence_interval":{"confidence_level":0.95,"lower_bound":-0.6859716051806144,"upper_bound":-0.6778048763493393},"point_estimate":-0.6817572517226156,"standard_error":0.002080354616219737},"Median":{"confidence_interval":{"confidence_level":0.95,"lower_bound":-0.6805822912773104,"upper_bound":-0.6777475554057002},"point_estimate":-0.6792359485935957,"standard_error":0.0007110805461045437}}