{"Mean":{"confidence_interval":{"confidence_level":0.95,"lower_bound":926478.6751990741,"upper_bound":1020356.3131841932},"point_estimate":973598.0321119931,"standard_error":23596.487522871423},"Median":{"confidence_interval":{"confidence_level":0.95,"lower_bound":910165.0800694445,"upper_bound":1026122.4767361112},"point_estimate":1006105.5046296297,"standard_error":36671.0882840292},"MedianAbsDev":{"confidence_interval":{"confidence_level":0.95,"lower_bound":6807.167085606981,"upper_bound":116281.27356821271},"point_estimate":42783.71278877062,"standard_error":30956.671046662395},"Slope":{"confidence_interval":{"confidence_level":0.95,"lower_bound":883357.6059795668,"upper_bound":1013988.234415359},"point_estimate":919127.7893217893,"standard_error":32312.52898964621},"StdDev":{"confidence_interval":{"confidence_level":0.95,"lower_bound":36752.14310731208,"upper_bound":94794.90239932033},"point_estimate":74952.03501954934,"standard_error":14901.303440535547}}