{"Mean":{"confidence_interval":{"confidence_level":0.95,"lower_bound":144014.0555267857,"upper_bound":153735.71732602184},"point_estimate":147768.82289960317,"standard_error":2401.0811518478613},"Median":{"confidence_interval":{"confidence_level":0.95,"lower_bound":141004.68699999998,"upper_bound":157113.26421354167},"point_estimate":148162.7371111111,"standard_error":4397.216941685516},"MedianAbsDev":{"confidence_interval":{"confidence_level":0.95,"lower_bound":2110.3832804300737,"upper_bound":13488.846971805096},"point_estimate":11572.475524980826,"standard_error":3465.4103128591983},"Slope":{"confidence_interval":{"confidence_level":0.95,"lower_bound":144820.29501382835,"upper_bound":155639.2863473563},"point_estimate":149750.4025974026,"standard_error":3188.6034274632343},"StdDev":{"confidence_interval":{"confidence_level":0.95,"lower_bound":5865.542582074776,"upper_bound":10413.955908052078},"point_estimate":8652.768657949651,"standard_error":1326.4007991748397}}