{"Mean":{"confidence_interval":{"confidence_level":0.95,"lower_bound":0.7785405427577354,"upper_bound":0.8889590075196967},"point_estimate":0.8298297710034246,"standard_error":0.029474444543220023},"Median":{"confidence_interval":{"confidence_level":0.95,"lower_bound":0.8481534952529288,"upper_bound":0.9082596832378355},"point_estimate":0.8728624723968255,"standard_error":0.02427653673888664}}