{"Mean":{"confidence_interval":{"confidence_level":0.95,"lower_bound":1090556450.304737,"upper_bound":1176153879.8845208},"point_estimate":1138157399.6437697,"standard_error":23354224.33782841},"Median":{"confidence_interval":{"confidence_level":0.95,"lower_bound":1071633864.0,"upper_bound":1177904825.0885417},"point_estimate":1142538479.4652777,"standard_error":35671105.773962505},"MedianAbsDev":{"confidence_interval":{"confidence_level":0.95,"lower_bound":1978036.6892633613,"upper_bound":95899467.57201809},"point_estimate":81200224.1388578,"standard_error":26704279.96775085},"Slope":{"confidence_interval":{"confidence_level":0.95,"lower_bound":1075079821.153433,"upper_bound":1143407324.9768772},"point_estimate":1105404289.664935,"standard_error":17815482.637737717},"StdDev":{"confidence_interval":{"confidence_level":0.95,"lower_bound":34550213.80955684,"upper_bound":72634285.87796976},"point_estimate":64826887.73361027,"standard_error":10495092.906903626}}