{"Mean":{"confidence_interval":{"confidence_level":0.95,"lower_bound":456400.20391853416,"upper_bound":478585.49937499996},"point_estimate":466266.9331979458,"standard_error":6270.296693716233},"Median":{"confidence_interval":{"confidence_level":0.95,"lower_bound":451142.97649509803,"upper_bound":480365.58642331936},"point_estimate":463211.7882352941,"standard_error":8106.411659672178},"MedianAbsDev":{"confidence_interval":{"confidence_level":0.95,"lower_bound":7361.465308462304,"upper_bound":35788.32518507139},"point_estimate":22647.07528087525,"standard_error":7034.7244737519295},"Slope":{"confidence_interval":{"confidence_level":0.95,"lower_bound":448387.96687731746,"upper_bound":475329.2415961161},"point_estimate":460601.3487394958,"standard_error":7005.444266960401},"StdDev":{"confidence_interval":{"confidence_level":0.95,"lower_bound":13352.748755394188,"upper_bound":25053.53649327845},"point_estimate":20311.67525080105,"standard_error":3523.3541054941534}}