{"Mean":{"confidence_interval":{"confidence_level":0.95,"lower_bound":4352550.9112477675,"upper_bound":4776090.622575149},"point_estimate":4553058.458720238,"standard_error":132220.80292352554},"Median":{"confidence_interval":{"confidence_level":0.95,"lower_bound":4120756.5,"upper_bound":4751067.092931547},"point_estimate":4569514.107142857,"standard_error":173810.5523396062},"MedianAbsDev":{"confidence_interval":{"confidence_level":0.95,"lower_bound":57506.49654266516,"upper_bound":730782.8623923076},"point_estimate":410728.06392061926,"standard_error":188070.92903406196},"Slope":{"confidence_interval":{"confidence_level":0.95,"lower_bound":4234640.498076864,"upper_bound":4710868.096233117},"point_estimate":4466140.441558441,"standard_error":142606.61492093213},"StdDev":{"confidence_interval":{"confidence_level":0.95,"lower_bound":247104.3169872016,"upper_bound":515083.4080577172},"point_estimate":410725.02996847755,"standard_error":77329.06802956572}}