{"Mean":{"confidence_interval":{"confidence_level":0.95,"lower_bound":0.009664385253097475,"upper_bound":0.045670883706717735},"point_estimate":0.02721299295009616,"standard_error":0.009187274969779589},"Median":{"confidence_interval":{"confidence_level":0.95,"lower_bound":0.013154082692238278,"upper_bound":0.0471437767803375},"point_estimate":0.027673687991093487,"standard_error":0.008777742540734908}}