{"Mean":{"confidence_interval":{"confidence_level":0.95,"lower_bound":-0.09273732316008541,"upper_bound":-0.055315578331877106},"point_estimate":-0.07203429012072404,"standard_error":0.010984832676599915},"Median":{"confidence_interval":{"confidence_level":0.95,"lower_bound":-0.08818459141681352,"upper_bound":-0.042841015315296334},"point_estimate":-0.06161327063649269,"standard_error":0.01280900268112668}}