{"Mean":{"confidence_interval":{"confidence_level":0.95,"lower_bound":266483.14075022464,"upper_bound":289232.1989773136},"point_estimate":277206.2039016172,"standard_error":6430.190430257722},"Median":{"confidence_interval":{"confidence_level":0.95,"lower_bound":255832.0817610063,"upper_bound":285125.343307783},"point_estimate":271691.34944968554,"standard_error":9446.535699863267},"MedianAbsDev":{"confidence_interval":{"confidence_level":0.95,"lower_bound":2248.74953327955,"upper_bound":36882.26290419953},"point_estimate":24239.118799622454,"standard_error":10969.372877597603},"Slope":{"confidence_interval":{"confidence_level":0.95,"lower_bound":257148.04725962027,"upper_bound":274878.37463455054},"point_estimate":262543.04670423915,"standard_error":4722.04875526215},"StdDev":{"confidence_interval":{"confidence_level":0.95,"lower_bound":14577.993385422002,"upper_bound":31550.240631453355},"point_estimate":25071.684041317803,"standard_error":4868.055129685339}}