{"Mean":{"confidence_interval":{"confidence_level":0.95,"lower_bound":138874.9443953837,"upper_bound":143777.4515248801},"point_estimate":140895.16813292223,"standard_error":1378.4519104604528},"Median":{"confidence_interval":{"confidence_level":0.95,"lower_bound":138042.7849242035,"upper_bound":142058.12086330936},"point_estimate":139531.01199040766,"standard_error":1033.3042670456266},"MedianAbsDev":{"confidence_interval":{"confidence_level":0.95,"lower_bound":770.5274657268791,"upper_bound":6057.283049249505},"point_estimate":3066.2103368588564,"standard_error":1243.359510783662},"Slope":{"confidence_interval":{"confidence_level":0.95,"lower_bound":138235.1346162114,"upper_bound":146457.32168444645},"point_estimate":141475.5752219004,"standard_error":2520.7403437455073},"StdDev":{"confidence_interval":{"confidence_level":0.95,"lower_bound":1741.4868572876496,"upper_bound":7831.314660086641},"point_estimate":5373.725747414387,"standard_error":1975.6817987604697}}