{"Mean":{"confidence_interval":{"confidence_level":0.95,"lower_bound":54309.117139542286,"upper_bound":55397.61151289536},"point_estimate":54836.13854142372,"standard_error":278.05104488345995},"Median":{"confidence_interval":{"confidence_level":0.95,"lower_bound":53096.92080378251,"upper_bound":54327.01322751323},"point_estimate":53405.37226120858,"standard_error":316.689517104852},"MedianAbsDev":{"confidence_interval":{"confidence_level":0.95,"lower_bound":704.6500577837104,"upper_bound":2286.851804349764},"point_estimate":1293.8437189741267,"standard_error":408.04601795231287},"Slope":{"confidence_interval":{"confidence_level":0.95,"lower_bound":53596.458767807424,"upper_bound":54884.81261216056},"point_estimate":54149.37585783951,"standard_error":332.86892439625393},"StdDev":{"confidence_interval":{"confidence_level":0.95,"lower_bound":2253.091805075241,"upper_bound":3264.3618605950132},"point_estimate":2802.5973110313475,"standard_error":257.88373270387746}}