{"Mean":{"confidence_interval":{"confidence_level":0.95,"lower_bound":-0.05846724965351613,"upper_bound":0.043785686040238025},"point_estimate":-0.02416181858719857,"standard_error":0.0328381336550502},"Median":{"confidence_interval":{"confidence_level":0.95,"lower_bound":-0.06421009932265975,"upper_bound":0.10136821768575341},"point_estimate":-0.020146946368130303,"standard_error":0.04330708127866893}}