{"Mean":{"confidence_interval":{"confidence_level":0.95,"lower_bound":0.12681086766535635,"upper_bound":0.3266900568833459},"point_estimate":0.18899568255515176,"standard_error":0.0528403474320093},"Median":{"confidence_interval":{"confidence_level":0.95,"lower_bound":0.10807408168549028,"upper_bound":0.2868297599639244},"point_estimate":0.18970965091653924,"standard_error":0.041918021738838074}}