{"Mean":{"confidence_interval":{"confidence_level":0.95,"lower_bound":3883533.1937142857,"upper_bound":4027529.3900699406},"point_estimate":3958969.0874404768,"standard_error":40381.00003227635},"Median":{"confidence_interval":{"confidence_level":0.95,"lower_bound":3839418.4285714286,"upper_bound":4069294.743125},"point_estimate":3923727.208333333,"standard_error":65548.05290271579},"MedianAbsDev":{"confidence_interval":{"confidence_level":0.95,"lower_bound":26633.478877161182,"upper_bound":205443.4457621805},"point_estimate":130767.64394840966,"standard_error":48733.4437464762},"Slope":{"confidence_interval":{"confidence_level":0.95,"lower_bound":3837005.1398681556,"upper_bound":3951979.1909854966},"point_estimate":3876313.8032467533,"standard_error":33019.291934051005},"StdDev":{"confidence_interval":{"confidence_level":0.95,"lower_bound":88316.32627172113,"upper_bound":170778.29953447977},"point_estimate":146685.517064053,"standard_error":24301.038163154964}}