{"Mean":{"confidence_interval":{"confidence_level":0.95,"lower_bound":61777461.61571429,"upper_bound":67647955.78750497},"point_estimate":63810477.05710317,"standard_error":1770237.679199364},"Median":{"confidence_interval":{"confidence_level":0.95,"lower_bound":60819833.4140625,"upper_bound":67204389.85714285},"point_estimate":61927993.25,"standard_error":1727394.719324232},"MedianAbsDev":{"confidence_interval":{"confidence_level":0.95,"lower_bound":244098.33709097528,"upper_bound":8570617.356353628},"point_estimate":2117701.639455778,"standard_error":2162913.4173402274},"Slope":{"confidence_interval":{"confidence_level":0.95,"lower_bound":61205521.8579071,"upper_bound":69228616.21069783},"point_estimate":63518008.789610386,"standard_error":2057668.486925056},"StdDev":{"confidence_interval":{"confidence_level":0.95,"lower_bound":1770574.6846817685,"upper_bound":6794477.348147222},"point_estimate":4900134.292320623,"standard_error":1515845.9427782008}}