{"Mean":{"confidence_interval":{"confidence_level":0.95,"lower_bound":-0.004125810390324801,"upper_bound":0.06774460345022565},"point_estimate":0.03126550794159311,"standard_error":0.02061065846079394},"Median":{"confidence_interval":{"confidence_level":0.95,"lower_bound":0.0167714147888356,"upper_bound":0.07553027224388709},"point_estimate":0.042859287704658966,"standard_error":0.020152961027339808}}