{"Mean":{"confidence_interval":{"confidence_level":0.95,"lower_bound":1803.9307938352226,"upper_bound":1859.6156736421353},"point_estimate":1827.7743501574455,"standard_error":14.29962298066353},"Median":{"confidence_interval":{"confidence_level":0.95,"lower_bound":1801.5378084069448,"upper_bound":1845.9783159673332},"point_estimate":1828.5338210316381,"standard_error":11.959994061642021},"MedianAbsDev":{"confidence_interval":{"confidence_level":0.95,"lower_bound":57.39371577210279,"upper_bound":100.66371766404292},"point_estimate":82.43388601127357,"standard_error":11.125006413057008},"Slope":{"confidence_interval":{"confidence_level":0.95,"lower_bound":1775.3730625981113,"upper_bound":1811.0750041900992},"point_estimate":1793.063171636277,"standard_error":9.126110196978592},"StdDev":{"confidence_interval":{"confidence_level":0.95,"lower_bound":70.70712128561918,"upper_bound":222.2017584583121},"point_estimate":143.60805420409804,"standard_error":48.32531655641925}}