{"Mean":{"confidence_interval":{"confidence_level":0.95,"lower_bound":2992.2307121275135,"upper_bound":3155.696805304238},"point_estimate":3065.9225073574116,"standard_error":41.71364018119302},"Median":{"confidence_interval":{"confidence_level":0.95,"lower_bound":2867.613010662817,"upper_bound":2998.973323747903},"point_estimate":2921.854755970924,"standard_error":41.54497740363552},"MedianAbsDev":{"confidence_interval":{"confidence_level":0.95,"lower_bound":114.23345042054892,"upper_bound":273.92632218914815},"point_estimate":177.47006254227657,"standard_error":43.54910620635605},"Slope":{"confidence_interval":{"confidence_level":0.95,"lower_bound":3041.1328153648506,"upper_bound":3223.508889770006},"point_estimate":3132.6110547015087,"standard_error":46.48383409660118},"StdDev":{"confidence_interval":{"confidence_level":0.95,"lower_bound":244.11571501053348,"upper_bound":602.6503167288209},"point_estimate":418.8363445997824,"standard_error":101.71580354660335}}