{"Mean":{"confidence_interval":{"confidence_level":0.95,"lower_bound":353361.77181245957,"upper_bound":364859.8361345808},"point_estimate":358600.6964563054,"standard_error":2956.197336637438},"Median":{"confidence_interval":{"confidence_level":0.95,"lower_bound":346093.6511627907,"upper_bound":350116.38333333336},"point_estimate":347445.2200854701,"standard_error":940.5527633967963},"MedianAbsDev":{"confidence_interval":{"confidence_level":0.95,"lower_bound":4109.860045604355,"upper_bound":9600.976203678692},"point_estimate":6171.56018536004,"standard_error":1398.1160623178757},"Slope":{"confidence_interval":{"confidence_level":0.95,"lower_bound":349515.06438211125,"upper_bound":363158.0819812603},"point_estimate":355263.8424097335,"standard_error":3529.159368151803},"StdDev":{"confidence_interval":{"confidence_level":0.95,"lower_bound":17010.516671129033,"upper_bound":40766.228213184964},"point_estimate":29715.563888582896,"standard_error":6102.966633169361}}