{"Mean":{"confidence_interval":{"confidence_level":0.95,"lower_bound":87945.7203779365,"upper_bound":91686.68598650795},"point_estimate":89669.20873650794,"standard_error":1102.4309310814162},"Median":{"confidence_interval":{"confidence_level":0.95,"lower_bound":86819.26335714286,"upper_bound":92787.30285714286},"point_estimate":89497.83714285714,"standard_error":1755.371246196874},"MedianAbsDev":{"confidence_interval":{"confidence_level":0.95,"lower_bound":1195.790668713815,"upper_bound":6242.730123769379},"point_estimate":5014.648722972188,"standard_error":1321.836831174144},"Slope":{"confidence_interval":{"confidence_level":0.95,"lower_bound":86283.16532011233,"upper_bound":89760.39670462634},"point_estimate":87209.541432282,"standard_error":920.8210636820803},"StdDev":{"confidence_interval":{"confidence_level":0.95,"lower_bound":1932.4084913082459,"upper_bound":4542.023870934334},"point_estimate":3664.4027594953895,"standard_error":665.4678883171702}}