{"Mean":{"confidence_interval":{"confidence_level":0.95,"lower_bound":-0.06824739747204263,"upper_bound":0.009070709595076871},"point_estimate":-0.02983353087351137,"standard_error":0.021001291918506023},"Median":{"confidence_interval":{"confidence_level":0.95,"lower_bound":-0.08140096968660263,"upper_bound":0.006795536307074356},"point_estimate":-0.016456894741631256,"standard_error":0.01944676005258}}