{"Mean":{"confidence_interval":{"confidence_level":0.95,"lower_bound":117262.82652326106,"upper_bound":124046.36867186087},"point_estimate":120842.15350496839,"standard_error":2171.8586609987883},"Median":{"confidence_interval":{"confidence_level":0.95,"lower_bound":115038.24788730805,"upper_bound":125790.4972899729},"point_estimate":117495.82520325202,"standard_error":3483.903192504503},"MedianAbsDev":{"confidence_interval":{"confidence_level":0.95,"lower_bound":1161.0147111954552,"upper_bound":12132.07155862486},"point_estimate":6961.967041034508,"standard_error":3423.5419642706456},"Slope":{"confidence_interval":{"confidence_level":0.95,"lower_bound":114569.28626392382,"upper_bound":121398.76177138841},"point_estimate":116575.67426882061,"standard_error":1807.7453472726672},"StdDev":{"confidence_interval":{"confidence_level":0.95,"lower_bound":4811.536377601269,"upper_bound":8894.647855408792},"point_estimate":7544.844638311045,"standard_error":1202.9020069018447}}