{"Mean":{"confidence_interval":{"confidence_level":0.95,"lower_bound":164129.8318314364,"upper_bound":170132.04312683153},"point_estimate":167033.24347244026,"standard_error":1553.409638072436},"Median":{"confidence_interval":{"confidence_level":0.95,"lower_bound":162889.72011599512,"upper_bound":171296.7880723443},"point_estimate":165931.74236874236,"standard_error":2146.816377945286},"MedianAbsDev":{"confidence_interval":{"confidence_level":0.95,"lower_bound":1904.2306335008404,"upper_bound":11648.976907588356},"point_estimate":4049.785413358354,"standard_error":3037.9104398242525},"Slope":{"confidence_interval":{"confidence_level":0.95,"lower_bound":161895.77362524677,"upper_bound":166721.2638895774},"point_estimate":163337.05146282288,"standard_error":1481.4507514585573},"StdDev":{"confidence_interval":{"confidence_level":0.95,"lower_bound":3572.236822015137,"upper_bound":7588.7855428974035},"point_estimate":5912.033164041649,"standard_error":1166.9265415821487}}