{"Mean":{"confidence_interval":{"confidence_level":0.95,"lower_bound":-0.0682882276700507,"upper_bound":0.05274930744594915},"point_estimate":-0.013239524520183954,"standard_error":0.03225150473576677},"Median":{"confidence_interval":{"confidence_level":0.95,"lower_bound":-0.08451207938377356,"upper_bound":0.09713162897685228},"point_estimate":-0.03679657418591309,"standard_error":0.04677234862064363}}