{"Mean":{"confidence_interval":{"confidence_level":0.95,"lower_bound":18830.996634605937,"upper_bound":21238.442712632666},"point_estimate":19890.81989485063,"standard_error":663.2476446875414},"Median":{"confidence_interval":{"confidence_level":0.95,"lower_bound":18434.81640625,"upper_bound":21814.72751080975},"point_estimate":19349.836477987425,"standard_error":1182.4198904787029},"MedianAbsDev":{"confidence_interval":{"confidence_level":0.95,"lower_bound":256.8458612950312,"upper_bound":2698.297249188067},"point_estimate":2404.894041723822,"standard_error":731.9299407798044},"Slope":{"confidence_interval":{"confidence_level":0.95,"lower_bound":18103.69437049876,"upper_bound":19461.948470748135},"point_estimate":18582.5551457976,"standard_error":358.7372953483789},"StdDev":{"confidence_interval":{"confidence_level":0.95,"lower_bound":1121.1327878429952,"upper_bound":2022.7319762454272},"point_estimate":1877.4882016164484,"standard_error":281.60660103840695}}