{"Mean":{"confidence_interval":{"confidence_level":0.95,"lower_bound":108538.14408673074,"upper_bound":111115.5274873681},"point_estimate":109758.07252184695,"standard_error":657.6863466385636},"Median":{"confidence_interval":{"confidence_level":0.95,"lower_bound":106722.01851851853,"upper_bound":107654.23232323233},"point_estimate":107136.43984140005,"standard_error":228.1932588863369},"MedianAbsDev":{"confidence_interval":{"confidence_level":0.95,"lower_bound":1209.5921103789026,"upper_bound":2536.3779686455086},"point_estimate":1751.4643341922724,"standard_error":332.1830898133903},"Slope":{"confidence_interval":{"confidence_level":0.95,"lower_bound":107676.08356835508,"upper_bound":110161.02624284284},"point_estimate":108790.79592368192,"standard_error":636.5414564729554},"StdDev":{"confidence_interval":{"confidence_level":0.95,"lower_bound":4898.641699844333,"upper_bound":8088.257098914695},"point_estimate":6602.831855447511,"standard_error":818.7326187274584}}