{"Mean":{"confidence_interval":{"confidence_level":0.95,"lower_bound":247675.57728151832,"upper_bound":261931.5838729508},"point_estimate":254504.37471896954,"standard_error":4036.7545607318098},"Median":{"confidence_interval":{"confidence_level":0.95,"lower_bound":244827.68388856362,"upper_bound":258367.8299180328},"point_estimate":246389.90655737705,"standard_error":5157.563894063046},"MedianAbsDev":{"confidence_interval":{"confidence_level":0.95,"lower_bound":1185.913089515491,"upper_bound":21663.249526465977},"point_estimate":5426.748936278906,"standard_error":6832.759955479156},"Slope":{"confidence_interval":{"confidence_level":0.95,"lower_bound":244029.38727787448,"upper_bound":249318.47925772105},"point_estimate":245599.9697253566,"standard_error":1327.5170406597144},"StdDev":{"confidence_interval":{"confidence_level":0.95,"lower_bound":5729.6305170740925,"upper_bound":19309.694044835676},"point_estimate":15163.84899871299,"standard_error":3650.1645315887017}}