{"Mean":{"confidence_interval":{"confidence_level":0.95,"lower_bound":73327169.78733332,"upper_bound":79072296.3877619},"point_estimate":76170862.65420634,"standard_error":1658375.9812996122},"Median":{"confidence_interval":{"confidence_level":0.95,"lower_bound":72061418.33333333,"upper_bound":81018738.81770831},"point_estimate":73567056.30555555,"standard_error":2565435.0918790894},"MedianAbsDev":{"confidence_interval":{"confidence_level":0.95,"lower_bound":606101.5305062123,"upper_bound":9350903.792630268},"point_estimate":2764466.2973575788,"standard_error":2454967.369514423},"Slope":{"confidence_interval":{"confidence_level":0.95,"lower_bound":72739438.98227173,"upper_bound":79189432.60083967},"point_estimate":75049425.3038961,"standard_error":1711417.8530661112},"StdDev":{"confidence_interval":{"confidence_level":0.95,"lower_bound":2214390.2500428017,"upper_bound":6527164.534270581},"point_estimate":5159429.435871424,"standard_error":1102600.076752058}}