{"Mean":{"confidence_interval":{"confidence_level":0.95,"lower_bound":1002965.7213470663,"upper_bound":1041617.1326514886},"point_estimate":1018584.7000142034,"standard_error":10180.54704698437},"Median":{"confidence_interval":{"confidence_level":0.95,"lower_bound":992667.4252873564,"upper_bound":999577.0},"point_estimate":996915.1339393939,"standard_error":2055.8154462777106},"MedianAbsDev":{"confidence_interval":{"confidence_level":0.95,"lower_bound":12199.690165765205,"upper_bound":25596.071675361476},"point_estimate":20061.30842999439,"standard_error":3470.5805390610626},"Slope":{"confidence_interval":{"confidence_level":0.95,"lower_bound":993025.8910638553,"upper_bound":1004091.0097516717},"point_estimate":998150.5231476282,"standard_error":2829.8807394703226},"StdDev":{"confidence_interval":{"confidence_level":0.95,"lower_bound":31239.908726077378,"upper_bound":165567.90057717805},"point_estimate":102403.30226944567,"standard_error":41407.321026899306}}