{"Mean":{"confidence_interval":{"confidence_level":0.95,"lower_bound":78168.62501272719,"upper_bound":80768.22755796633},"point_estimate":79320.0970641089,"standard_error":692.2187227398756},"Median":{"confidence_interval":{"confidence_level":0.95,"lower_bound":77695.77260362695,"upper_bound":80189.09148316062},"point_estimate":78358.7664939551,"standard_error":927.8216767003601},"MedianAbsDev":{"confidence_interval":{"confidence_level":0.95,"lower_bound":152.94858108427124,"upper_bound":3323.363674381906},"point_estimate":1430.5619949133272,"standard_error":821.2697149420004},"Slope":{"confidence_interval":{"confidence_level":0.95,"lower_bound":77637.66241170833,"upper_bound":79336.72447867478},"point_estimate":78112.45777538524,"standard_error":450.3281788796405},"StdDev":{"confidence_interval":{"confidence_level":0.95,"lower_bound":1016.7948904446159,"upper_bound":2836.460778098175},"point_estimate":2297.7139422016685,"standard_error":492.46519989251834}}