{"Mean":{"confidence_interval":{"confidence_level":0.95,"lower_bound":-0.11999215879087274,"upper_bound":-0.03857673676192647},"point_estimate":-0.0831662374305564,"standard_error":0.023316355586325773},"Median":{"confidence_interval":{"confidence_level":0.95,"lower_bound":-0.14227572170014746,"upper_bound":-0.0424815318976486},"point_estimate":-0.05509809045078251,"standard_error":0.023371655716248746}}