{"Mean":{"confidence_interval":{"confidence_level":0.95,"lower_bound":102771.9463172522,"upper_bound":110761.94544835025},"point_estimate":106644.30069791319,"standard_error":2253.9521040367267},"Median":{"confidence_interval":{"confidence_level":0.95,"lower_bound":101498.76566215034,"upper_bound":105521.36596736597},"point_estimate":103908.15272227772,"standard_error":1581.8501667607918},"MedianAbsDev":{"confidence_interval":{"confidence_level":0.95,"lower_bound":330.489270531251,"upper_bound":5887.100513729585},"point_estimate":3061.925099188916,"standard_error":1708.1188953208045},"Slope":{"confidence_interval":{"confidence_level":0.95,"lower_bound":101954.38775441765,"upper_bound":104311.090350535},"point_estimate":103004.95397329943,"standard_error":712.3358009866253},"StdDev":{"confidence_interval":{"confidence_level":0.95,"lower_bound":1372.2352383361917,"upper_bound":9922.883153588833},"point_estimate":7993.088050046675,"standard_error":2633.298924863853}}