{"Mean":{"confidence_interval":{"confidence_level":0.95,"lower_bound":91632.89381331009,"upper_bound":95075.37540728023},"point_estimate":93368.52336597163,"standard_error":1020.9836465886424},"Median":{"confidence_interval":{"confidence_level":0.95,"lower_bound":90771.36226166996,"upper_bound":94782.97802197802},"point_estimate":93284.76932938857,"standard_error":1411.7248823540165},"MedianAbsDev":{"confidence_interval":{"confidence_level":0.95,"lower_bound":484.19333956953653,"upper_bound":5086.458829065276},"point_estimate":2575.2158518547376,"standard_error":1163.2871168662273},"Slope":{"confidence_interval":{"confidence_level":0.95,"lower_bound":90334.81445815598,"upper_bound":93993.6961392832},"point_estimate":91741.86155383078,"standard_error":985.6835981846838},"StdDev":{"confidence_interval":{"confidence_level":0.95,"lower_bound":1629.5291948556248,"upper_bound":4385.96097287081},"point_estimate":3098.609961303054,"standard_error":722.7863010822805}}