{"Mean":{"confidence_interval":{"confidence_level":0.95,"lower_bound":-0.050011199685994025,"upper_bound":0.04633097498424306},"point_estimate":0.021087678887870442,"standard_error":0.028731318401309967},"Median":{"confidence_interval":{"confidence_level":0.95,"lower_bound":-0.09712223664542902,"upper_bound":0.0793696053005912},"point_estimate":-0.018469227300260793,"standard_error":0.05597831843638129}}