{"Mean":{"confidence_interval":{"confidence_level":0.95,"lower_bound":-0.3595942225065416,"upper_bound":-0.2859085271932226},"point_estimate":-0.3294739495537662,"standard_error":0.021967015874832158},"Median":{"confidence_interval":{"confidence_level":0.95,"lower_bound":-0.3768277045939773,"upper_bound":-0.2571057417637819},"point_estimate":-0.34469561696443096,"standard_error":0.0323937432323499}}