{"Mean":{"confidence_interval":{"confidence_level":0.95,"lower_bound":21224.698114856656,"upper_bound":22534.187192541303},"point_estimate":21799.97241739553,"standard_error":348.42249473088384},"Median":{"confidence_interval":{"confidence_level":0.95,"lower_bound":21143.173833819244,"upper_bound":22138.60106899903},"point_estimate":21276.86279154519,"standard_error":271.18266993024463},"MedianAbsDev":{"confidence_interval":{"confidence_level":0.95,"lower_bound":93.86210624815631,"upper_bound":2051.2087403809583},"point_estimate":353.1665520973871,"standard_error":606.8812058929634},"Slope":{"confidence_interval":{"confidence_level":0.95,"lower_bound":20525.281747928544,"upper_bound":21399.714126354327},"point_estimate":20928.951959410853,"standard_error":272.5452622651746},"StdDev":{"confidence_interval":{"confidence_level":0.95,"lower_bound":637.1018126937399,"upper_bound":1835.1549052365547},"point_estimate":1384.4533239243337,"standard_error":306.3326755368555}}