{"Mean":{"confidence_interval":{"confidence_level":0.95,"lower_bound":8514.081969331875,"upper_bound":8623.166065040235},"point_estimate":8565.638829048621,"standard_error":27.90621013510837},"Median":{"confidence_interval":{"confidence_level":0.95,"lower_bound":8426.642496922388,"upper_bound":8510.680034873583},"point_estimate":8472.887634793886,"standard_error":24.246976630608078},"MedianAbsDev":{"confidence_interval":{"confidence_level":0.95,"lower_bound":75.36401936530596,"upper_bound":170.33804723911223},"point_estimate":125.42792308033484,"standard_error":25.626837338469418},"Slope":{"confidence_interval":{"confidence_level":0.95,"lower_bound":8501.122453655427,"upper_bound":8651.829781031201},"point_estimate":8569.628095966515,"standard_error":38.58523466608659},"StdDev":{"confidence_interval":{"confidence_level":0.95,"lower_bound":200.99707043969173,"upper_bound":347.5593065675343},"point_estimate":280.3392496730928,"standard_error":37.51664913692388}}