{"Mean":{"confidence_interval":{"confidence_level":0.95,"lower_bound":19526.737669728172,"upper_bound":19749.979791432666},"point_estimate":19630.122983697984,"standard_error":66.02999916301178},"Median":{"confidence_interval":{"confidence_level":0.95,"lower_bound":19493.591884213758,"upper_bound":19847.4933507371},"point_estimate":19636.223674973677,"standard_error":92.95111717758833},"MedianAbsDev":{"confidence_interval":{"confidence_level":0.95,"lower_bound":14.52683115794717,"upper_bound":317.0295675779867},"point_estimate":213.4804106448567,"standard_error":84.76266754017544},"Slope":{"confidence_interval":{"confidence_level":0.95,"lower_bound":19500.34655799353,"upper_bound":19725.147660556762},"point_estimate":19619.45517725518,"standard_error":63.78263603906972},"StdDev":{"confidence_interval":{"confidence_level":0.95,"lower_bound":110.97580961195521,"upper_bound":234.1083140268808},"point_estimate":191.27648103259966,"standard_error":40.14499720018996}}