{"Mean":{"confidence_interval":{"confidence_level":0.95,"lower_bound":25611.57155546599,"upper_bound":27654.575967179233},"point_estimate":26615.807876915234,"standard_error":611.5862142629863},"Median":{"confidence_interval":{"confidence_level":0.95,"lower_bound":25584.42459736173,"upper_bound":27533.064934172453},"point_estimate":25756.795203993053,"standard_error":473.60132042067977},"MedianAbsDev":{"confidence_interval":{"confidence_level":0.95,"lower_bound":33.86936060801205,"upper_bound":2243.6513045118436},"point_estimate":382.3722713538987,"standard_error":568.005010327928},"Slope":{"confidence_interval":{"confidence_level":0.95,"lower_bound":25426.57321508001,"upper_bound":26237.740938280745},"point_estimate":25633.114768217893,"standard_error":199.7054394070169},"StdDev":{"confidence_interval":{"confidence_level":0.95,"lower_bound":258.14983736194876,"upper_bound":2356.656567605329},"point_estimate":1863.4047658228496,"standard_error":590.8455473221167}}