{"Mean":{"confidence_interval":{"confidence_level":0.95,"lower_bound":26533.7296465673,"upper_bound":27326.391721685442},"point_estimate":26917.81339255661,"standard_error":201.94884718777936},"Median":{"confidence_interval":{"confidence_level":0.95,"lower_bound":25750.508297771456,"upper_bound":26226.191462593666},"point_estimate":25971.095516780515,"standard_error":139.2858548632778},"MedianAbsDev":{"confidence_interval":{"confidence_level":0.95,"lower_bound":561.3599625566206,"upper_bound":1214.7665681457502},"point_estimate":735.796033987444,"standard_error":179.9654476419556},"Slope":{"confidence_interval":{"confidence_level":0.95,"lower_bound":25997.613864203307,"upper_bound":26891.371506034353},"point_estimate":26408.045277998554,"standard_error":229.81073260839963},"StdDev":{"confidence_interval":{"confidence_level":0.95,"lower_bound":1681.8244451642836,"upper_bound":2313.189603335471},"point_estimate":2029.212322626545,"standard_error":161.7602326341063}}