{"Mean":{"confidence_interval":{"confidence_level":0.95,"lower_bound":0.02275284221892025,"upper_bound":0.059431891792119836},"point_estimate":0.040256589644724006,"standard_error":0.00941708149920547},"Median":{"confidence_interval":{"confidence_level":0.95,"lower_bound":0.003129432714202851,"upper_bound":0.05835028137430265},"point_estimate":0.0187957056493695,"standard_error":0.013041323453031375}}