{"Mean":{"confidence_interval":{"confidence_level":0.95,"lower_bound":0.009596611180631353,"upper_bound":0.10761542553896263},"point_estimate":0.046311306529986274,"standard_error":0.026265774009062014},"Median":{"confidence_interval":{"confidence_level":0.95,"lower_bound":-0.02652026810545267,"upper_bound":0.12700337601622413},"point_estimate":0.05478491761813009,"standard_error":0.046345018684497995}}