{"Mean":{"confidence_interval":{"confidence_level":0.95,"lower_bound":18503.652791579665,"upper_bound":19461.560010657733},"point_estimate":18938.41316106954,"standard_error":288.69578861975526},"Median":{"confidence_interval":{"confidence_level":0.95,"lower_bound":18402.715286236296,"upper_bound":18946.35682602517},"point_estimate":18703.289607621366,"standard_error":153.1771909888547},"MedianAbsDev":{"confidence_interval":{"confidence_level":0.95,"lower_bound":123.55974411057808,"upper_bound":536.5201838666136},"point_estimate":437.18287113613843,"standard_error":122.64567755677415},"Slope":{"confidence_interval":{"confidence_level":0.95,"lower_bound":18419.548438813366,"upper_bound":18752.294944994937},"point_estimate":18554.242504389644,"standard_error":88.27373705304191},"StdDev":{"confidence_interval":{"confidence_level":0.95,"lower_bound":199.10824812116167,"upper_bound":1474.7513681791388},"point_estimate":969.136832927958,"standard_error":442.23636694401534}}