{"Mean":{"confidence_interval":{"confidence_level":0.95,"lower_bound":183999836.31180558,"upper_bound":194086431.025625},"point_estimate":188379774.4838889,"standard_error":2635288.7333046757},"Median":{"confidence_interval":{"confidence_level":0.95,"lower_bound":183129143.8125,"upper_bound":195563065.10208333},"point_estimate":184972685.93333334,"standard_error":3248785.621548852},"MedianAbsDev":{"confidence_interval":{"confidence_level":0.95,"lower_bound":730864.6031425551,"upper_bound":9154478.045844918},"point_estimate":2953668.556571907,"standard_error":2454797.2785499906},"Slope":{"confidence_interval":{"confidence_level":0.95,"lower_bound":183253854.536881,"upper_bound":187106956.1842119},"point_estimate":184640617.25194806,"standard_error":1190006.8061411635},"StdDev":{"confidence_interval":{"confidence_level":0.95,"lower_bound":1390221.4383757166,"upper_bound":9240061.64183155},"point_estimate":7709192.65072384,"standard_error":2284213.9693300975}}