{"Mean":{"confidence_interval":{"confidence_level":0.95,"lower_bound":131779.69476990475,"upper_bound":142207.2413767619},"point_estimate":137001.24817523808,"standard_error":3094.830213496857},"Median":{"confidence_interval":{"confidence_level":0.95,"lower_bound":128748.78101,"upper_bound":143275.41703333333},"point_estimate":136599.756,"standard_error":5702.801656378261},"MedianAbsDev":{"confidence_interval":{"confidence_level":0.95,"lower_bound":699.8919579744337,"upper_bound":18614.698769443025},"point_estimate":11302.38088150262,"standard_error":4666.536730285475},"Slope":{"confidence_interval":{"confidence_level":0.95,"lower_bound":127183.92594900764,"upper_bound":139432.97688630945},"point_estimate":131900.64367792208,"standard_error":3672.721295918073},"StdDev":{"confidence_interval":{"confidence_level":0.95,"lower_bound":7429.308547585549,"upper_bound":14009.964595037663},"point_estimate":11225.048300947354,"standard_error":1911.0584144672748}}