{"Mean":{"confidence_interval":{"confidence_level":0.95,"lower_bound":251562.1567267368,"upper_bound":259231.04510881592},"point_estimate":254464.7700666357,"standard_error":2098.710249073926},"Median":{"confidence_interval":{"confidence_level":0.95,"lower_bound":249813.67592592593,"upper_bound":252185.7195945946},"point_estimate":250921.32751623378,"standard_error":535.0898769304871},"MedianAbsDev":{"confidence_interval":{"confidence_level":0.95,"lower_bound":2364.534949057087,"upper_bound":4475.299731386719},"point_estimate":3457.8005179355905,"standard_error":521.7306159329296},"Slope":{"confidence_interval":{"confidence_level":0.95,"lower_bound":251418.83032678848,"upper_bound":254790.20710434756},"point_estimate":252886.63650731492,"standard_error":865.4295314156835},"StdDev":{"confidence_interval":{"confidence_level":0.95,"lower_bound":3936.6395875870126,"upper_bound":35310.13704956559},"point_estimate":21117.288459746454,"standard_error":10283.15812887482}}