{"Mean":{"confidence_interval":{"confidence_level":0.95,"lower_bound":-0.036689928354331644,"upper_bound":0.01081928954431933},"point_estimate":-0.013262190049845635,"standard_error":0.011967910146445881},"Median":{"confidence_interval":{"confidence_level":0.95,"lower_bound":-0.015369921044338875,"upper_bound":-0.0024690537119144754},"point_estimate":-0.008220651954761626,"standard_error":0.0032904984266911136}}