{"Mean":{"confidence_interval":{"confidence_level":0.95,"lower_bound":20072.92680730461,"upper_bound":20721.409975368202},"point_estimate":20325.715421505767,"standard_error":172.22346576802406},"Median":{"confidence_interval":{"confidence_level":0.95,"lower_bound":19925.47857142857,"upper_bound":20130.345991561182},"point_estimate":20022.139443646232,"standard_error":59.10694503794604},"MedianAbsDev":{"confidence_interval":{"confidence_level":0.95,"lower_bound":301.18201960947465,"upper_bound":490.3551698276668},"point_estimate":388.4812289823039,"standard_error":45.220133890809215},"Slope":{"confidence_interval":{"confidence_level":0.95,"lower_bound":19943.351254273886,"upper_bound":20092.643633729393},"point_estimate":20014.706315083,"standard_error":38.02660456002539},"StdDev":{"confidence_interval":{"confidence_level":0.95,"lower_bound":497.4879603738783,"upper_bound":2837.074573970999},"point_estimate":1728.5986716983598,"standard_error":762.4530276809189}}