{"Mean":{"confidence_interval":{"confidence_level":0.95,"lower_bound":-0.09543475532770251,"upper_bound":-0.004920022009358476},"point_estimate":-0.0676236534282949,"standard_error":0.023185782717681097},"Median":{"confidence_interval":{"confidence_level":0.95,"lower_bound":-0.07403149528454393,"upper_bound":-0.01578987105040269},"point_estimate":-0.07014329485113746,"standard_error":0.016508468906783813}}