{"Mean":{"confidence_interval":{"confidence_level":0.95,"lower_bound":-0.5529060100766595,"upper_bound":-0.5265654470961108},"point_estimate":-0.5428962278287381,"standard_error":0.008642601608449853},"Median":{"confidence_interval":{"confidence_level":0.95,"lower_bound":-0.5591937543539107,"upper_bound":-0.5175915238555978},"point_estimate":-0.5485407960659487,"standard_error":0.012047039061594916}}