{"Mean":{"confidence_interval":{"confidence_level":0.95,"lower_bound":1942935.7900892857,"upper_bound":2374152.365295015},"point_estimate":2133974.454935516,"standard_error":125763.71896944687},"Median":{"confidence_interval":{"confidence_level":0.95,"lower_bound":1894103.4244791665,"upper_bound":2345328.1518229167},"point_estimate":1940970.621031746,"standard_error":131432.1730593894},"MedianAbsDev":{"confidence_interval":{"confidence_level":0.95,"lower_bound":18769.299322582952,"upper_bound":426044.03750329016},"point_estimate":86909.90573370743,"standard_error":133627.9069910355},"Slope":{"confidence_interval":{"confidence_level":0.95,"lower_bound":1903758.9882850263,"upper_bound":2029945.792797652},"point_estimate":1933059.5948051948,"standard_error":31790.225269565584},"StdDev":{"confidence_interval":{"confidence_level":0.95,"lower_bound":88774.80443037758,"upper_bound":481417.6380183778},"point_estimate":365182.0904579979,"standard_error":126339.24326310489}}