{"Mean":{"confidence_interval":{"confidence_level":0.95,"lower_bound":1171991.3210630342,"upper_bound":1242784.7697403848},"point_estimate":1203337.0045299146,"standard_error":17941.74560404602},"Median":{"confidence_interval":{"confidence_level":0.95,"lower_bound":1169770.2444711537,"upper_bound":1226443.6783653845},"point_estimate":1185931.853846154,"standard_error":13904.826054560968},"MedianAbsDev":{"confidence_interval":{"confidence_level":0.95,"lower_bound":2984.684732395932,"upper_bound":77603.65565075005},"point_estimate":28064.553070985457,"standard_error":20861.82637364199},"Slope":{"confidence_interval":{"confidence_level":0.95,"lower_bound":1152789.0300182928,"upper_bound":1188182.1891030304},"point_estimate":1171226.2763236763,"standard_error":10112.16916817964},"StdDev":{"confidence_interval":{"confidence_level":0.95,"lower_bound":20985.973701554423,"upper_bound":83981.8282737652},"point_estimate":58392.72370355517,"standard_error":18950.669221791453}}