{"Mean":{"confidence_interval":{"confidence_level":0.95,"lower_bound":32517.549485852313,"upper_bound":33720.19012681159},"point_estimate":33103.63643645864,"standard_error":335.6072936794234},"Median":{"confidence_interval":{"confidence_level":0.95,"lower_bound":32207.68236714976,"upper_bound":33696.92835791925},"point_estimate":32921.6342305038,"standard_error":317.44746118373513},"MedianAbsDev":{"confidence_interval":{"confidence_level":0.95,"lower_bound":126.57147311522905,"upper_bound":1455.0737759788676},"point_estimate":901.1000144370581,"standard_error":388.69814715436723},"Slope":{"confidence_interval":{"confidence_level":0.95,"lower_bound":32381.25775526418,"upper_bound":33629.813694223114},"point_estimate":33041.8004409669,"standard_error":331.9615842047706},"StdDev":{"confidence_interval":{"confidence_level":0.95,"lower_bound":286.55587609091435,"upper_bound":1419.7012778131275},"point_estimate":1067.9244937604983,"standard_error":310.67129295574586}}