{"Mean":{"confidence_interval":{"confidence_level":0.95,"lower_bound":63704632.66566667,"upper_bound":69838463.38343452},"point_estimate":67129702.61821428,"standard_error":1632242.8693352803},"Median":{"confidence_interval":{"confidence_level":0.95,"lower_bound":63184743.09458333,"upper_bound":71911584.24374999},"point_estimate":64912542.3125,"standard_error":2330654.395446922},"MedianAbsDev":{"confidence_interval":{"confidence_level":0.95,"lower_bound":282830.91690474015,"upper_bound":7907305.824128006},"point_estimate":2722693.262675034,"standard_error":2182474.939180078},"Slope":{"confidence_interval":{"confidence_level":0.95,"lower_bound":63629993.324696474,"upper_bound":71566479.84448865},"point_estimate":66244377.5038961,"standard_error":2179579.085501315},"StdDev":{"confidence_interval":{"confidence_level":0.95,"lower_bound":981012.0456876443,"upper_bound":5912362.909901631},"point_estimate":5036045.808913171,"standard_error":1155809.4418680156}}