{"Mean":{"confidence_interval":{"confidence_level":0.95,"lower_bound":121907.54549277909,"upper_bound":135263.49132179448},"point_estimate":127588.46023646889,"standard_error":3693.878548520641},"Median":{"confidence_interval":{"confidence_level":0.95,"lower_bound":120988.44672131147,"upper_bound":136836.27663934426},"point_estimate":122858.74447859745,"standard_error":4545.504490467031},"MedianAbsDev":{"confidence_interval":{"confidence_level":0.95,"lower_bound":205.86328249171683,"upper_bound":11758.00350378801},"point_estimate":2859.3727072619463,"standard_error":3373.623865691563},"Slope":{"confidence_interval":{"confidence_level":0.95,"lower_bound":121158.90519442993,"upper_bound":124499.32740535702},"point_estimate":122873.12512241857,"standard_error":936.0255764767032},"StdDev":{"confidence_interval":{"confidence_level":0.95,"lower_bound":1950.0632416802769,"upper_bound":12644.653936750115},"point_estimate":10282.801566099579,"standard_error":3271.662860029414}}