{"Mean":{"confidence_interval":{"confidence_level":0.95,"lower_bound":90467.01941592414,"upper_bound":100093.75345566754},"point_estimate":94882.77206568312,"standard_error":2671.2685894254555},"Median":{"confidence_interval":{"confidence_level":0.95,"lower_bound":89453.35503834356,"upper_bound":99409.68578184341},"point_estimate":91134.54564709318,"standard_error":2442.6171746971086},"MedianAbsDev":{"confidence_interval":{"confidence_level":0.95,"lower_bound":401.2571069253365,"upper_bound":13678.873855420365},"point_estimate":3314.8019100922247,"standard_error":3340.085098426666},"Slope":{"confidence_interval":{"confidence_level":0.95,"lower_bound":90385.46043119795,"upper_bound":92764.79933808245},"point_estimate":91044.12704963748,"standard_error":722.166184174793},"StdDev":{"confidence_interval":{"confidence_level":0.95,"lower_bound":1875.2248586556723,"upper_bound":11003.44168749902},"point_estimate":8300.085213694172,"standard_error":2677.8931036170393}}