{"Mean":{"confidence_interval":{"confidence_level":0.95,"lower_bound":21374.65853060134,"upper_bound":23216.80368118401},"point_estimate":22294.517152373766,"standard_error":550.0613553221218},"Median":{"confidence_interval":{"confidence_level":0.95,"lower_bound":21451.63645833333,"upper_bound":23607.061477860374},"point_estimate":22636.8895173454,"standard_error":627.5459365040018},"MedianAbsDev":{"confidence_interval":{"confidence_level":0.95,"lower_bound":467.48739854150534,"upper_bound":3133.776529425148},"point_estimate":1747.4273574385015,"standard_error":879.0744583489696},"Slope":{"confidence_interval":{"confidence_level":0.95,"lower_bound":20039.182389643807,"upper_bound":22785.7087069324},"point_estimate":21094.386852363325,"standard_error":849.5219098810188},"StdDev":{"confidence_interval":{"confidence_level":0.95,"lower_bound":1285.8558555419343,"upper_bound":2333.9447908848024},"point_estimate":1889.9591444646317,"standard_error":309.22881056859353}}