{"Mean":{"confidence_interval":{"confidence_level":0.95,"lower_bound":4240.946432951081,"upper_bound":4456.43371398818},"point_estimate":4340.436138481651,"standard_error":55.21776203302711},"Median":{"confidence_interval":{"confidence_level":0.95,"lower_bound":4176.679531631899,"upper_bound":4316.1177218578505},"point_estimate":4253.095279687604,"standard_error":34.24500466264144},"MedianAbsDev":{"confidence_interval":{"confidence_level":0.95,"lower_bound":241.94227558132874,"upper_bound":401.3677328517187},"point_estimate":347.9325805190282,"standard_error":39.801261693350625},"Slope":{"confidence_interval":{"confidence_level":0.95,"lower_bound":4171.677565439751,"upper_bound":4343.377831260537},"point_estimate":4252.585087111176,"standard_error":43.80684936443652},"StdDev":{"confidence_interval":{"confidence_level":0.95,"lower_bound":323.3934360291619,"upper_bound":773.6342019639059},"point_estimate":556.8162577961967,"standard_error":117.71432196309262}}