{"Mean":{"confidence_interval":{"confidence_level":0.95,"lower_bound":9833.970025673527,"upper_bound":10477.463108701473},"point_estimate":10151.847548073245,"standard_error":186.31068376582525},"Median":{"confidence_interval":{"confidence_level":0.95,"lower_bound":9940.422402108434,"upper_bound":10210.502008032128},"point_estimate":9989.200813253012,"standard_error":106.19292931300708},"MedianAbsDev":{"confidence_interval":{"confidence_level":0.95,"lower_bound":53.54896562160412,"upper_bound":729.7252623560313},"point_estimate":209.59496104551195,"standard_error":216.8231033200175},"Slope":{"confidence_interval":{"confidence_level":0.95,"lower_bound":9686.43900957531,"upper_bound":10215.54638083116},"point_estimate":9839.32221248631,"standard_error":149.94796282126757},"StdDev":{"confidence_interval":{"confidence_level":0.95,"lower_bound":203.33836402617362,"upper_bound":798.8940100344903},"point_estimate":578.2867783135124,"standard_error":173.55821957179526}}