{"Mean":{"confidence_interval":{"confidence_level":0.95,"lower_bound":450840181.7578244,"upper_bound":462846867.7609673},"point_estimate":455646106.8465477,"standard_error":3500622.2419565255},"Median":{"confidence_interval":{"confidence_level":0.95,"lower_bound":447249154.075,"upper_bound":462549418.4907738},"point_estimate":451983005.6875,"standard_error":4153402.453845068},"MedianAbsDev":{"confidence_interval":{"confidence_level":0.95,"lower_bound":1385132.8321214765,"upper_bound":14780918.610964235},"point_estimate":7500047.654747544,"standard_error":3290334.159588714},"Slope":{"confidence_interval":{"confidence_level":0.95,"lower_bound":451160903.4943189,"upper_bound":466649556.3419955},"point_estimate":457414299.6753247,"standard_error":4746610.229500223},"StdDev":{"confidence_interval":{"confidence_level":0.95,"lower_bound":3578386.3394798376,"upper_bound":14273945.698542422},"point_estimate":11438774.915417328,"standard_error":3018553.736964316}}