{"Mean":{"confidence_interval":{"confidence_level":0.95,"lower_bound":-0.0519049458143267,"upper_bound":-0.008930303605659901},"point_estimate":-0.030711512229001925,"standard_error":0.011868220642733577},"Median":{"confidence_interval":{"confidence_level":0.95,"lower_bound":-0.03967899793450533,"upper_bound":-0.007362568612254228},"point_estimate":-0.020853027485459585,"standard_error":0.008966924803265905}}