{"Mean":{"confidence_interval":{"confidence_level":0.95,"lower_bound":273686.0115055761,"upper_bound":290076.3059992816},"point_estimate":278994.4492022441,"standard_error":4922.033263599722},"Median":{"confidence_interval":{"confidence_level":0.95,"lower_bound":271685.54364463605,"upper_bound":294992.8965517241},"point_estimate":277818.5165229885,"standard_error":4888.43937707996},"MedianAbsDev":{"confidence_interval":{"confidence_level":0.95,"lower_bound":556.0637916903576,"upper_bound":22300.900435139498},"point_estimate":7735.7279216288825,"standard_error":6036.542651449459},"Slope":{"confidence_interval":{"confidence_level":0.95,"lower_bound":266444.25911335874,"upper_bound":279168.8723071986},"point_estimate":270905.25311240484,"standard_error":4136.90031678328},"StdDev":{"confidence_interval":{"confidence_level":0.95,"lower_bound":7275.860265461541,"upper_bound":15772.316953291232},"point_estimate":13063.740897626234,"standard_error":2543.859296617943}}