{"Mean":{"confidence_interval":{"confidence_level":0.95,"lower_bound":0.030561740160376764,"upper_bound":0.08458806592569242},"point_estimate":0.05838270656405897,"standard_error":0.017307793994621443},"Median":{"confidence_interval":{"confidence_level":0.95,"lower_bound":0.012423016201863351,"upper_bound":0.0385221877291575},"point_estimate":0.023090866259793286,"standard_error":0.007983981649725379}}