{"Mean":{"confidence_interval":{"confidence_level":0.95,"lower_bound":215462941.36295834,"upper_bound":225187627.76159522},"point_estimate":220082134.79952383,"standard_error":2551645.9379999763},"Median":{"confidence_interval":{"confidence_level":0.95,"lower_bound":220059397.28482145,"upper_bound":226460824.85916665},"point_estimate":221868653.875,"standard_error":1865650.5736425146},"MedianAbsDev":{"confidence_interval":{"confidence_level":0.95,"lower_bound":730186.3297160969,"upper_bound":7435937.419685729},"point_estimate":6273987.37659445,"standard_error":2018770.0727740978},"Slope":{"confidence_interval":{"confidence_level":0.95,"lower_bound":207049991.36077064,"upper_bound":223161687.84789973},"point_estimate":215845399.65714285,"standard_error":5077152.035507076},"StdDev":{"confidence_interval":{"confidence_level":0.95,"lower_bound":2964677.826118308,"upper_bound":12557024.745373543},"point_estimate":8389789.720679075,"standard_error":3149964.5808154675}}