{"Mean":{"confidence_interval":{"confidence_level":0.95,"lower_bound":1501509224.0695238,"upper_bound":1546497695.9387946},"point_estimate":1521947998.207976,"standard_error":11559425.144333718},"Median":{"confidence_interval":{"confidence_level":0.95,"lower_bound":1493405927.881607,"upper_bound":1527316354.25},"point_estimate":1518199113.9166665,"standard_error":8194270.7137855375},"MedianAbsDev":{"confidence_interval":{"confidence_level":0.95,"lower_bound":5603878.314241991,"upper_bound":46460000.249900654},"point_estimate":25029762.28818782,"standard_error":12674951.687519291},"Slope":{"confidence_interval":{"confidence_level":0.95,"lower_bound":1494964686.7694888,"upper_bound":1543288428.0946257},"point_estimate":1507566203.3636363,"standard_error":12527862.576770237},"StdDev":{"confidence_interval":{"confidence_level":0.95,"lower_bound":15183703.32904481,"upper_bound":49822388.25765368},"point_estimate":35091803.947129816,"standard_error":11571376.470322529}}