{"Mean":{"confidence_interval":{"confidence_level":0.95,"lower_bound":2070.2552867096474,"upper_bound":2160.233956678352},"point_estimate":2110.886477898531,"standard_error":22.981868876158238},"Median":{"confidence_interval":{"confidence_level":0.95,"lower_bound":2001.0983371559632,"upper_bound":2126.2674615100705},"point_estimate":2056.8450742682394,"standard_error":30.29146553451603},"MedianAbsDev":{"confidence_interval":{"confidence_level":0.95,"lower_bound":103.91470970175504,"upper_bound":223.4719072601263},"point_estimate":172.38013070110875,"standard_error":29.405962927392313},"Slope":{"confidence_interval":{"confidence_level":0.95,"lower_bound":2028.2850288555367,"upper_bound":2106.8383659308433},"point_estimate":2067.460253015511,"standard_error":20.102904917754717},"StdDev":{"confidence_interval":{"confidence_level":0.95,"lower_bound":141.58930530336318,"upper_bound":331.55763566079844},"point_estimate":230.90795997086587,"standard_error":56.857129846774356}}