{"Mean":{"confidence_interval":{"confidence_level":0.95,"lower_bound":7586.123906433334,"upper_bound":8140.762711375132},"point_estimate":7828.450940175889,"standard_error":142.9928287644839},"Median":{"confidence_interval":{"confidence_level":0.95,"lower_bound":7496.420644572819,"upper_bound":7692.346109233669},"point_estimate":7582.8226945635015,"standard_error":48.07295365681728},"MedianAbsDev":{"confidence_interval":{"confidence_level":0.95,"lower_bound":384.0419224841583,"upper_bound":589.2975414671648},"point_estimate":472.85063271411457,"standard_error":51.36578200886648},"Slope":{"confidence_interval":{"confidence_level":0.95,"lower_bound":7419.317825119249,"upper_bound":7728.076341859072},"point_estimate":7574.080996588752,"standard_error":78.64156589966764},"StdDev":{"confidence_interval":{"confidence_level":0.95,"lower_bound":679.1932906133474,"upper_bound":2168.6848658606796},"point_estimate":1433.6610573562182,"standard_error":427.910239938689}}