{"Mean":{"confidence_interval":{"confidence_level":0.95,"lower_bound":977418.719858631,"upper_bound":1129374.4101791293},"point_estimate":1038639.1432564486,"standard_error":40791.29530820624},"Median":{"confidence_interval":{"confidence_level":0.95,"lower_bound":935247.2782118055,"upper_bound":1123426.35703125},"point_estimate":1026680.7916666667,"standard_error":53387.20599920227},"MedianAbsDev":{"confidence_interval":{"confidence_level":0.95,"lower_bound":31864.84595631715,"upper_bound":174138.26045789666},"point_estimate":130362.32435477283,"standard_error":43677.90370918927},"Slope":{"confidence_interval":{"confidence_level":0.95,"lower_bound":936689.2507895083,"upper_bound":1020864.6824171928},"point_estimate":977487.788474026,"standard_error":23134.815871338626},"StdDev":{"confidence_interval":{"confidence_level":0.95,"lower_bound":55215.45159251005,"upper_bound":137030.7149310316},"point_estimate":116582.56292046822,"standard_error":24842.227019483315}}