{"Mean":{"confidence_interval":{"confidence_level":0.95,"lower_bound":390382.48710538197,"upper_bound":420993.4760427083},"point_estimate":408049.27207638894,"standard_error":8795.354680308506},"Median":{"confidence_interval":{"confidence_level":0.95,"lower_bound":388809.1859375,"upper_bound":421952.5061458333},"point_estimate":391450.08125,"standard_error":11371.056174231491},"MedianAbsDev":{"confidence_interval":{"confidence_level":0.95,"lower_bound":1008.6683338529831,"upper_bound":44966.02818806845},"point_estimate":5771.092210980124,"standard_error":11307.38783226783},"Slope":{"confidence_interval":{"confidence_level":0.95,"lower_bound":390176.3011901734,"upper_bound":398794.8371799188},"point_estimate":392602.7625974026,"standard_error":2416.080146840872},"StdDev":{"confidence_interval":{"confidence_level":0.95,"lower_bound":7105.7796131205905,"upper_bound":32865.431159871914},"point_estimate":29706.709100839795,"standard_error":6675.8543061945575}}