{"Mean":{"confidence_interval":{"confidence_level":0.95,"lower_bound":260929.0943393809,"upper_bound":264673.6099610196},"point_estimate":262729.65933668165,"standard_error":954.8319631653925},"Median":{"confidence_interval":{"confidence_level":0.95,"lower_bound":257499.54166666666,"upper_bound":262506.73179012345},"point_estimate":258479.4772727273,"standard_error":1203.9140503273925},"MedianAbsDev":{"confidence_interval":{"confidence_level":0.95,"lower_bound":3729.0232408848296,"upper_bound":9226.455451256026},"point_estimate":5728.325820042768,"standard_error":1190.1936953780707},"Slope":{"confidence_interval":{"confidence_level":0.95,"lower_bound":259661.8025518658,"upper_bound":263743.2967815459},"point_estimate":261563.2852970297,"standard_error":1042.080403742074},"StdDev":{"confidence_interval":{"confidence_level":0.95,"lower_bound":7585.30938997628,"upper_bound":11448.102571569598},"point_estimate":9628.781218226477,"standard_error":992.5349450535928}}