{"Mean":{"confidence_interval":{"confidence_level":0.95,"lower_bound":32795059.88623215,"upper_bound":35313694.40158929},"point_estimate":34031265.572380945,"standard_error":684480.9954289033},"Median":{"confidence_interval":{"confidence_level":0.95,"lower_bound":32538177.0,"upper_bound":33914768.0925},"point_estimate":33191824.333333336,"standard_error":494162.17920540785},"MedianAbsDev":{"confidence_interval":{"confidence_level":0.95,"lower_bound":97040.52248806093,"upper_bound":2604273.7563197715},"point_estimate":1046102.8352029659,"standard_error":706061.6128657617},"Slope":{"confidence_interval":{"confidence_level":0.95,"lower_bound":32682247.897316396,"upper_bound":37091626.696513064},"point_estimate":35172571.92467532,"standard_error":1295710.0948072986},"StdDev":{"confidence_interval":{"confidence_level":0.95,"lower_bound":589519.4572229823,"upper_bound":3343951.7073868467},"point_estimate":2620524.5351228784,"standard_error":662606.8107938281}}