{"Mean":{"confidence_interval":{"confidence_level":0.95,"lower_bound":-0.03839805196873199,"upper_bound":0.06869660340967587},"point_estimate":0.028253426160221418,"standard_error":0.030764179588599793},"Median":{"confidence_interval":{"confidence_level":0.95,"lower_bound":-0.03377310166011878,"upper_bound":0.02859568129060508},"point_estimate":0.010078399568510976,"standard_error":0.016416147121219197}}