{"Mean":{"confidence_interval":{"confidence_level":0.95,"lower_bound":273474.4219737458,"upper_bound":292794.26945684524},"point_estimate":281180.88392431976,"standard_error":5687.587378900769},"Median":{"confidence_interval":{"confidence_level":0.95,"lower_bound":268733.9996811225,"upper_bound":291697.5},"point_estimate":273481.3035714286,"standard_error":6902.768250894589},"MedianAbsDev":{"confidence_interval":{"confidence_level":0.95,"lower_bound":1099.140151017623,"upper_bound":20324.91505322314},"point_estimate":10440.484017144368,"standard_error":6167.344930525117},"Slope":{"confidence_interval":{"confidence_level":0.95,"lower_bound":267748.01794833783,"upper_bound":276454.87209633697},"point_estimate":270706.5615491651,"standard_error":2533.9371954487933},"StdDev":{"confidence_interval":{"confidence_level":0.95,"lower_bound":7493.237320688359,"upper_bound":26671.6542408312},"point_estimate":18678.644920853116,"standard_error":5290.597237747177}}