{"Mean":{"confidence_interval":{"confidence_level":0.95,"lower_bound":278209.16945671965,"upper_bound":288414.5636101715},"point_estimate":282913.5421273354,"standard_error":2612.234120026877},"Median":{"confidence_interval":{"confidence_level":0.95,"lower_bound":273143.6341873706,"upper_bound":275814.5812607821},"point_estimate":274132.3458333333,"standard_error":668.61468607066},"MedianAbsDev":{"confidence_interval":{"confidence_level":0.95,"lower_bound":4793.363295047831,"upper_bound":9854.912978040338},"point_estimate":6272.897997536436,"standard_error":1253.1882406965808},"Slope":{"confidence_interval":{"confidence_level":0.95,"lower_bound":284725.1231522227,"upper_bound":308335.47404627776},"point_estimate":296119.57255947986,"standard_error":6046.709213830349},"StdDev":{"confidence_interval":{"confidence_level":0.95,"lower_bound":16239.153195634437,"upper_bound":34536.50300722107},"point_estimate":26224.834030737853,"standard_error":4641.849112436461}}