{"Mean":{"confidence_interval":{"confidence_level":0.95,"lower_bound":-0.07987075817455899,"upper_bound":0.0020421825934871084},"point_estimate":-0.029545266656634595,"standard_error":0.02210409278052446},"Median":{"confidence_interval":{"confidence_level":0.95,"lower_bound":-0.09627854879441217,"upper_bound":0.02339837196235011},"point_estimate":-0.021340113226336554,"standard_error":0.031069584509498052}}