{"Mean":{"confidence_interval":{"confidence_level":0.95,"lower_bound":-0.03595116388715355,"upper_bound":-0.01568921161347789},"point_estimate":-0.025606654047934274,"standard_error":0.005150920114312387},"Median":{"confidence_interval":{"confidence_level":0.95,"lower_bound":-0.03161899025149095,"upper_bound":-0.017693881558583247},"point_estimate":-0.023654055193578216,"standard_error":0.0035331733669446796}}