{"Mean":{"confidence_interval":{"confidence_level":0.95,"lower_bound":91838.88505520891,"upper_bound":101183.69863123924},"point_estimate":95701.72159734175,"standard_error":2653.2544383791437},"Median":{"confidence_interval":{"confidence_level":0.95,"lower_bound":91546.41198125837,"upper_bound":102193.34067125645},"point_estimate":93058.7326807229,"standard_error":3210.263056708397},"MedianAbsDev":{"confidence_interval":{"confidence_level":0.95,"lower_bound":1169.446679046157,"upper_bound":11103.891517652664},"point_estimate":3165.5808013800374,"standard_error":2494.585366960446},"Slope":{"confidence_interval":{"confidence_level":0.95,"lower_bound":90733.78418979996,"upper_bound":95608.17066649675},"point_estimate":92053.86717258646,"standard_error":1259.9541902246808},"StdDev":{"confidence_interval":{"confidence_level":0.95,"lower_bound":1814.41722616157,"upper_bound":9333.71613028502},"point_estimate":7137.937333561898,"standard_error":2191.8742228592237}}