{"Mean":{"confidence_interval":{"confidence_level":0.95,"lower_bound":0.009139045667308571,"upper_bound":0.05428893556654275},"point_estimate":0.03009248137549103,"standard_error":0.011437057681812397},"Median":{"confidence_interval":{"confidence_level":0.95,"lower_bound":0.0010521231098548078,"upper_bound":0.022218971229864826},"point_estimate":0.011926314884225464,"standard_error":0.005256136734461862}}