{"Mean":{"confidence_interval":{"confidence_level":0.95,"lower_bound":473096519.6416825,"upper_bound":510430868.63231254},"point_estimate":492129644.19948417,"standard_error":10309929.20651601},"Median":{"confidence_interval":{"confidence_level":0.95,"lower_bound":470636298.8125,"upper_bound":500238902.53},"point_estimate":482508998.1111111,"standard_error":8685145.536044883},"MedianAbsDev":{"confidence_interval":{"confidence_level":0.95,"lower_bound":5249954.568945289,"upper_bound":46399767.149167776},"point_estimate":22808872.065332383,"standard_error":11303169.22169189},"Slope":{"confidence_interval":{"confidence_level":0.95,"lower_bound":472254989.4298677,"upper_bound":488337640.10350144},"point_estimate":479621797.96103895,"standard_error":3905463.0254456867},"StdDev":{"confidence_interval":{"confidence_level":0.95,"lower_bound":8148055.031478636,"upper_bound":41549409.506401144},"point_estimate":32699705.157239594,"standard_error":9311471.793657841}}