{"Mean":{"confidence_interval":{"confidence_level":0.95,"lower_bound":257815.3883374433,"upper_bound":284117.20777722663},"point_estimate":269860.5036211893,"standard_error":7528.249992670116},"Median":{"confidence_interval":{"confidence_level":0.95,"lower_bound":255054.42089947092,"upper_bound":295614.0238095238},"point_estimate":260472.05213844797,"standard_error":11904.242245543326},"MedianAbsDev":{"confidence_interval":{"confidence_level":0.95,"lower_bound":4735.203625562956,"upper_bound":32623.573704891514},"point_estimate":20610.142068620666,"standard_error":8917.24400218796},"Slope":{"confidence_interval":{"confidence_level":0.95,"lower_bound":257435.74692223512,"upper_bound":284839.5541066513},"point_estimate":270603.5198928056,"standard_error":7721.732211559169},"StdDev":{"confidence_interval":{"confidence_level":0.95,"lower_bound":14582.986853021384,"upper_bound":28827.872519780492},"point_estimate":23634.646545897052,"standard_error":4082.544424265964}}