{"Mean":{"confidence_interval":{"confidence_level":0.95,"lower_bound":241921.37409078857,"upper_bound":246469.34924434515},"point_estimate":244082.40889378384,"standard_error":1162.5391038021041},"Median":{"confidence_interval":{"confidence_level":0.95,"lower_bound":239413.6675,"upper_bound":241348.41314011381},"point_estimate":240494.75607638888,"standard_error":546.6232790582254},"MedianAbsDev":{"confidence_interval":{"confidence_level":0.95,"lower_bound":3758.1651060689974,"upper_bound":6364.20390544501},"point_estimate":4931.037839069479,"standard_error":655.4141318379278},"Slope":{"confidence_interval":{"confidence_level":0.95,"lower_bound":241355.35782599388,"upper_bound":246045.18303550023},"point_estimate":243536.11811955075,"standard_error":1202.8776094512546},"StdDev":{"confidence_interval":{"confidence_level":0.95,"lower_bound":8685.48162402214,"upper_bound":14128.33049766824},"point_estimate":11704.11788483397,"standard_error":1391.5558317752689}}