{"Mean":{"confidence_interval":{"confidence_level":0.95,"lower_bound":8916.62282282797,"upper_bound":9165.03430487195},"point_estimate":9036.235438326046,"standard_error":63.81194556547887},"Median":{"confidence_interval":{"confidence_level":0.95,"lower_bound":8712.24481257379,"upper_bound":8815.334612205976},"point_estimate":8744.37490530303,"standard_error":28.71814032092556},"MedianAbsDev":{"confidence_interval":{"confidence_level":0.95,"lower_bound":154.81842974666802,"upper_bound":388.9215382366144},"point_estimate":239.3353301875938,"standard_error":59.323411365307585},"Slope":{"confidence_interval":{"confidence_level":0.95,"lower_bound":8672.238899512084,"upper_bound":8836.709957686395},"point_estimate":8749.961054206913,"standard_error":41.834252041191874},"StdDev":{"confidence_interval":{"confidence_level":0.95,"lower_bound":511.95841065919944,"upper_bound":748.6822348211231},"point_estimate":639.6738982986222,"standard_error":60.51930399420669}}