{"Mean":{"confidence_interval":{"confidence_level":0.95,"lower_bound":3024.7726654355506,"upper_bound":3192.288770995881},"point_estimate":3103.0737602585386,"standard_error":42.834508719655815},"Median":{"confidence_interval":{"confidence_level":0.95,"lower_bound":2975.9983766233768,"upper_bound":3094.373975326551},"point_estimate":3022.0915563866515,"standard_error":28.4177984291323},"MedianAbsDev":{"confidence_interval":{"confidence_level":0.95,"lower_bound":210.5081888784258,"upper_bound":384.44847073097804},"point_estimate":285.30183970072017,"standard_error":46.46220123402446},"Slope":{"confidence_interval":{"confidence_level":0.95,"lower_bound":2869.024258192514,"upper_bound":2990.346528189066},"point_estimate":2924.1256003542785,"standard_error":31.055164471634825},"StdDev":{"confidence_interval":{"confidence_level":0.95,"lower_bound":278.5341642926183,"upper_bound":569.1723586984207},"point_estimate":430.2785505564092,"standard_error":74.97943303610785}}