{"Mean":{"confidence_interval":{"confidence_level":0.95,"lower_bound":-0.01347819734686013,"upper_bound":0.001552808192369847},"point_estimate":-0.0057693435080881095,"standard_error":0.003863092624753367},"Median":{"confidence_interval":{"confidence_level":0.95,"lower_bound":-0.010342675305606919,"upper_bound":-0.0005220969296709788},"point_estimate":-0.005956384949661553,"standard_error":0.0024757882987183045}}