{"Mean":{"confidence_interval":{"confidence_level":0.95,"lower_bound":16905972.039001986,"upper_bound":19102394.651126985},"point_estimate":18070251.509484127,"standard_error":605648.6658196904},"Median":{"confidence_interval":{"confidence_level":0.95,"lower_bound":16745319.475277778,"upper_bound":20370444.0},"point_estimate":17095151.5625,"standard_error":1024685.1440367607},"MedianAbsDev":{"confidence_interval":{"confidence_level":0.95,"lower_bound":124086.80088164596,"upper_bound":2475235.726495469},"point_estimate":888684.1897518681,"standard_error":771450.2918426276},"Slope":{"confidence_interval":{"confidence_level":0.95,"lower_bound":16679821.563475696,"upper_bound":17837920.482758883},"point_estimate":16944399.34285714,"standard_error":320895.2593604444},"StdDev":{"confidence_interval":{"confidence_level":0.95,"lower_bound":355665.83891482063,"upper_bound":1986533.432355703},"point_estimate":1747645.9718433009,"standard_error":386520.83457862725}}