{"Mean":{"confidence_interval":{"confidence_level":0.95,"lower_bound":7971.942542048395,"upper_bound":8783.317107844552},"point_estimate":8390.022044379937,"standard_error":236.8224737887448},"Median":{"confidence_interval":{"confidence_level":0.95,"lower_bound":7648.632728058798,"upper_bound":9262.127239906087},"point_estimate":8072.224455973483,"standard_error":559.4070048342261},"MedianAbsDev":{"confidence_interval":{"confidence_level":0.95,"lower_bound":57.039927037923,"upper_bound":1063.7714939165571},"point_estimate":692.9017250612669,"standard_error":313.098625492521},"Slope":{"confidence_interval":{"confidence_level":0.95,"lower_bound":8068.1559231923975,"upper_bound":9192.575494121762},"point_estimate":8694.364623444,"standard_error":299.49541676744644},"StdDev":{"confidence_interval":{"confidence_level":0.95,"lower_bound":565.2914977418861,"upper_bound":867.1480350780388},"point_estimate":795.9682084359474,"standard_error":78.77474624715222}}