{"Mean":{"confidence_interval":{"confidence_level":0.95,"lower_bound":-0.5703804269514033,"upper_bound":-0.558533537817962},"point_estimate":-0.5644366038139069,"standard_error":0.0030263320780731483},"Median":{"confidence_interval":{"confidence_level":0.95,"lower_bound":-0.5675716562063746,"upper_bound":-0.5549381350556932},"point_estimate":-0.5618205965881576,"standard_error":0.0032773728363999564}}