{"Mean":{"confidence_interval":{"confidence_level":0.95,"lower_bound":96742255.37892857,"upper_bound":104960038.02523215},"point_estimate":101428803.13880952,"standard_error":2064651.5760116568},"Median":{"confidence_interval":{"confidence_level":0.95,"lower_bound":97253884.91666666,"upper_bound":106080101.25},"point_estimate":101947227.45238096,"standard_error":2674697.860054561},"MedianAbsDev":{"confidence_interval":{"confidence_level":0.95,"lower_bound":1828416.3919466203,"upper_bound":12497145.717040937},"point_estimate":8428458.977114936,"standard_error":3054105.9948768583},"Slope":{"confidence_interval":{"confidence_level":0.95,"lower_bound":92667602.80333188,"upper_bound":103901949.90650666},"point_estimate":96207006.75844155,"standard_error":3185605.755225381},"StdDev":{"confidence_interval":{"confidence_level":0.95,"lower_bound":5392340.284948017,"upper_bound":10536603.514319958},"point_estimate":8497361.472383145,"standard_error":1597059.4641961276}}