{"Mean":{"confidence_interval":{"confidence_level":0.95,"lower_bound":42955.945588212155,"upper_bound":47548.34836004879},"point_estimate":45198.93622139036,"standard_error":1354.421577497736},"Median":{"confidence_interval":{"confidence_level":0.95,"lower_bound":42135.711266525024,"upper_bound":44371.45545325779},"point_estimate":43599.24605422906,"standard_error":726.1839179040361},"MedianAbsDev":{"confidence_interval":{"confidence_level":0.95,"lower_bound":374.9891250926128,"upper_bound":4397.654506384358},"point_estimate":2100.1941960474314,"standard_error":1031.9217553749606},"Slope":{"confidence_interval":{"confidence_level":0.95,"lower_bound":41671.8654453662,"upper_bound":43652.20438589002},"point_estimate":42322.83837239248,"standard_error":529.3706815293688},"StdDev":{"confidence_interval":{"confidence_level":0.95,"lower_bound":1177.0764631544196,"upper_bound":6257.070136368923},"point_estimate":5140.776698490228,"standard_error":1445.2537217991264}}