{"Mean":{"confidence_interval":{"confidence_level":0.95,"lower_bound":3966.0915160526856,"upper_bound":4113.246734828234},"point_estimate":4023.6847809972433,"standard_error":39.11507417865853},"Median":{"confidence_interval":{"confidence_level":0.95,"lower_bound":3942.33469210174,"upper_bound":3989.124681637807},"point_estimate":3963.156113945578,"standard_error":11.705905264519776},"MedianAbsDev":{"confidence_interval":{"confidence_level":0.95,"lower_bound":74.83222845349255,"upper_bound":121.63028934216075},"point_estimate":100.95330221774238,"standard_error":11.916203692192349},"Slope":{"confidence_interval":{"confidence_level":0.95,"lower_bound":3901.3456227330494,"upper_bound":3952.447599629071},"point_estimate":3925.3895669671447,"standard_error":12.970179581569361},"StdDev":{"confidence_interval":{"confidence_level":0.95,"lower_bound":114.94156251332306,"upper_bound":646.3983904971255},"point_estimate":393.42066465132757,"standard_error":174.51029514481877}}