{"Mean":{"confidence_interval":{"confidence_level":0.95,"lower_bound":299502.1008415344,"upper_bound":322604.8542945988},"point_estimate":310923.27331305115,"standard_error":6528.4875541756655},"Median":{"confidence_interval":{"confidence_level":0.95,"lower_bound":287962.4883888889,"upper_bound":319737.7693121693},"point_estimate":308899.23796296294,"standard_error":9052.87325878009},"MedianAbsDev":{"confidence_interval":{"confidence_level":0.95,"lower_bound":6484.1395096052765,"upper_bound":42204.599318607885},"point_estimate":29221.617860934817,"standard_error":10442.464858768715},"Slope":{"confidence_interval":{"confidence_level":0.95,"lower_bound":288031.16294665745,"upper_bound":309218.64909407456},"point_estimate":294364.26268398267,"standard_error":5994.572641026766},"StdDev":{"confidence_interval":{"confidence_level":0.95,"lower_bound":15326.809829788148,"upper_bound":30176.9935731344},"point_estimate":24445.801345388663,"standard_error":4288.50661562007}}