{"Mean":{"confidence_interval":{"confidence_level":0.95,"lower_bound":29168898.006473213,"upper_bound":32657768.371919643},"point_estimate":30865674.769087303,"standard_error":993495.9360068089},"Median":{"confidence_interval":{"confidence_level":0.95,"lower_bound":28905718.48511905,"upper_bound":30150829.1875},"point_estimate":29359919.75,"standard_error":625044.7351571869},"MedianAbsDev":{"confidence_interval":{"confidence_level":0.95,"lower_bound":260201.2029630078,"upper_bound":2092254.5035425564},"point_estimate":883825.8125964543,"standard_error":808830.1535385504},"Slope":{"confidence_interval":{"confidence_level":0.95,"lower_bound":29254423.014316272,"upper_bound":34920434.10564186},"point_estimate":32876505.54805195,"standard_error":1689051.7502902863},"StdDev":{"confidence_interval":{"confidence_level":0.95,"lower_bound":433918.5331974247,"upper_bound":4290784.819745859},"point_estimate":3325074.736424834,"standard_error":1121268.2338464756}}