{"Mean":{"confidence_interval":{"confidence_level":0.95,"lower_bound":-0.08494905588530416,"upper_bound":0.07287712307139982},"point_estimate":-0.00701419731661701,"standard_error":0.041838226542209596},"Median":{"confidence_interval":{"confidence_level":0.95,"lower_bound":-0.1348217142313259,"upper_bound":0.12939263962484512},"point_estimate":0.005172326324295318,"standard_error":0.058448506489059526}}