{"Mean":{"confidence_interval":{"confidence_level":0.95,"lower_bound":50483.4020559826,"upper_bound":52691.81877522206},"point_estimate":51267.883227162834,"standard_error":636.7700773222803},"Median":{"confidence_interval":{"confidence_level":0.95,"lower_bound":49738.54572249816,"upper_bound":52306.82698675497},"point_estimate":50896.67177152318,"standard_error":763.2378842587967},"MedianAbsDev":{"confidence_interval":{"confidence_level":0.95,"lower_bound":112.80229553958375,"upper_bound":3443.864883714305},"point_estimate":1774.1269939003025,"standard_error":811.2526796530063},"Slope":{"confidence_interval":{"confidence_level":0.95,"lower_bound":49781.35038057671,"upper_bound":50819.22390009807},"point_estimate":50198.24391502537,"standard_error":328.1304595466964},"StdDev":{"confidence_interval":{"confidence_level":0.95,"lower_bound":794.5070341085783,"upper_bound":2568.803860227506},"point_estimate":1847.7659860817487,"standard_error":512.0640480765813}}