{"Mean":{"confidence_interval":{"confidence_level":0.95,"lower_bound":0.06298261160461854,"upper_bound":0.16867712264387363},"point_estimate":0.10742534432152229,"standard_error":0.031129747282993038},"Median":{"confidence_interval":{"confidence_level":0.95,"lower_bound":0.043728038162923755,"upper_bound":0.1935324318474998},"point_estimate":0.17794104175617798,"standard_error":0.041593904426518086}}