{"Mean":{"confidence_interval":{"confidence_level":0.95,"lower_bound":25163.125344359985,"upper_bound":26571.23814090653},"point_estimate":25829.436735910018,"standard_error":360.37733593559255},"Median":{"confidence_interval":{"confidence_level":0.95,"lower_bound":24865.605893686654,"upper_bound":27147.669481981982},"point_estimate":25207.14227799228,"standard_error":509.2778428523965},"MedianAbsDev":{"confidence_interval":{"confidence_level":0.95,"lower_bound":156.69138078922413,"upper_bound":1124.6277809931876},"point_estimate":672.021473681569,"standard_error":278.7207889331333},"Slope":{"confidence_interval":{"confidence_level":0.95,"lower_bound":24790.938262534146,"upper_bound":25344.533848842926},"point_estimate":24949.447485959987,"standard_error":155.00406543735295},"StdDev":{"confidence_interval":{"confidence_level":0.95,"lower_bound":815.9220934055992,"upper_bound":1632.1268072823711},"point_estimate":1417.8576467609455,"standard_error":281.0781728647112}}