{"Mean":{"confidence_interval":{"confidence_level":0.95,"lower_bound":8157516.305356151,"upper_bound":8658350.912894344},"point_estimate":8472621.370615078,"standard_error":154741.47642104758},"Median":{"confidence_interval":{"confidence_level":0.95,"lower_bound":7964295.75,"upper_bound":8699612.171527777},"point_estimate":8435825.233333334,"standard_error":210981.99368558312},"MedianAbsDev":{"confidence_interval":{"confidence_level":0.95,"lower_bound":98382.30584430246,"upper_bound":818781.6475508356},"point_estimate":698884.2841923237,"standard_error":218211.75663010587},"Slope":{"confidence_interval":{"confidence_level":0.95,"lower_bound":8035960.828304103,"upper_bound":8486839.85053726},"point_estimate":8258611.396103896,"standard_error":121345.02026477036},"StdDev":{"confidence_interval":{"confidence_level":0.95,"lower_bound":320562.42887151544,"upper_bound":619516.0372911331},"point_estimate":546248.4478724361,"standard_error":79251.68757520776}}