{"Mean":{"confidence_interval":{"confidence_level":0.95,"lower_bound":134013.18187017884,"upper_bound":136188.17560154502},"point_estimate":135022.8348108925,"standard_error":555.7313745788341},"Median":{"confidence_interval":{"confidence_level":0.95,"lower_bound":132608.52,"upper_bound":133956.59294743178},"point_estimate":133249.16625258798,"standard_error":317.0103706844882},"MedianAbsDev":{"confidence_interval":{"confidence_level":0.95,"lower_bound":1576.793755669262,"upper_bound":2975.468584625461},"point_estimate":2229.200491929855,"standard_error":361.84744829493957},"Slope":{"confidence_interval":{"confidence_level":0.95,"lower_bound":133396.6602637776,"upper_bound":134815.16907665142},"point_estimate":134053.10785577065,"standard_error":363.8058860853252},"StdDev":{"confidence_interval":{"confidence_level":0.95,"lower_bound":3532.4857337193066,"upper_bound":7319.47231803429},"point_estimate":5585.246006589661,"standard_error":965.3877374261988}}