{"Mean":{"confidence_interval":{"confidence_level":0.95,"lower_bound":-0.061771706291795944,"upper_bound":-0.0063594360867566205},"point_estimate":-0.034035389399568294,"standard_error":0.01410927536397503},"Median":{"confidence_interval":{"confidence_level":0.95,"lower_bound":-0.04171643348845544,"upper_bound":-0.017453008651622137},"point_estimate":-0.02921075525196093,"standard_error":0.006771979589478787}}