{"Mean":{"confidence_interval":{"confidence_level":0.95,"lower_bound":-0.0959183866814605,"upper_bound":-0.007793468798858231},"point_estimate":-0.04968578118559108,"standard_error":0.02332054686719907},"Median":{"confidence_interval":{"confidence_level":0.95,"lower_bound":-0.059977521119219654,"upper_bound":-0.00797429915110823},"point_estimate":-0.03428382634164873,"standard_error":0.014880911970945376}}