{"Mean":{"confidence_interval":{"confidence_level":0.95,"lower_bound":0.016256775994086786,"upper_bound":0.13320337166753082},"point_estimate":0.05186274971896876,"standard_error":0.031367869701162315},"Median":{"confidence_interval":{"confidence_level":0.95,"lower_bound":-0.0405541294665322,"upper_bound":0.1961710310424135},"point_estimate":0.010910750866810481,"standard_error":0.06977889893012929}}