{"Mean":{"confidence_interval":{"confidence_level":0.95,"lower_bound":6639354.103146494,"upper_bound":7389325.242441137},"point_estimate":7013799.5985582005,"standard_error":218162.33297413276},"Median":{"confidence_interval":{"confidence_level":0.95,"lower_bound":6504062.283068784,"upper_bound":7323046.4},"point_estimate":6674240.308333334,"standard_error":183887.96231119195},"MedianAbsDev":{"confidence_interval":{"confidence_level":0.95,"lower_bound":20832.940112704127,"upper_bound":880237.4128868219},"point_estimate":252305.93577789675,"standard_error":224197.37189369873},"Slope":{"confidence_interval":{"confidence_level":0.95,"lower_bound":6602474.285820109,"upper_bound":7044809.571163987},"point_estimate":6789149.784415584,"standard_error":129964.90384573168},"StdDev":{"confidence_interval":{"confidence_level":0.95,"lower_bound":284448.97657979897,"upper_bound":1099601.7597633707},"point_estimate":787017.9043244342,"standard_error":247305.74097188056}}