{"Mean":{"confidence_interval":{"confidence_level":0.95,"lower_bound":1230895.5960347222,"upper_bound":1381018.4017652115},"point_estimate":1295220.9409656085,"standard_error":37945.244540988235},"Median":{"confidence_interval":{"confidence_level":0.95,"lower_bound":1204732.3631250001,"upper_bound":1443486.8312169313},"point_estimate":1216060.072222222,"standard_error":62975.451667178604},"MedianAbsDev":{"confidence_interval":{"confidence_level":0.95,"lower_bound":7238.46377228338,"upper_bound":210372.43774601741},"point_estimate":40905.72399377805,"standard_error":60713.15136713432},"Slope":{"confidence_interval":{"confidence_level":0.95,"lower_bound":1269086.4487960564,"upper_bound":1451037.6602216728},"point_estimate":1367443.1101298702,"standard_error":45828.98188266399},"StdDev":{"confidence_interval":{"confidence_level":0.95,"lower_bound":76282.25476677854,"upper_bound":152474.25515363237},"point_estimate":129904.50947718209,"standard_error":22355.577529813632}}