{"Mean":{"confidence_interval":{"confidence_level":0.95,"lower_bound":3707357.444124405,"upper_bound":3799649.9487499995},"point_estimate":3746058.8079603175,"standard_error":26883.914030463762},"Median":{"confidence_interval":{"confidence_level":0.95,"lower_bound":3700411.281,"upper_bound":3785162.3333333335},"point_estimate":3726115.035,"standard_error":30902.06690814765},"MedianAbsDev":{"confidence_interval":{"confidence_level":0.95,"lower_bound":3366.7834361277064,"upper_bound":144109.8817679131},"point_estimate":70355.08470344757,"standard_error":37065.8121870342},"Slope":{"confidence_interval":{"confidence_level":0.95,"lower_bound":3672956.594925194,"upper_bound":3762632.312728219},"point_estimate":3703624.1033766232,"standard_error":24153.702010579193},"StdDev":{"confidence_interval":{"confidence_level":0.95,"lower_bound":44198.19810523974,"upper_bound":124189.38697529069},"point_estimate":91493.54479068807,"standard_error":21736.755224501347}}