{"Mean":{"confidence_interval":{"confidence_level":0.95,"lower_bound":-0.2132986544143963,"upper_bound":-0.1254874877145291},"point_estimate":-0.16938698111546968,"standard_error":0.026134588512788534},"Median":{"confidence_interval":{"confidence_level":0.95,"lower_bound":-0.22642740981197565,"upper_bound":-0.12769367827533695},"point_estimate":-0.18435136756137327,"standard_error":0.03085000421938714}}