{"Mean":{"confidence_interval":{"confidence_level":0.95,"lower_bound":10518297.269223213,"upper_bound":11202558.425386904},"point_estimate":10779777.325238096,"standard_error":221551.09634594215},"Median":{"confidence_interval":{"confidence_level":0.95,"lower_bound":10295794.875,"upper_bound":11319174.98125},"point_estimate":10598135.392857142,"standard_error":379355.3848604483},"MedianAbsDev":{"confidence_interval":{"confidence_level":0.95,"lower_bound":248297.13625115718,"upper_bound":1154814.8544826868},"point_estimate":666458.5810904944,"standard_error":262854.47085560893},"Slope":{"confidence_interval":{"confidence_level":0.95,"lower_bound":10095262.236730266,"upper_bound":11121841.22108746},"point_estimate":10733581.177922077,"standard_error":299940.5511668198},"StdDev":{"confidence_interval":{"confidence_level":0.95,"lower_bound":410446.54634070664,"upper_bound":830391.0066302959},"point_estimate":721313.6645491346,"standard_error":103808.55489975399}}