{"Mean":{"confidence_interval":{"confidence_level":0.95,"lower_bound":524049.70851706347,"upper_bound":566517.2062271826},"point_estimate":541165.9538650793,"standard_error":13540.448414324586},"Median":{"confidence_interval":{"confidence_level":0.95,"lower_bound":504806.175,"upper_bound":576314.4527777778},"point_estimate":521264.8623809524,"standard_error":23234.365985896384},"MedianAbsDev":{"confidence_interval":{"confidence_level":0.95,"lower_bound":8117.362833096388,"upper_bound":82681.1170428084},"point_estimate":35011.84324274889,"standard_error":21101.423813418212},"Slope":{"confidence_interval":{"confidence_level":0.95,"lower_bound":503275.15099027636,"upper_bound":529135.2989225336},"point_estimate":510685.58735930733,"standard_error":6541.739559797368},"StdDev":{"confidence_interval":{"confidence_level":0.95,"lower_bound":28545.21494156913,"upper_bound":54313.03578707802},"point_estimate":44829.26113939783,"standard_error":7370.089976545134}}