{"Mean":{"confidence_interval":{"confidence_level":0.95,"lower_bound":0.27065483864917833,"upper_bound":0.4013090097082753},"point_estimate":0.333274970891523,"standard_error":0.037485866974047544},"Median":{"confidence_interval":{"confidence_level":0.95,"lower_bound":0.33598548930361055,"upper_bound":0.44768190029375293},"point_estimate":0.36787874059595116,"standard_error":0.03291765226126291}}