{"Mean":{"confidence_interval":{"confidence_level":0.95,"lower_bound":211913078.3844643,"upper_bound":231411017.103},"point_estimate":222828874.35285717,"standard_error":5270475.749566478},"Median":{"confidence_interval":{"confidence_level":0.95,"lower_bound":209481293.24892858,"upper_bound":238684622.95},"point_estimate":222672485.5,"standard_error":7282078.92907387},"MedianAbsDev":{"confidence_interval":{"confidence_level":0.95,"lower_bound":1972095.1921078367,"upper_bound":25358059.161358707},"point_estimate":15415887.697533285,"standard_error":6573968.0124912495},"Slope":{"confidence_interval":{"confidence_level":0.95,"lower_bound":219618857.29955307,"upper_bound":230225205.66171944},"point_estimate":222993545.6909091,"standard_error":3163006.7642363263},"StdDev":{"confidence_interval":{"confidence_level":0.95,"lower_bound":11665779.442619018,"upper_bound":19227186.70907603},"point_estimate":16704539.767796382,"standard_error":2441867.626526872}}