{"Mean":{"confidence_interval":{"confidence_level":0.95,"lower_bound":-0.0595097480440039,"upper_bound":0.04356746000867488},"point_estimate":-0.00911791400244355,"standard_error":0.029597400970109825},"Median":{"confidence_interval":{"confidence_level":0.95,"lower_bound":-0.06272120329485499,"upper_bound":0.04529487594059708},"point_estimate":-0.009387856539025963,"standard_error":0.02777407293879739}}