{"Mean":{"confidence_interval":{"confidence_level":0.95,"lower_bound":-0.020231052307669837,"upper_bound":0.0718974627117316},"point_estimate":0.02487079920729718,"standard_error":0.027570381897853925},"Median":{"confidence_interval":{"confidence_level":0.95,"lower_bound":-0.027209323254139717,"upper_bound":0.12636084670185382},"point_estimate":0.037145350803182264,"standard_error":0.045069608648085104}}