{"Mean":{"confidence_interval":{"confidence_level":0.95,"lower_bound":85714581.24910913,"upper_bound":93116579.93259028},"point_estimate":88686446.17003968,"standard_error":2152789.077693465},"Median":{"confidence_interval":{"confidence_level":0.95,"lower_bound":84881903.69444445,"upper_bound":93638300.5},"point_estimate":86698297.29464287,"standard_error":2691316.8172162413},"MedianAbsDev":{"confidence_interval":{"confidence_level":0.95,"lower_bound":513937.8034924525,"upper_bound":10255427.077157266},"point_estimate":3244714.27329481,"standard_error":2674944.7360228095},"Slope":{"confidence_interval":{"confidence_level":0.95,"lower_bound":85275357.78928076,"upper_bound":93120178.48503925},"point_estimate":88988980.07532467,"standard_error":2162022.4028369547},"StdDev":{"confidence_interval":{"confidence_level":0.95,"lower_bound":2081109.5459736376,"upper_bound":7519445.4639789965},"point_estimate":5881999.708583546,"standard_error":1462211.7884898125}}