{"Mean":{"confidence_interval":{"confidence_level":0.95,"lower_bound":395771480.5552976,"upper_bound":416045051.0363532},"point_estimate":405887111.98698413,"standard_error":5848303.799061946},"Median":{"confidence_interval":{"confidence_level":0.95,"lower_bound":395725677.48125,"upper_bound":415159333.9659722},"point_estimate":405893851.73214287,"standard_error":5273892.5974662835},"MedianAbsDev":{"confidence_interval":{"confidence_level":0.95,"lower_bound":2235652.081096118,"upper_bound":34109673.051973484},"point_estimate":11801438.1602909,"standard_error":7506479.082438841},"Slope":{"confidence_interval":{"confidence_level":0.95,"lower_bound":394783401.6833986,"upper_bound":416716763.65194327},"point_estimate":408806709.7012987,"standard_error":6266372.600308307},"StdDev":{"confidence_interval":{"confidence_level":0.95,"lower_bound":10017199.820165124,"upper_bound":25840163.14123942},"point_estimate":18539544.80054593,"standard_error":4273064.325304939}}