{"Mean":{"confidence_interval":{"confidence_level":0.95,"lower_bound":515811876.76503867,"upper_bound":566648020.9467589},"point_estimate":535934832.3860715,"standard_error":15139139.389515229},"Median":{"confidence_interval":{"confidence_level":0.95,"lower_bound":506333739.21937495,"upper_bound":562987938.8095238},"point_estimate":519450917.3428571,"standard_error":20092687.75691314},"MedianAbsDev":{"confidence_interval":{"confidence_level":0.95,"lower_bound":7772621.152880281,"upper_bound":78989222.54009002},"point_estimate":42446047.910192005,"standard_error":23021436.20747408},"Slope":{"confidence_interval":{"confidence_level":0.95,"lower_bound":493875295.1694675,"upper_bound":534977356.24265903},"point_estimate":511041050.5558441,"standard_error":10483974.87898518},"StdDev":{"confidence_interval":{"confidence_level":0.95,"lower_bound":20189004.76322012,"upper_bound":55197002.3949912},"point_estimate":44668883.97681724,"standard_error":8280990.076625311}}