{"Mean":{"confidence_interval":{"confidence_level":0.95,"lower_bound":10575.164806726096,"upper_bound":10743.344843504987},"point_estimate":10653.588311026446,"standard_error":42.98368681660506},"Median":{"confidence_interval":{"confidence_level":0.95,"lower_bound":10480.208148148147,"upper_bound":10558.104248366013},"point_estimate":10509.64107142857,"standard_error":17.042532416682278},"MedianAbsDev":{"confidence_interval":{"confidence_level":0.95,"lower_bound":112.75241960100678,"upper_bound":193.12958708499193},"point_estimate":152.0808104666917,"standard_error":19.211342203545563},"Slope":{"confidence_interval":{"confidence_level":0.95,"lower_bound":10500.319878848659,"upper_bound":10677.9949430724},"point_estimate":10573.232891154787,"standard_error":46.72407904040271},"StdDev":{"confidence_interval":{"confidence_level":0.95,"lower_bound":282.75101259143486,"upper_bound":565.7375385216728},"point_estimate":430.5225786008566,"standard_error":72.99495918920405}}