{"Mean":{"confidence_interval":{"confidence_level":0.95,"lower_bound":2210369.1145659722,"upper_bound":2440349.876796875},"point_estimate":2326527.7669097222,"standard_error":63270.16403775473},"Median":{"confidence_interval":{"confidence_level":0.95,"lower_bound":2132148.7569444445,"upper_bound":2508868.520703125},"point_estimate":2337771.1875,"standard_error":140167.50551827945},"MedianAbsDev":{"confidence_interval":{"confidence_level":0.95,"lower_bound":55217.18535053255,"upper_bound":338876.10439257463},"point_estimate":304855.81012939406,"standard_error":80714.51155582562},"Slope":{"confidence_interval":{"confidence_level":0.95,"lower_bound":2131904.8543924023,"upper_bound":2419909.1771874996},"point_estimate":2208412.254220779,"standard_error":74503.09833283367},"StdDev":{"confidence_interval":{"confidence_level":0.95,"lower_bound":150283.06678162626,"upper_bound":237453.894735505},"point_estimate":216889.8320778798,"standard_error":29959.298331718546}}