{"Mean":{"confidence_interval":{"confidence_level":0.95,"lower_bound":10382779.843356647,"upper_bound":11449665.193802085},"point_estimate":10825979.994900793,"standard_error":298460.05842175195},"Median":{"confidence_interval":{"confidence_level":0.95,"lower_bound":10011307.165,"upper_bound":11692388.75},"point_estimate":10420723.40625,"standard_error":477810.20084403077},"MedianAbsDev":{"confidence_interval":{"confidence_level":0.95,"lower_bound":64743.817041733484,"upper_bound":1652048.4512746523},"point_estimate":686246.5100896057,"standard_error":471676.1087689539},"Slope":{"confidence_interval":{"confidence_level":0.95,"lower_bound":10053910.464086467,"upper_bound":11150969.78623358},"point_estimate":10569749.902597403,"standard_error":319964.563850414},"StdDev":{"confidence_interval":{"confidence_level":0.95,"lower_bound":669567.3363931917,"upper_bound":1199945.1522989233},"point_estimate":980156.6402818027,"standard_error":141929.49847929773}}