{"Mean":{"confidence_interval":{"confidence_level":0.95,"lower_bound":-0.0703911511356189,"upper_bound":-0.015857586134255638},"point_estimate":-0.047108462902922144,"standard_error":0.015260986911886579},"Median":{"confidence_interval":{"confidence_level":0.95,"lower_bound":-0.07488659147701715,"upper_bound":0.00027823304291225114},"point_estimate":-0.0552390941935087,"standard_error":0.020299819751006486}}