{"Mean":{"confidence_interval":{"confidence_level":0.95,"lower_bound":-0.02330643259993708,"upper_bound":0.12365265223828256},"point_estimate":0.060029979900631414,"standard_error":0.039647964437748776},"Median":{"confidence_interval":{"confidence_level":0.95,"lower_bound":-0.04044796626064446,"upper_bound":0.16235903810489577},"point_estimate":0.0628229711570556,"standard_error":0.06400214868034859}}