{"Mean":{"confidence_interval":{"confidence_level":0.95,"lower_bound":-0.6112113640006118,"upper_bound":-0.5884452685034622},"point_estimate":-0.5998171948095685,"standard_error":0.005791702236022957},"Median":{"confidence_interval":{"confidence_level":0.95,"lower_bound":-0.6112484765451326,"upper_bound":-0.5679405024583609},"point_estimate":-0.591003652358763,"standard_error":0.011468920007311463}}