{"Mean":{"confidence_interval":{"confidence_level":0.95,"lower_bound":36085.77938851317,"upper_bound":37451.28466605198},"point_estimate":36750.76963198183,"standard_error":347.4881127870376},"Median":{"confidence_interval":{"confidence_level":0.95,"lower_bound":34658.33428059396,"upper_bound":38376.42037470726},"point_estimate":36030.31456932773,"standard_error":994.4827026419719},"MedianAbsDev":{"confidence_interval":{"confidence_level":0.95,"lower_bound":2293.4376736452573,"upper_bound":4688.684945977854},"point_estimate":4066.7893570353535,"standard_error":673.1854105667054},"Slope":{"confidence_interval":{"confidence_level":0.95,"lower_bound":36209.70906791805,"upper_bound":38495.89771322176},"point_estimate":37285.51247661973,"standard_error":584.5031804112048},"StdDev":{"confidence_interval":{"confidence_level":0.95,"lower_bound":2862.558250583235,"upper_bound":4187.510660719635},"point_estimate":3505.86896213048,"standard_error":344.17413018275073}}