{"Mean":{"confidence_interval":{"confidence_level":0.95,"lower_bound":20131.939120662606,"upper_bound":22540.698904715762},"point_estimate":21151.5276496042,"standard_error":671.3746254769759},"Median":{"confidence_interval":{"confidence_level":0.95,"lower_bound":20132.153655638613,"upper_bound":22393.11915213178},"point_estimate":20325.437587670727,"standard_error":689.6442426386242},"MedianAbsDev":{"confidence_interval":{"confidence_level":0.95,"lower_bound":98.7482288505506,"upper_bound":2766.882437666775},"point_estimate":385.82541602275376,"standard_error":644.9934217184775},"Slope":{"confidence_interval":{"confidence_level":0.95,"lower_bound":20091.85248021753,"upper_bound":20552.67087253773},"point_estimate":20319.790573509177,"standard_error":120.0298192300035},"StdDev":{"confidence_interval":{"confidence_level":0.95,"lower_bound":308.63976031713685,"upper_bound":2702.0476048465675},"point_estimate":2026.507583206034,"standard_error":715.2884313113717}}