{"Mean":{"confidence_interval":{"confidence_level":0.95,"lower_bound":-0.06874981048203291,"upper_bound":0.05976266438274194},"point_estimate":-0.00940347913160633,"standard_error":0.03720146090327567},"Median":{"confidence_interval":{"confidence_level":0.95,"lower_bound":-0.14283753432136545,"upper_bound":0.16523307091453265},"point_estimate":-0.013806483860253294,"standard_error":0.07936879686760634}}