{"Mean":{"confidence_interval":{"confidence_level":0.95,"lower_bound":-0.0758485836160432,"upper_bound":0.030785568495649576},"point_estimate":0.0022206025442292887,"standard_error":0.028747083998363825},"Median":{"confidence_interval":{"confidence_level":0.95,"lower_bound":-0.13438079538875447,"upper_bound":0.054175715365653104},"point_estimate":-0.015091646899519362,"standard_error":0.0468407621217136}}