{"Mean":{"confidence_interval":{"confidence_level":0.95,"lower_bound":-0.011525294061612918,"upper_bound":0.02676604176446497},"point_estimate":-0.0022796512288306703,"standard_error":0.012368568040925476},"Median":{"confidence_interval":{"confidence_level":0.95,"lower_bound":-0.0282208567801275,"upper_bound":0.011865322118516552},"point_estimate":-0.012095311917034834,"standard_error":0.012110445190568647}}