{"Mean":{"confidence_interval":{"confidence_level":0.95,"lower_bound":3424.753395084401,"upper_bound":3579.350918078631},"point_estimate":3494.6119703038344,"standard_error":39.64608484872151},"Median":{"confidence_interval":{"confidence_level":0.95,"lower_bound":3332.4604545454545,"upper_bound":3411.5378675645343},"point_estimate":3368.774445141066,"standard_error":23.078215930623262},"MedianAbsDev":{"confidence_interval":{"confidence_level":0.95,"lower_bound":67.4100613270767,"upper_bound":161.56665859351833},"point_estimate":115.16113457830998,"standard_error":25.359975692448653},"Slope":{"confidence_interval":{"confidence_level":0.95,"lower_bound":3454.954057748069,"upper_bound":3611.3846085036994},"point_estimate":3526.382876569448,"standard_error":40.024114243562494},"StdDev":{"confidence_interval":{"confidence_level":0.95,"lower_bound":200.83419472284976,"upper_bound":548.522285042161},"point_estimate":398.24666798270164,"standard_error":86.91321550258026}}