{"Mean":{"confidence_interval":{"confidence_level":0.95,"lower_bound":23957.78255478521,"upper_bound":26653.336995309946},"point_estimate":24984.543183795544,"standard_error":707.2332100365262},"Median":{"confidence_interval":{"confidence_level":0.95,"lower_bound":23358.68947797716,"upper_bound":28011.57911908646},"point_estimate":23992.841761827083,"standard_error":1209.8219486116925},"MedianAbsDev":{"confidence_interval":{"confidence_level":0.95,"lower_bound":84.73960986262195,"upper_bound":2959.894860605932},"point_estimate":940.1941593441118,"standard_error":808.0132403000359},"Slope":{"confidence_interval":{"confidence_level":0.95,"lower_bound":23484.764617919853,"upper_bound":24301.698269023054},"point_estimate":23685.07026546048,"standard_error":218.60087445547052},"StdDev":{"confidence_interval":{"confidence_level":0.95,"lower_bound":1418.0030989955776,"upper_bound":2391.6909005304833},"point_estimate":2157.5322372812416,"standard_error":385.48618013307066}}