{"Mean":{"confidence_interval":{"confidence_level":0.95,"lower_bound":-0.08823394735248226,"upper_bound":-0.0014517182183441044},"point_estimate":-0.049746196795036224,"standard_error":0.023659393467273075},"Median":{"confidence_interval":{"confidence_level":0.95,"lower_bound":-0.03921191713145865,"upper_bound":0.015548598157338889},"point_estimate":-0.005938390542683192,"standard_error":0.020973356086510308}}