{"Mean":{"confidence_interval":{"confidence_level":0.95,"lower_bound":47779497.3829375,"upper_bound":50528606.95349305},"point_estimate":48944857.920277774,"standard_error":776860.7393768401},"Median":{"confidence_interval":{"confidence_level":0.95,"lower_bound":46242943.75625,"upper_bound":51775721.8128125},"point_estimate":48824325.75,"standard_error":1465905.593402869},"MedianAbsDev":{"confidence_interval":{"confidence_level":0.95,"lower_bound":597855.9449114371,"upper_bound":4343041.780908846},"point_estimate":3862428.4019406885,"standard_error":976981.2785667597},"Slope":{"confidence_interval":{"confidence_level":0.95,"lower_bound":48543399.906619065,"upper_bound":51370294.1094057},"point_estimate":50520546.27532467,"standard_error":874636.2770851721},"StdDev":{"confidence_interval":{"confidence_level":0.95,"lower_bound":1915062.7408262973,"upper_bound":3192270.8096110174},"point_estimate":2686000.7877892605,"standard_error":362087.5949952951}}