{"Mean":{"confidence_interval":{"confidence_level":0.95,"lower_bound":4215142.042744048,"upper_bound":4650762.384696429},"point_estimate":4407039.614285714,"standard_error":115616.33863033548},"Median":{"confidence_interval":{"confidence_level":0.95,"lower_bound":4134092.60625,"upper_bound":4798620.74625},"point_estimate":4300481.858333333,"standard_error":164906.33980928807},"MedianAbsDev":{"confidence_interval":{"confidence_level":0.95,"lower_bound":51819.53776001987,"upper_bound":626844.862666279},"point_estimate":334191.3527569176,"standard_error":173414.42344940768},"Slope":{"confidence_interval":{"confidence_level":0.95,"lower_bound":4144818.421128276,"upper_bound":4814294.929711948},"point_estimate":4501507.70025974,"standard_error":188288.33776211928},"StdDev":{"confidence_interval":{"confidence_level":0.95,"lower_bound":204084.42019113156,"upper_bound":469043.48147300456},"point_estimate":384021.9067354245,"standard_error":75234.17513252342}}