{"Mean":{"confidence_interval":{"confidence_level":0.95,"lower_bound":3629.933924971823,"upper_bound":4050.9727362602143},"point_estimate":3842.8261889264577,"standard_error":111.00107778205124},"Median":{"confidence_interval":{"confidence_level":0.95,"lower_bound":3423.5568219921106,"upper_bound":4108.385939701324},"point_estimate":3883.3147928994085,"standard_error":218.36856321860247},"MedianAbsDev":{"confidence_interval":{"confidence_level":0.95,"lower_bound":24.90099031235708,"upper_bound":557.2661833760737},"point_estimate":358.59146663668724,"standard_error":161.76123253933022},"Slope":{"confidence_interval":{"confidence_level":0.95,"lower_bound":3496.767882157595,"upper_bound":4103.543310017858},"point_estimate":3695.904884346423,"standard_error":152.2932650834282},"StdDev":{"confidence_interval":{"confidence_level":0.95,"lower_bound":272.42964887219125,"upper_bound":467.364878665876},"point_estimate":382.89490639121084,"standard_error":50.37732310010718}}