{"Mean":{"confidence_interval":{"confidence_level":0.95,"lower_bound":30797.39830163872,"upper_bound":32421.51242463364},"point_estimate":31469.935026886633,"standard_error":495.1251432429872},"Median":{"confidence_interval":{"confidence_level":0.95,"lower_bound":30553.842130518235,"upper_bound":31463.107165706973},"point_estimate":31051.606779164,"standard_error":265.19506858837343},"MedianAbsDev":{"confidence_interval":{"confidence_level":0.95,"lower_bound":155.46166982637664,"upper_bound":996.9030923320211},"point_estimate":804.9329982735634,"standard_error":265.85264339648677},"Slope":{"confidence_interval":{"confidence_level":0.95,"lower_bound":30591.17042205823,"upper_bound":31235.94120295806},"point_estimate":30850.053747787722,"standard_error":163.57701659179864},"StdDev":{"confidence_interval":{"confidence_level":0.95,"lower_bound":354.7542759328168,"upper_bound":2283.4554494116105},"point_estimate":1517.9555990916808,"standard_error":657.0827747175463}}