{"Mean":{"confidence_interval":{"confidence_level":0.95,"lower_bound":-0.16350470337976852,"upper_bound":-0.05631267600092495},"point_estimate":-0.12123182663386378,"standard_error":0.03632093452030179},"Median":{"confidence_interval":{"confidence_level":0.95,"lower_bound":-0.1623511219877849,"upper_bound":-0.063973422548763},"point_estimate":-0.15539719883336522,"standard_error":0.03505309071082843}}