{"Mean":{"confidence_interval":{"confidence_level":0.95,"lower_bound":11434.255806304724,"upper_bound":11789.297938182628},"point_estimate":11608.876903567372,"standard_error":90.50637506345623},"Median":{"confidence_interval":{"confidence_level":0.95,"lower_bound":11025.543391902214,"upper_bound":11443.82816020025},"point_estimate":11186.527935905546,"standard_error":117.03531939245495},"MedianAbsDev":{"confidence_interval":{"confidence_level":0.95,"lower_bound":361.1270540699981,"upper_bound":999.2573572903659},"point_estimate":591.6274194374975,"standard_error":168.96413296689673},"Slope":{"confidence_interval":{"confidence_level":0.95,"lower_bound":11448.46790124418,"upper_bound":11923.720134520756},"point_estimate":11684.40026394527,"standard_error":121.55290188182526},"StdDev":{"confidence_interval":{"confidence_level":0.95,"lower_bound":801.8920710683498,"upper_bound":993.0880056450233},"point_estimate":908.0127133006318,"standard_error":48.680716561879436}}