{"Mean":{"confidence_interval":{"confidence_level":0.95,"lower_bound":37127523.52258333,"upper_bound":41215214.98545834},"point_estimate":38973294.433809526,"standard_error":1029641.3933736815},"Median":{"confidence_interval":{"confidence_level":0.95,"lower_bound":36959038.333333336,"upper_bound":40742893.801874995},"point_estimate":37757532.28571428,"standard_error":1012668.0222913144},"MedianAbsDev":{"confidence_interval":{"confidence_level":0.95,"lower_bound":604100.2395488234,"upper_bound":4963788.447207258},"point_estimate":3060221.9876852003,"standard_error":1306524.6522534254},"Slope":{"confidence_interval":{"confidence_level":0.95,"lower_bound":37086399.35918295,"upper_bound":40856426.07533921},"point_estimate":39181582.67012987,"standard_error":993044.3132100368},"StdDev":{"confidence_interval":{"confidence_level":0.95,"lower_bound":1926028.569471709,"upper_bound":5049277.281784196},"point_estimate":3862884.602499411,"standard_error":1018058.1650528569}}