{"Mean":{"confidence_interval":{"confidence_level":0.95,"lower_bound":-0.20956604590327926,"upper_bound":-0.12556699034047256},"point_estimate":-0.16881289802550614,"standard_error":0.024259573353644058},"Median":{"confidence_interval":{"confidence_level":0.95,"lower_bound":-0.21920844949439267,"upper_bound":-0.13925619751320742},"point_estimate":-0.17896985238871366,"standard_error":0.021648210759713283}}