{"Mean":{"confidence_interval":{"confidence_level":0.95,"lower_bound":1026949078.7902975,"upper_bound":1071919847.9869881},"point_estimate":1048332993.7785714,"standard_error":14808426.844250305},"Median":{"confidence_interval":{"confidence_level":0.95,"lower_bound":1020111033.97625,"upper_bound":1049935937.3333334},"point_estimate":1028389989.8333333,"standard_error":9363848.626227368},"MedianAbsDev":{"confidence_interval":{"confidence_level":0.95,"lower_bound":579258.0408721006,"upper_bound":37710334.48603225},"point_estimate":12930801.36843228,"standard_error":10586732.832316915},"Slope":{"confidence_interval":{"confidence_level":0.95,"lower_bound":1021900432.6212319,"upper_bound":1032948949.4997337},"point_estimate":1026621188.9480519,"standard_error":3458864.0479210466},"StdDev":{"confidence_interval":{"confidence_level":0.95,"lower_bound":10162422.712773148,"upper_bound":72399765.463112},"point_estimate":53723511.77706925,"standard_error":24674578.26570687}}