{"Mean":{"confidence_interval":{"confidence_level":0.95,"lower_bound":213923889.19266665,"upper_bound":228663571.2288214},"point_estimate":220405178.24785715,"standard_error":3888839.256259899},"Median":{"confidence_interval":{"confidence_level":0.95,"lower_bound":213034316.23291668,"upper_bound":225248658.03928572},"point_estimate":215399566.8333333,"standard_error":3118751.149116744},"MedianAbsDev":{"confidence_interval":{"confidence_level":0.95,"lower_bound":948140.6831666277,"upper_bound":17227967.834955662},"point_estimate":5525317.505305968,"standard_error":3932347.405454185},"Slope":{"confidence_interval":{"confidence_level":0.95,"lower_bound":216086672.94664294,"upper_bound":238729956.90069395},"point_estimate":224278758.05194804,"standard_error":6048640.291895079},"StdDev":{"confidence_interval":{"confidence_level":0.95,"lower_bound":2658961.635103833,"upper_bound":17328489.340246197},"point_estimate":12438790.91686353,"standard_error":4517687.688001519}}