{"Mean":{"confidence_interval":{"confidence_level":0.95,"lower_bound":66271.91254566485,"upper_bound":70441.27963202998},"point_estimate":68273.61481749454,"standard_error":1079.7265377637398},"Median":{"confidence_interval":{"confidence_level":0.95,"lower_bound":64201.98208393199,"upper_bound":72411.53432112068},"point_estimate":66992.0005541872,"standard_error":2315.2707719752434},"MedianAbsDev":{"confidence_interval":{"confidence_level":0.95,"lower_bound":591.994883634662,"upper_bound":7420.745841972022},"point_estimate":5195.592829236085,"standard_error":2047.103163764281},"Slope":{"confidence_interval":{"confidence_level":0.95,"lower_bound":64341.58128370091,"upper_bound":66406.37184069522},"point_estimate":65131.287841468875,"standard_error":734.0529533458639},"StdDev":{"confidence_interval":{"confidence_level":0.95,"lower_bound":3627.842416622885,"upper_bound":5158.219651116337},"point_estimate":4698.415883328855,"standard_error":457.4985508251457}}