{"Mean":{"confidence_interval":{"confidence_level":0.95,"lower_bound":37475.86578675758,"upper_bound":38562.39607729712},"point_estimate":37899.20505486624,"standard_error":282.11615561487},"Median":{"confidence_interval":{"confidence_level":0.95,"lower_bound":37337.896713615024,"upper_bound":38246.222507964456},"point_estimate":37821.01291079812,"standard_error":227.82678973569688},"MedianAbsDev":{"confidence_interval":{"confidence_level":0.95,"lower_bound":47.46789284345381,"upper_bound":1085.324514050052},"point_estimate":500.72029885691376,"standard_error":343.541916739031},"Slope":{"confidence_interval":{"confidence_level":0.95,"lower_bound":37301.93537215178,"upper_bound":38060.93460506167},"point_estimate":37628.173105298454,"standard_error":240.55101018275562},"StdDev":{"confidence_interval":{"confidence_level":0.95,"lower_bound":266.59228271440236,"upper_bound":1290.5074040335085},"point_estimate":908.8827016424951,"standard_error":301.24718334310546}}