{"Mean":{"confidence_interval":{"confidence_level":0.95,"lower_bound":34412808.12653571,"upper_bound":37412693.04924108},"point_estimate":36062702.22488095,"standard_error":773964.9995011429},"Median":{"confidence_interval":{"confidence_level":0.95,"lower_bound":33361716.2,"upper_bound":38772114.19270833},"point_estimate":37383870.0375,"standard_error":1556983.7481382922},"MedianAbsDev":{"confidence_interval":{"confidence_level":0.95,"lower_bound":479337.9630745476,"upper_bound":5155263.024574597},"point_estimate":3206527.5697002555,"standard_error":1380417.4127036298},"Slope":{"confidence_interval":{"confidence_level":0.95,"lower_bound":34114813.67378807,"upper_bound":38233416.95768207},"point_estimate":36461026.02077922,"standard_error":1220925.5701467406},"StdDev":{"confidence_interval":{"confidence_level":0.95,"lower_bound":2342669.4049341027,"upper_bound":3795005.1482602176},"point_estimate":3238740.824728539,"standard_error":419970.4995025669}}