{"Mean":{"confidence_interval":{"confidence_level":0.95,"lower_bound":2580.899937263936,"upper_bound":2759.6563180409653},"point_estimate":2675.020986154453,"standard_error":49.75384174118281},"Median":{"confidence_interval":{"confidence_level":0.95,"lower_bound":2566.0008064680487,"upper_bound":2716.8633205491633},"point_estimate":2622.6984474380047,"standard_error":50.618587718872526},"MedianAbsDev":{"confidence_interval":{"confidence_level":0.95,"lower_bound":32.2315341251245,"upper_bound":255.91742115296148},"point_estimate":122.05826292057654,"standard_error":64.56479186801657},"Slope":{"confidence_interval":{"confidence_level":0.95,"lower_bound":2574.487325178936,"upper_bound":2644.975409587736},"point_estimate":2605.8370250060093,"standard_error":19.04463355711705},"StdDev":{"confidence_interval":{"confidence_level":0.95,"lower_bound":62.82470111832337,"upper_bound":189.63921989207208},"point_estimate":156.1155348967058,"standard_error":38.412982797531164}}