{"Mean":{"confidence_interval":{"confidence_level":0.95,"lower_bound":778821.5718094248,"upper_bound":826690.1233869047},"point_estimate":799194.8333115081,"standard_error":14013.642717598423},"Median":{"confidence_interval":{"confidence_level":0.95,"lower_bound":771110.0868191965,"upper_bound":815988.8170833334},"point_estimate":784926.5675,"standard_error":9385.785281706803},"MedianAbsDev":{"confidence_interval":{"confidence_level":0.95,"lower_bound":2403.9257742718833,"upper_bound":39704.89720292534},"point_estimate":16597.3752383377,"standard_error":11727.307712487296},"Slope":{"confidence_interval":{"confidence_level":0.95,"lower_bound":771350.6269541638,"upper_bound":784371.4836627558},"point_estimate":775245.1797402598,"standard_error":3737.7703102162964},"StdDev":{"confidence_interval":{"confidence_level":0.95,"lower_bound":8773.164004513636,"upper_bound":60610.648112815514},"point_estimate":44959.16593671801,"standard_error":16001.065222537765}}