{"Mean":{"confidence_interval":{"confidence_level":0.95,"lower_bound":275826.38391729794,"upper_bound":281973.6249565596},"point_estimate":279176.2407227032,"standard_error":1759.8168386273144},"Median":{"confidence_interval":{"confidence_level":0.95,"lower_bound":275682.9498106061,"upper_bound":280220.0413510101},"point_estimate":276757.7234848485,"standard_error":1228.073713651574},"MedianAbsDev":{"confidence_interval":{"confidence_level":0.95,"lower_bound":197.3233862695382,"upper_bound":7752.929334255158},"point_estimate":4137.296312911936,"standard_error":2166.521616764518},"Slope":{"confidence_interval":{"confidence_level":0.95,"lower_bound":274231.5782550862,"upper_bound":283419.0533875016},"point_estimate":277406.3733569461,"standard_error":2538.9348047801172},"StdDev":{"confidence_interval":{"confidence_level":0.95,"lower_bound":2129.335120705343,"upper_bound":8696.298395712709},"point_estimate":6401.262106782637,"standard_error":1968.7851008170203}}