{"Mean":{"confidence_interval":{"confidence_level":0.95,"lower_bound":24452.095711697726,"upper_bound":24636.230616625995},"point_estimate":24537.895296879622,"standard_error":45.85485857807213},"Median":{"confidence_interval":{"confidence_level":0.95,"lower_bound":24483.13858695652,"upper_bound":24651.27888392857},"point_estimate":24594.05067287785,"standard_error":48.878016845225325},"MedianAbsDev":{"confidence_interval":{"confidence_level":0.95,"lower_bound":23.055977802630498,"upper_bound":221.33033008457502},"point_estimate":107.0306340780825,"standard_error":56.509073548563954},"Slope":{"confidence_interval":{"confidence_level":0.95,"lower_bound":24491.191864385062,"upper_bound":24641.785689123746},"point_estimate":24581.696474953616,"standard_error":43.18750513941165},"StdDev":{"confidence_interval":{"confidence_level":0.95,"lower_bound":81.04926359563784,"upper_bound":197.9836671081277},"point_estimate":163.58288196356935,"standard_error":35.65810681478963}}