{"Mean":{"confidence_interval":{"confidence_level":0.95,"lower_bound":23872.93971613463,"upper_bound":24543.860786827412},"point_estimate":24159.379160314944,"standard_error":191.7258917593875},"Median":{"confidence_interval":{"confidence_level":0.95,"lower_bound":23610.793335974642,"upper_bound":24697.456294572108},"point_estimate":24144.846690815786,"standard_error":256.9504942041663},"MedianAbsDev":{"confidence_interval":{"confidence_level":0.95,"lower_bound":197.88233536895288,"upper_bound":1079.903976855013},"point_estimate":683.3531190249507,"standard_error":282.88135812571693},"Slope":{"confidence_interval":{"confidence_level":0.95,"lower_bound":23569.13729007029,"upper_bound":24225.436684514112},"point_estimate":23792.763644596293,"standard_error":156.2751230551778},"StdDev":{"confidence_interval":{"confidence_level":0.95,"lower_bound":365.39665217310767,"upper_bound":825.6938662006345},"point_estimate":647.112237229585,"standard_error":139.52231764435692}}