{"Mean":{"confidence_interval":{"confidence_level":0.95,"lower_bound":1984882.3887604165,"upper_bound":2052276.6597291664},"point_estimate":2013514.9183333335,"standard_error":16380.670527084078},"Median":{"confidence_interval":{"confidence_level":0.95,"lower_bound":1984957.5270833333,"upper_bound":2020497.7291666665},"point_estimate":2000304.8645833335,"standard_error":10677.719693470879},"MedianAbsDev":{"confidence_interval":{"confidence_level":0.95,"lower_bound":10965.741830319108,"upper_bound":68579.01828426002},"point_estimate":41287.63248074816,"standard_error":17897.75039626864},"Slope":{"confidence_interval":{"confidence_level":0.95,"lower_bound":1965606.159966971,"upper_bound":1999761.126688558},"point_estimate":1979486.5607142858,"standard_error":10120.287870787022},"StdDev":{"confidence_interval":{"confidence_level":0.95,"lower_bound":24732.82154008203,"upper_bound":90689.06154755708},"point_estimate":61376.58172052987,"standard_error":19198.78526544985}}