{"Mean":{"confidence_interval":{"confidence_level":0.95,"lower_bound":60808489.30160416,"upper_bound":69018688.7362143},"point_estimate":64661115.26424603,"standard_error":2128328.689666248},"Median":{"confidence_interval":{"confidence_level":0.95,"lower_bound":58981542.309375,"upper_bound":70849275.18325892},"point_estimate":61940707.08333333,"standard_error":2916216.710931538},"MedianAbsDev":{"confidence_interval":{"confidence_level":0.95,"lower_bound":782216.2450147582,"upper_bound":9997404.256864753},"point_estimate":6383230.682662502,"standard_error":2702282.147925682},"Slope":{"confidence_interval":{"confidence_level":0.95,"lower_bound":59194875.62574434,"upper_bound":68945327.59525767},"point_estimate":62983898.04935065,"standard_error":2495031.7504384583},"StdDev":{"confidence_interval":{"confidence_level":0.95,"lower_bound":4462814.75832669,"upper_bound":8367197.103991346},"point_estimate":7075402.113276686,"standard_error":1091389.2131768952}}