{"Mean":{"confidence_interval":{"confidence_level":0.95,"lower_bound":11623.664325400096,"upper_bound":12494.800726973925},"point_estimate":12107.790390311915,"standard_error":222.9353935706652},"Median":{"confidence_interval":{"confidence_level":0.95,"lower_bound":11454.288727752142,"upper_bound":12710.51107414579},"point_estimate":11918.209404526478,"standard_error":419.491692088824},"MedianAbsDev":{"confidence_interval":{"confidence_level":0.95,"lower_bound":97.57465528237108,"upper_bound":1164.757561739019},"point_estimate":753.1711571185417,"standard_error":335.9927779143818},"Slope":{"confidence_interval":{"confidence_level":0.95,"lower_bound":12190.053982555884,"upper_bound":12897.507552326011},"point_estimate":12611.351039731528,"standard_error":179.9784387836113},"StdDev":{"confidence_interval":{"confidence_level":0.95,"lower_bound":445.6499217721492,"upper_bound":829.4231857747286},"point_estimate":706.9235440625818,"standard_error":102.58363175785303}}