{"Mean":{"confidence_interval":{"confidence_level":0.95,"lower_bound":771139.2725552084,"upper_bound":842636.0050553074},"point_estimate":798852.8108908731,"standard_error":19381.033103609545},"Median":{"confidence_interval":{"confidence_level":0.95,"lower_bound":760987.1897135417,"upper_bound":891944.3815178571},"point_estimate":785917.4395833333,"standard_error":29854.71933521054},"MedianAbsDev":{"confidence_interval":{"confidence_level":0.95,"lower_bound":1557.3692972699635,"upper_bound":86079.56752518853},"point_estimate":38888.32263146924,"standard_error":22836.575024637055},"Slope":{"confidence_interval":{"confidence_level":0.95,"lower_bound":751771.0378557341,"upper_bound":808820.3613719172},"point_estimate":765354.8212987013,"standard_error":14925.069762106214},"StdDev":{"confidence_interval":{"confidence_level":0.95,"lower_bound":21527.29220868474,"upper_bound":73518.49145182587},"point_estimate":58840.463897672904,"standard_error":14271.26938348978}}