{"Mean":{"confidence_interval":{"confidence_level":0.95,"lower_bound":2848975.178750794,"upper_bound":3919582.0237541664},"point_estimate":3218868.0867539686,"standard_error":321166.38442600146},"Median":{"confidence_interval":{"confidence_level":0.95,"lower_bound":2768935.709722222,"upper_bound":3077893.38},"point_estimate":2873436.341666667,"standard_error":86471.48012394455},"MedianAbsDev":{"confidence_interval":{"confidence_level":0.95,"lower_bound":101820.26774026631,"upper_bound":551961.080000707},"point_estimate":287323.77362731704,"standard_error":114174.99814276578},"Slope":{"confidence_interval":{"confidence_level":0.95,"lower_bound":2708264.683663024,"upper_bound":2942935.5121847824},"point_estimate":2771875.3693506494,"standard_error":61436.66336353112},"StdDev":{"confidence_interval":{"confidence_level":0.95,"lower_bound":171093.63262079717,"upper_bound":1559976.2324903125},"point_estimate":1024326.6045032798,"standard_error":451604.1891013438}}