{"Mean":{"confidence_interval":{"confidence_level":0.95,"lower_bound":82569055.91325,"upper_bound":91307999.434875},"point_estimate":86961010.23,"standard_error":2388650.348609782},"Median":{"confidence_interval":{"confidence_level":0.95,"lower_bound":78415588.519375,"upper_bound":93178284.6},"point_estimate":86786640.125,"standard_error":3723954.7520355973},"MedianAbsDev":{"confidence_interval":{"confidence_level":0.95,"lower_bound":2999414.490723499,"upper_bound":15806306.14420697},"point_estimate":11805973.575987073,"standard_error":3199462.172878439},"Slope":{"confidence_interval":{"confidence_level":0.95,"lower_bound":85058659.64336827,"upper_bound":92874292.68009177},"point_estimate":87882739.78181818,"standard_error":2120347.6780719804},"StdDev":{"confidence_interval":{"confidence_level":0.95,"lower_bound":6299577.107261433,"upper_bound":10878038.733091652},"point_estimate":9001966.483986367,"standard_error":1226893.235722438}}