{"Mean":{"confidence_interval":{"confidence_level":0.95,"lower_bound":44521604.00159028,"upper_bound":48573559.823103175},"point_estimate":46364237.337658726,"standard_error":1080451.7134155685},"Median":{"confidence_interval":{"confidence_level":0.95,"lower_bound":42923559.26166667,"upper_bound":50237446.534722224},"point_estimate":45430929.625,"standard_error":2185622.964474528},"MedianAbsDev":{"confidence_interval":{"confidence_level":0.95,"lower_bound":375146.7574403108,"upper_bound":5402305.316315656},"point_estimate":4202045.446673781,"standard_error":1568289.6469225883},"Slope":{"confidence_interval":{"confidence_level":0.95,"lower_bound":44730114.43342653,"upper_bound":49494169.97325795},"point_estimate":46892116.04415584,"standard_error":1402194.5811829015},"StdDev":{"confidence_interval":{"confidence_level":0.95,"lower_bound":2915464.535883819,"upper_bound":4028792.3012006036},"point_estimate":3608541.3821845455,"standard_error":372076.6713781449}}