{"Mean":{"confidence_interval":{"confidence_level":0.95,"lower_bound":-0.06515804421695698,"upper_bound":0.06506894168551805},"point_estimate":-0.0036192297826702635,"standard_error":0.032183356821858175},"Median":{"confidence_interval":{"confidence_level":0.95,"lower_bound":-0.05275328588240005,"upper_bound":0.013751896584549287},"point_estimate":-0.0034571771263912643,"standard_error":0.017076037495450145}}