{"Mean":{"confidence_interval":{"confidence_level":0.95,"lower_bound":109797.25209534403,"upper_bound":112248.1869501862},"point_estimate":110894.60524981993,"standard_error":628.9773762390631},"Median":{"confidence_interval":{"confidence_level":0.95,"lower_bound":108771.19536019536,"upper_bound":109856.39068100358},"point_estimate":109259.80833333332,"standard_error":319.5047449834668},"MedianAbsDev":{"confidence_interval":{"confidence_level":0.95,"lower_bound":1669.9817161460544,"upper_bound":3163.1994115345806},"point_estimate":2338.557581525757,"standard_error":383.5995937157523},"Slope":{"confidence_interval":{"confidence_level":0.95,"lower_bound":109197.97760666575,"upper_bound":111463.70379189606},"point_estimate":110150.23573025959,"standard_error":586.4574302644731},"StdDev":{"confidence_interval":{"confidence_level":0.95,"lower_bound":3148.3596306359677,"upper_bound":9005.457318600527},"point_estimate":6292.39292236367,"standard_error":1494.3511379038353}}