{"Mean":{"confidence_interval":{"confidence_level":0.95,"lower_bound":989169983.3410734,"upper_bound":1028742788.3496251},"point_estimate":1009496925.8773016,"standard_error":11062808.757252285},"Median":{"confidence_interval":{"confidence_level":0.95,"lower_bound":975403686.5177778,"upper_bound":1042220000.530625},"point_estimate":988225797.6666667,"standard_error":20650565.869003262},"MedianAbsDev":{"confidence_interval":{"confidence_level":0.95,"lower_bound":5062636.987522866,"upper_bound":72246885.2022324},"point_estimate":24940011.842101373,"standard_error":19889035.415077697},"Slope":{"confidence_interval":{"confidence_level":0.95,"lower_bound":978526412.5880513,"upper_bound":1005292492.3432517},"point_estimate":984645024.9454546,"standard_error":7190054.005185835},"StdDev":{"confidence_interval":{"confidence_level":0.95,"lower_bound":24404494.099789623,"upper_bound":56269084.50716506},"point_estimate":43633728.075741075,"standard_error":8539181.225141713}}