{"Mean":{"confidence_interval":{"confidence_level":0.95,"lower_bound":10318358.080885418,"upper_bound":11202613.928906249},"point_estimate":10682187.93125,"standard_error":251519.38511533142},"Median":{"confidence_interval":{"confidence_level":0.95,"lower_bound":10097232.817708334,"upper_bound":11456147.962499999},"point_estimate":10377468.833333334,"standard_error":357480.71496149874},"MedianAbsDev":{"confidence_interval":{"confidence_level":0.95,"lower_bound":108490.47428844047,"upper_bound":1133317.2373339725},"point_estimate":435996.34400326805,"standard_error":323404.60403414373},"Slope":{"confidence_interval":{"confidence_level":0.95,"lower_bound":10147850.082084984,"upper_bound":11534970.707636762},"point_estimate":10760537.066233765,"standard_error":408488.00984058436},"StdDev":{"confidence_interval":{"confidence_level":0.95,"lower_bound":286326.1289666239,"upper_bound":940971.5654996298},"point_estimate":784325.0370614582,"standard_error":164975.28651801654}}