{"Mean":{"confidence_interval":{"confidence_level":0.95,"lower_bound":51428.77580405734,"upper_bound":54445.7259542706},"point_estimate":52506.66777426844,"standard_error":910.5837084914365},"Median":{"confidence_interval":{"confidence_level":0.95,"lower_bound":50796.26109315949,"upper_bound":54165.13605442177},"point_estimate":51496.92006802721,"standard_error":886.9605609512228},"MedianAbsDev":{"confidence_interval":{"confidence_level":0.95,"lower_bound":213.9116413018011,"upper_bound":3456.649366234246},"point_estimate":1299.0041006115382,"standard_error":936.8937071068276},"Slope":{"confidence_interval":{"confidence_level":0.95,"lower_bound":50265.75603709069,"upper_bound":51923.16700195291},"point_estimate":50938.89311776659,"standard_error":416.4019893003924},"StdDev":{"confidence_interval":{"confidence_level":0.95,"lower_bound":1152.8512650147172,"upper_bound":3976.343079868955},"point_estimate":2917.7889372568998,"standard_error":883.1290286159203}}