{"Mean":{"confidence_interval":{"confidence_level":0.95,"lower_bound":920900168.5847201,"upper_bound":964524957.8631667},"point_estimate":944082444.0518253,"standard_error":11909542.641440561},"Median":{"confidence_interval":{"confidence_level":0.95,"lower_bound":910990335.8333334,"upper_bound":946713139.8291668},"point_estimate":915808248.2285714,"standard_error":10457709.438111864},"MedianAbsDev":{"confidence_interval":{"confidence_level":0.95,"lower_bound":3175131.6875118185,"upper_bound":46810553.69801711},"point_estimate":14228870.74600038,"standard_error":13059523.013318157},"Slope":{"confidence_interval":{"confidence_level":0.95,"lower_bound":910324173.8263817,"upper_bound":933136771.2412895},"point_estimate":917559758.3272728,"standard_error":6262262.998717025},"StdDev":{"confidence_interval":{"confidence_level":0.95,"lower_bound":15900474.972236507,"upper_bound":76960504.83128966},"point_estimate":58574918.67348249,"standard_error":18497155.893409155}}