{"Mean":{"confidence_interval":{"confidence_level":0.95,"lower_bound":-0.07086985188558065,"upper_bound":0.04776929440086529},"point_estimate":-0.009229113385205157,"standard_error":0.034417552665212826},"Median":{"confidence_interval":{"confidence_level":0.95,"lower_bound":-0.10049587772682111,"upper_bound":0.03513452800616401},"point_estimate":-0.038810365817606884,"standard_error":0.042728874705203444}}