{"Mean":{"confidence_interval":{"confidence_level":0.95,"lower_bound":536178.548923944,"upper_bound":553178.7073621063},"point_estimate":544340.228540211,"standard_error":4356.6600415876},"Median":{"confidence_interval":{"confidence_level":0.95,"lower_bound":522164.3102143758,"upper_bound":550757.3571428572},"point_estimate":531115.7346041056,"standard_error":7423.65606197014},"MedianAbsDev":{"confidence_interval":{"confidence_level":0.95,"lower_bound":30033.01225699977,"upper_bound":56810.669456975935},"point_estimate":42574.28407589461,"standard_error":7046.342449856408},"Slope":{"confidence_interval":{"confidence_level":0.95,"lower_bound":514781.2331561003,"upper_bound":525702.8400983197},"point_estimate":519606.5491724546,"standard_error":2794.693452262809},"StdDev":{"confidence_interval":{"confidence_level":0.95,"lower_bound":34744.33309241706,"upper_bound":54357.46385846977},"point_estimate":43703.23107559038,"standard_error":5278.698847423924}}