{"Mean":{"confidence_interval":{"confidence_level":0.95,"lower_bound":165318995.5897143,"upper_bound":174393802.56194147},"point_estimate":169749608.97829366,"standard_error":2483429.461433534},"Median":{"confidence_interval":{"confidence_level":0.95,"lower_bound":163570689.9,"upper_bound":172133030.45},"point_estimate":165602269.44444445,"standard_error":2556006.589950884},"MedianAbsDev":{"confidence_interval":{"confidence_level":0.95,"lower_bound":410590.31167405855,"upper_bound":8454483.712503731},"point_estimate":3840298.4499169025,"standard_error":2399763.723825563},"Slope":{"confidence_interval":{"confidence_level":0.95,"lower_bound":164225598.25765598,"upper_bound":169310907.7379017},"point_estimate":165782940.5818182,"standard_error":1461109.0903182325},"StdDev":{"confidence_interval":{"confidence_level":0.95,"lower_bound":2905756.677901907,"upper_bound":13841459.757578148},"point_estimate":9517319.993705178,"standard_error":3721360.3372938964}}