{"Mean":{"confidence_interval":{"confidence_level":0.95,"lower_bound":-0.09187411765528863,"upper_bound":0.03743616869892634},"point_estimate":-0.04787397390958592,"standard_error":0.0400132429097306},"Median":{"confidence_interval":{"confidence_level":0.95,"lower_bound":-0.10889037813199631,"upper_bound":0.08695891821986423},"point_estimate":-0.017801221804589984,"standard_error":0.06243120252817069}}