{"Mean":{"confidence_interval":{"confidence_level":0.95,"lower_bound":533424.2181342386,"upper_bound":584718.4792603548},"point_estimate":552545.8976537698,"standard_error":13405.872351545946},"Median":{"confidence_interval":{"confidence_level":0.95,"lower_bound":519957.4017578125,"upper_bound":567936.5198800223},"point_estimate":530250.05859375,"standard_error":17484.38400436914},"MedianAbsDev":{"confidence_interval":{"confidence_level":0.95,"lower_bound":5022.7591405157,"upper_bound":68298.38701918387},"point_estimate":27320.285537936707,"standard_error":19476.382606170886},"Slope":{"confidence_interval":{"confidence_level":0.95,"lower_bound":550303.9198835581,"upper_bound":615042.4627787886},"point_estimate":586864.3232954545,"standard_error":18859.73136760122},"StdDev":{"confidence_interval":{"confidence_level":0.95,"lower_bound":18739.807730313598,"upper_bound":55026.97000998468},"point_estimate":45809.88257416833,"standard_error":9176.823366736684}}