{"Mean":{"confidence_interval":{"confidence_level":0.95,"lower_bound":38964493.593145825,"upper_bound":42099332.11241865},"point_estimate":40686859.39710317,"standard_error":889050.4184847724},"Median":{"confidence_interval":{"confidence_level":0.95,"lower_bound":38634437.21875001,"upper_bound":43147593.3921875},"point_estimate":40235201.91666667,"standard_error":1203867.6088841066},"MedianAbsDev":{"confidence_interval":{"confidence_level":0.95,"lower_bound":956231.8696234899,"upper_bound":4031631.6246721065},"point_estimate":3239543.7305966043,"standard_error":807770.1303241265},"Slope":{"confidence_interval":{"confidence_level":0.95,"lower_bound":38900825.32313328,"upper_bound":43420992.176770054},"point_estimate":40794630.37662338,"standard_error":1361666.7659288778},"StdDev":{"confidence_interval":{"confidence_level":0.95,"lower_bound":1752279.5151658568,"upper_bound":3410157.032927959},"point_estimate":2715251.8761548037,"standard_error":467577.81380624743}}