{"Mean":{"confidence_interval":{"confidence_level":0.95,"lower_bound":1.0378600980890835,"upper_bound":1.1142857322613173},"point_estimate":1.0757864436727163,"standard_error":0.01960260456734662},"Median":{"confidence_interval":{"confidence_level":0.95,"lower_bound":1.0267404965007847,"upper_bound":1.1118426740509997},"point_estimate":1.0775349942636585,"standard_error":0.023765319987244748}}