{"Mean":{"confidence_interval":{"confidence_level":0.95,"lower_bound":-0.5188022558147166,"upper_bound":-0.5013662427767728},"point_estimate":-0.5103141256282551,"standard_error":0.004459178013552663},"Median":{"confidence_interval":{"confidence_level":0.95,"lower_bound":-0.5168858557396416,"upper_bound":-0.5094641959264553},"point_estimate":-0.5132036887165443,"standard_error":0.001958670269660888}}