{"Mean":{"confidence_interval":{"confidence_level":0.95,"lower_bound":81479.26031444132,"upper_bound":83337.98566414799},"point_estimate":82358.56386939774,"standard_error":473.2656912429752},"Median":{"confidence_interval":{"confidence_level":0.95,"lower_bound":79703.71878940731,"upper_bound":81802.27680161943},"point_estimate":80789.01883971292,"standard_error":576.1544088795282},"MedianAbsDev":{"confidence_interval":{"confidence_level":0.95,"lower_bound":1463.417150372776,"upper_bound":3945.6839384139957},"point_estimate":2603.549245357544,"standard_error":642.2726638055358},"Slope":{"confidence_interval":{"confidence_level":0.95,"lower_bound":80860.23198371183,"upper_bound":82939.8027789026},"point_estimate":81812.04036034603,"standard_error":532.2273179206916},"StdDev":{"confidence_interval":{"confidence_level":0.95,"lower_bound":3467.5654928725385,"upper_bound":5884.025963027028},"point_estimate":4763.2398373844535,"standard_error":617.1093150313075}}