{"Mean":{"confidence_interval":{"confidence_level":0.95,"lower_bound":71752.9893491998,"upper_bound":74757.61649325829},"point_estimate":73158.0090907474,"standard_error":767.1894090093963},"Median":{"confidence_interval":{"confidence_level":0.95,"lower_bound":68876.02551020408,"upper_bound":71076.4023538961},"point_estimate":69984.01940334708,"standard_error":615.0334973602002},"MedianAbsDev":{"confidence_interval":{"confidence_level":0.95,"lower_bound":1777.7428234807746,"upper_bound":4802.299736470085},"point_estimate":3163.913471670218,"standard_error":833.4301386688958},"Slope":{"confidence_interval":{"confidence_level":0.95,"lower_bound":71122.04111801575,"upper_bound":74218.88708788283},"point_estimate":72626.1905195381,"standard_error":792.23304408356},"StdDev":{"confidence_interval":{"confidence_level":0.95,"lower_bound":5222.066137054648,"upper_bound":10162.86995018166},"point_estimate":7733.258633352002,"standard_error":1283.257851524199}}