{"Mean":{"confidence_interval":{"confidence_level":0.95,"lower_bound":2097665.9181301026,"upper_bound":2247797.4153480725},"point_estimate":2173024.8276303858,"standard_error":39843.40078355907},"Median":{"confidence_interval":{"confidence_level":0.95,"lower_bound":2096175.6326530613,"upper_bound":2308094.4523809524},"point_estimate":2130599.2714285715,"standard_error":61717.75777360405},"MedianAbsDev":{"confidence_interval":{"confidence_level":0.95,"lower_bound":32418.595623454843,"upper_bound":216202.18847339397},"point_estimate":119484.92930371848,"standard_error":51275.896419709614},"Slope":{"confidence_interval":{"confidence_level":0.95,"lower_bound":2043748.4984314865,"upper_bound":2162486.099201257},"point_estimate":2095651.1454545455,"standard_error":36596.10898409493},"StdDev":{"confidence_interval":{"confidence_level":0.95,"lower_bound":59652.696090760604,"upper_bound":166089.12044661274},"point_estimate":137023.9696721412,"standard_error":25956.39517956096}}