{"Mean":{"confidence_interval":{"confidence_level":0.95,"lower_bound":308287.49515509256,"upper_bound":334078.78760416666},"point_estimate":321899.362191358,"standard_error":7197.553314152794},"Median":{"confidence_interval":{"confidence_level":0.95,"lower_bound":304213.2049074074,"upper_bound":338245.44444444444},"point_estimate":307895.98456790124,"standard_error":10007.246557335266},"MedianAbsDev":{"confidence_interval":{"confidence_level":0.95,"lower_bound":1186.7237430703315,"upper_bound":44515.466279143926},"point_estimate":8696.709513195165,"standard_error":11503.326284017754},"Slope":{"confidence_interval":{"confidence_level":0.95,"lower_bound":306321.4541882156,"upper_bound":333768.28025929147},"point_estimate":321167.51404521405,"standard_error":8189.850361088128},"StdDev":{"confidence_interval":{"confidence_level":0.95,"lower_bound":7257.415265787569,"upper_bound":29899.681573453716},"point_estimate":24137.378999809716,"standard_error":5845.93847421465}}