{"Mean":{"confidence_interval":{"confidence_level":0.95,"lower_bound":4093119.099825645,"upper_bound":4368343.709097469},"point_estimate":4238969.381716269,"standard_error":76805.20227992925},"Median":{"confidence_interval":{"confidence_level":0.95,"lower_bound":4149905.25,"upper_bound":4441385.892857143},"point_estimate":4360394.277777778,"standard_error":74017.27447372234},"MedianAbsDev":{"confidence_interval":{"confidence_level":0.95,"lower_bound":55383.19365440808,"upper_bound":434766.9606178851},"point_estimate":167867.17352913693,"standard_error":94365.97974209102},"Slope":{"confidence_interval":{"confidence_level":0.95,"lower_bound":4196690.25168104,"upper_bound":4417851.6431944445},"point_estimate":4343927.27987013,"standard_error":65662.00668895537},"StdDev":{"confidence_interval":{"confidence_level":0.95,"lower_bound":103126.69602535036,"upper_bound":352435.79099608964},"point_estimate":288183.2104074089,"standard_error":67778.68898634311}}