{"Mean":{"confidence_interval":{"confidence_level":0.95,"lower_bound":344269.1083216711,"upper_bound":365769.2577573854},"point_estimate":353712.81511552026,"standard_error":5926.944021825652},"Median":{"confidence_interval":{"confidence_level":0.95,"lower_bound":341080.0794320988,"upper_bound":360054.3193981481},"point_estimate":346552.9319444444,"standard_error":5482.097791262404},"MedianAbsDev":{"confidence_interval":{"confidence_level":0.95,"lower_bound":374.6557275262998,"upper_bound":20669.621692068587},"point_estimate":7116.113067441509,"standard_error":5580.383336427216},"Slope":{"confidence_interval":{"confidence_level":0.95,"lower_bound":342861.53151387564,"upper_bound":346867.7418321079},"point_estimate":344685.9274458875,"standard_error":1104.5732311160518},"StdDev":{"confidence_interval":{"confidence_level":0.95,"lower_bound":3656.151916934762,"upper_bound":27377.905929134395},"point_estimate":19605.708624947212,"standard_error":6143.617008285695}}