{"Mean":{"confidence_interval":{"confidence_level":0.95,"lower_bound":81239923.66188492,"upper_bound":82904051.97682142},"point_estimate":82196144.97920634,"standard_error":421469.9025048151},"Median":{"confidence_interval":{"confidence_level":0.95,"lower_bound":81716663.9,"upper_bound":82512742.29375},"point_estimate":82168642.41666666,"standard_error":322114.0470200896},"MedianAbsDev":{"confidence_interval":{"confidence_level":0.95,"lower_bound":131207.8397943481,"upper_bound":2128212.0019396786},"point_estimate":631366.8437709771,"standard_error":542787.6272461355},"Slope":{"confidence_interval":{"confidence_level":0.95,"lower_bound":80907002.57279968,"upper_bound":83540261.71017517},"point_estimate":81833996.98441559,"standard_error":707839.073517446},"StdDev":{"confidence_interval":{"confidence_level":0.95,"lower_bound":603713.1785670927,"upper_bound":1645356.284227151},"point_estimate":1296233.606049275,"standard_error":272082.47451518045}}