{"Mean":{"confidence_interval":{"confidence_level":0.95,"lower_bound":962315232.6908612,"upper_bound":981490167.0434326},"point_estimate":971917997.4083731,"standard_error":5036210.803627454},"Median":{"confidence_interval":{"confidence_level":0.95,"lower_bound":959830568.1111112,"upper_bound":978194535.75},"point_estimate":971251332.9166667,"standard_error":5437809.414748476},"MedianAbsDev":{"confidence_interval":{"confidence_level":0.95,"lower_bound":4573094.277724558,"upper_bound":24873078.760075863},"point_estimate":17210690.176632464,"standard_error":5181512.076094213},"Slope":{"confidence_interval":{"confidence_level":0.95,"lower_bound":960933612.9060062,"upper_bound":984435979.7046031},"point_estimate":971258521.8831168,"standard_error":6556634.969316953},"StdDev":{"confidence_interval":{"confidence_level":0.95,"lower_bound":7175833.934934171,"upper_bound":19839150.58749058},"point_estimate":16051889.282684723,"standard_error":3230932.541360388}}