{"Mean":{"confidence_interval":{"confidence_level":0.95,"lower_bound":10882.53383010593,"upper_bound":11301.427265591934},"point_estimate":11064.908295285697,"standard_error":107.73757196596776},"Median":{"confidence_interval":{"confidence_level":0.95,"lower_bound":10696.735493230173,"upper_bound":10812.192687279396},"point_estimate":10763.306848404256,"standard_error":29.251276690161074},"MedianAbsDev":{"confidence_interval":{"confidence_level":0.95,"lower_bound":151.7672015471566,"upper_bound":280.3423401129456},"point_estimate":208.93943978991604,"standard_error":32.976123100673945},"Slope":{"confidence_interval":{"confidence_level":0.95,"lower_bound":10849.337999683252,"upper_bound":11110.048651353833},"point_estimate":10969.252623715214,"standard_error":66.91681799782343},"StdDev":{"confidence_interval":{"confidence_level":0.95,"lower_bound":506.3682293467069,"upper_bound":1640.7375341431657},"point_estimate":1085.8973218781907,"standard_error":321.51511831263963}}