{"Mean":{"confidence_interval":{"confidence_level":0.95,"lower_bound":59511.386792521895,"upper_bound":62094.216450354514},"point_estimate":60727.27276761613,"standard_error":658.1866471613074},"Median":{"confidence_interval":{"confidence_level":0.95,"lower_bound":57387.354166666664,"upper_bound":58579.78141140603},"point_estimate":57807.96706628661,"standard_error":299.8141295843611},"MedianAbsDev":{"confidence_interval":{"confidence_level":0.95,"lower_bound":1635.2630664691783,"upper_bound":3875.33472924593},"point_estimate":2515.7986857322285,"standard_error":571.4095206391719},"Slope":{"confidence_interval":{"confidence_level":0.95,"lower_bound":57967.15016771773,"upper_bound":59629.25641846106},"point_estimate":58701.54870455889,"standard_error":425.4295275711565},"StdDev":{"confidence_interval":{"confidence_level":0.95,"lower_bound":4649.03131977669,"upper_bound":8488.123072156986},"point_estimate":6610.2016665938145,"standard_error":993.492156335781}}