{"Mean":{"confidence_interval":{"confidence_level":0.95,"lower_bound":24933.38208613032,"upper_bound":25496.82163681718},"point_estimate":25204.878088731686,"standard_error":143.61138824290262},"Median":{"confidence_interval":{"confidence_level":0.95,"lower_bound":24407.614922870554,"upper_bound":24815.1726443769},"point_estimate":24598.64765832106,"standard_error":111.94912059514652},"MedianAbsDev":{"confidence_interval":{"confidence_level":0.95,"lower_bound":426.67295407991134,"upper_bound":974.5806197725999},"point_estimate":660.8208579017501,"standard_error":135.57106958215888},"Slope":{"confidence_interval":{"confidence_level":0.95,"lower_bound":24734.59036754197,"upper_bound":25559.083486585074},"point_estimate":25125.449464670986,"standard_error":211.4473905071737},"StdDev":{"confidence_interval":{"confidence_level":0.95,"lower_bound":1161.605995730048,"upper_bound":1670.6659085058607},"point_estimate":1442.2970635722631,"standard_error":129.53283936166565}}