{"Mean":{"confidence_interval":{"confidence_level":0.95,"lower_bound":134070.84728512733,"upper_bound":139993.78616785715},"point_estimate":137537.34347387566,"standard_error":1579.0824462576077},"Median":{"confidence_interval":{"confidence_level":0.95,"lower_bound":134224.13177662037,"upper_bound":141790.17967708333},"point_estimate":138439.79821428572,"standard_error":2063.8780760905483},"MedianAbsDev":{"confidence_interval":{"confidence_level":0.95,"lower_bound":101.59207444638301,"upper_bound":8149.107631825977},"point_estimate":4679.39024417421,"standard_error":2434.746763762644},"Slope":{"confidence_interval":{"confidence_level":0.95,"lower_bound":130216.75381773306,"upper_bound":140496.5799537533},"point_estimate":136083.96292207792,"standard_error":2763.788741973209},"StdDev":{"confidence_interval":{"confidence_level":0.95,"lower_bound":1930.9042733841952,"upper_bound":7164.8461301882235},"point_estimate":5195.9263547308365,"standard_error":1373.6121249554415}}