{"Mean":{"confidence_interval":{"confidence_level":0.95,"lower_bound":67320.86067647164,"upper_bound":72034.91682218484},"point_estimate":69291.7364976155,"standard_error":1347.6649663514604},"Median":{"confidence_interval":{"confidence_level":0.95,"lower_bound":65911.48817264574,"upper_bound":73530.53386584454},"point_estimate":69124.15975336323,"standard_error":2593.576101686051},"MedianAbsDev":{"confidence_interval":{"confidence_level":0.95,"lower_bound":1004.7700524420361,"upper_bound":5979.790304760147},"point_estimate":6346.396338562124,"standard_error":1597.451045513807},"Slope":{"confidence_interval":{"confidence_level":0.95,"lower_bound":65031.98584609315,"upper_bound":69331.83742253076},"point_estimate":66284.00573059228,"standard_error":1258.2008345668405},"StdDev":{"confidence_interval":{"confidence_level":0.95,"lower_bound":2893.15279725041,"upper_bound":4677.105442752079},"point_estimate":4267.72056973906,"standard_error":494.0460203542315}}