{"Mean":{"confidence_interval":{"confidence_level":0.95,"lower_bound":53122.073204269305,"upper_bound":58475.99538176313},"point_estimate":55611.24549302135,"standard_error":1308.7731741461303},"Median":{"confidence_interval":{"confidence_level":0.95,"lower_bound":52425.24040845649,"upper_bound":60768.650862068964},"point_estimate":53978.70193965518,"standard_error":2239.449903340759},"MedianAbsDev":{"confidence_interval":{"confidence_level":0.95,"lower_bound":1009.5114867640085,"upper_bound":6546.647238851358},"point_estimate":2620.1103183113296,"standard_error":1575.1178053243618},"Slope":{"confidence_interval":{"confidence_level":0.95,"lower_bound":52329.00835907687,"upper_bound":54873.17457358689},"point_estimate":52992.11256605464,"standard_error":707.8649042633692},"StdDev":{"confidence_interval":{"confidence_level":0.95,"lower_bound":1737.1413242920507,"upper_bound":4788.402831275919},"point_estimate":4043.0120428749924,"standard_error":775.3368168295982}}