{"Mean":{"confidence_interval":{"confidence_level":0.95,"lower_bound":44885.073118138724,"upper_bound":47736.80144498503},"point_estimate":46278.11562874251,"standard_error":851.5940753496313},"Median":{"confidence_interval":{"confidence_level":0.95,"lower_bound":44064.92844311378,"upper_bound":46526.022445733535},"point_estimate":45053.71494510978,"standard_error":728.3504369954787},"MedianAbsDev":{"confidence_interval":{"confidence_level":0.95,"lower_bound":371.4088484185276,"upper_bound":3571.250546904517},"point_estimate":1972.383977258634,"standard_error":808.8746575497956},"Slope":{"confidence_interval":{"confidence_level":0.95,"lower_bound":43990.442486915425,"upper_bound":45968.108259118126},"point_estimate":44799.34752313555,"standard_error":641.8716404757562},"StdDev":{"confidence_interval":{"confidence_level":0.95,"lower_bound":963.8925702797328,"upper_bound":3917.5242149302194},"point_estimate":3090.937168597055,"standard_error":776.8716173847699}}