{"Mean":{"confidence_interval":{"confidence_level":0.95,"lower_bound":24649.74904714224,"upper_bound":24891.657378865868},"point_estimate":24770.033691715136,"standard_error":61.84872415876457},"Median":{"confidence_interval":{"confidence_level":0.95,"lower_bound":24792.95142857143,"upper_bound":24947.220716783217},"point_estimate":24864.645,"standard_error":42.05812009059109},"MedianAbsDev":{"confidence_interval":{"confidence_level":0.95,"lower_bound":259.7107284454612,"upper_bound":495.2589176657279},"point_estimate":391.2858214907876,"standard_error":62.12090511314219},"Slope":{"confidence_interval":{"confidence_level":0.95,"lower_bound":24535.389067689724,"upper_bound":24779.761175982996},"point_estimate":24658.435945913996,"standard_error":62.531857136540616},"StdDev":{"confidence_interval":{"confidence_level":0.95,"lower_bound":491.1642930058444,"upper_bound":747.8957907364525},"point_estimate":622.3207332688764,"standard_error":65.7262201013883}}