{"Mean":{"confidence_interval":{"confidence_level":0.95,"lower_bound":19215.789640606825,"upper_bound":20105.271552795035},"point_estimate":19665.317396529626,"standard_error":235.03081618153902},"Median":{"confidence_interval":{"confidence_level":0.95,"lower_bound":18967.06360248447,"upper_bound":20107.93059006211},"point_estimate":19417.24706694272,"standard_error":398.7773142638238},"MedianAbsDev":{"confidence_interval":{"confidence_level":0.95,"lower_bound":94.78560735272994,"upper_bound":1560.732347682767},"point_estimate":897.8302215385893,"standard_error":438.5266851812664},"Slope":{"confidence_interval":{"confidence_level":0.95,"lower_bound":18848.997724903595,"upper_bound":19596.418747471733},"point_estimate":19179.684026780673,"standard_error":218.99803572931887},"StdDev":{"confidence_interval":{"confidence_level":0.95,"lower_bound":564.3606150662499,"upper_bound":1150.403133967641},"point_estimate":968.1516333403839,"standard_error":155.19681143666043}}