{"Mean":{"confidence_interval":{"confidence_level":0.95,"lower_bound":1180540361.3767848,"upper_bound":1251524838.8827431},"point_estimate":1212478390.0563889,"standard_error":19114521.163944684},"Median":{"confidence_interval":{"confidence_level":0.95,"lower_bound":1173005591.625,"upper_bound":1220577793.2333333},"point_estimate":1208773748.6666665,"standard_error":12943781.505155843},"MedianAbsDev":{"confidence_interval":{"confidence_level":0.95,"lower_bound":3998081.1234051147,"upper_bound":39949010.30228479},"point_estimate":31495141.19759953,"standard_error":11298354.475288859},"Slope":{"confidence_interval":{"confidence_level":0.95,"lower_bound":1173350137.355056,"upper_bound":1202639224.9298294},"point_estimate":1187194824.6727273,"standard_error":7946498.837183074},"StdDev":{"confidence_interval":{"confidence_level":0.95,"lower_bound":19127884.174879868,"upper_bound":88336268.90851377},"point_estimate":63687978.87796869,"standard_error":24815421.99218717}}