{"Mean":{"confidence_interval":{"confidence_level":0.95,"lower_bound":8030433.974467262,"upper_bound":8359679.663400298},"point_estimate":8184592.855892858,"standard_error":89002.80572492484},"Median":{"confidence_interval":{"confidence_level":0.95,"lower_bound":7943839.095625,"upper_bound":8456798.944791665},"point_estimate":8115809.275,"standard_error":130482.92296599741},"MedianAbsDev":{"confidence_interval":{"confidence_level":0.95,"lower_bound":43829.25529237604,"upper_bound":479643.6348809363},"point_estimate":318295.1505841307,"standard_error":127043.86222507582},"Slope":{"confidence_interval":{"confidence_level":0.95,"lower_bound":7970952.37958533,"upper_bound":8358412.09316072},"point_estimate":8191758.894805195,"standard_error":117173.27259926153},"StdDev":{"confidence_interval":{"confidence_level":0.95,"lower_bound":204166.59641408522,"upper_bound":394610.2679010228},"point_estimate":319729.58977415104,"standard_error":56078.62832882708}}