{"Mean":{"confidence_interval":{"confidence_level":0.95,"lower_bound":52293.035275722024,"upper_bound":57026.10869810468},"point_estimate":54665.39880866426,"standard_error":1308.2643218751962},"Median":{"confidence_interval":{"confidence_level":0.95,"lower_bound":51772.766245487364,"upper_bound":53720.547901624544},"point_estimate":52806.71028880867,"standard_error":931.0943568842899},"MedianAbsDev":{"confidence_interval":{"confidence_level":0.95,"lower_bound":495.38876967982793,"upper_bound":2942.3454814307934},"point_estimate":1584.4511128451013,"standard_error":1148.1201703112677},"Slope":{"confidence_interval":{"confidence_level":0.95,"lower_bound":52303.914517566,"upper_bound":53540.32967033428},"point_estimate":52767.0558488443,"standard_error":305.58560032528305},"StdDev":{"confidence_interval":{"confidence_level":0.95,"lower_bound":717.4596221094537,"upper_bound":6066.877929571562},"point_estimate":4723.075982682075,"standard_error":1540.1476889149255}}