{"Mean":{"confidence_interval":{"confidence_level":0.95,"lower_bound":4498993.757751736,"upper_bound":4814257.430582342},"point_estimate":4668485.547390874,"standard_error":89447.60557964012},"Median":{"confidence_interval":{"confidence_level":0.95,"lower_bound":4313605.666666667,"upper_bound":4935108.460894097},"point_estimate":4709275.967857143,"standard_error":168836.08826427575},"MedianAbsDev":{"confidence_interval":{"confidence_level":0.95,"lower_bound":40935.43313512633,"upper_bound":495049.17357822444},"point_estimate":340603.72148724145,"standard_error":141690.74051524696},"Slope":{"confidence_interval":{"confidence_level":0.95,"lower_bound":4558762.159085114,"upper_bound":4866894.9709112905},"point_estimate":4780198.744805194,"standard_error":86522.49422380245},"StdDev":{"confidence_interval":{"confidence_level":0.95,"lower_bound":213213.2078239754,"upper_bound":331596.4231124299},"point_estimate":285872.30359260977,"standard_error":34339.006461765515}}