{"Mean":{"confidence_interval":{"confidence_level":0.95,"lower_bound":10648.625555792465,"upper_bound":11948.892661256446},"point_estimate":11295.395066061632,"standard_error":330.6960874192468},"Median":{"confidence_interval":{"confidence_level":0.95,"lower_bound":10107.88029922503,"upper_bound":12355.586509758898},"point_estimate":11416.675191350938,"standard_error":674.337095744366},"MedianAbsDev":{"confidence_interval":{"confidence_level":0.95,"lower_bound":139.21139683509605,"upper_bound":1823.5597341487364},"point_estimate":1621.0038680832736,"standard_error":500.03067944621995},"Slope":{"confidence_interval":{"confidence_level":0.95,"lower_bound":11335.775218728832,"upper_bound":12419.290475639964},"point_estimate":12079.00208895582,"standard_error":307.0947726505054},"StdDev":{"confidence_interval":{"confidence_level":0.95,"lower_bound":775.3576768655035,"upper_bound":1310.9803244050952},"point_estimate":1155.360936120348,"standard_error":136.7164542617826}}