{"Mean":{"confidence_interval":{"confidence_level":0.95,"lower_bound":3889146.9881086303,"upper_bound":4258722.7948630955},"point_estimate":4065912.7537797615,"standard_error":94631.22685754354},"Median":{"confidence_interval":{"confidence_level":0.95,"lower_bound":3802553.726796875,"upper_bound":4483744.0},"point_estimate":3971822.3928571427,"standard_error":171786.35748582863},"MedianAbsDev":{"confidence_interval":{"confidence_level":0.95,"lower_bound":21636.526132125062,"upper_bound":507141.86928766617},"point_estimate":261079.65955303443,"standard_error":127317.13453160241},"Slope":{"confidence_interval":{"confidence_level":0.95,"lower_bound":3817451.469399636,"upper_bound":3962809.9891497665},"point_estimate":3873879.6396103897,"standard_error":47529.95511737673},"StdDev":{"confidence_interval":{"confidence_level":0.95,"lower_bound":118737.41325930282,"upper_bound":375703.5424920898},"point_estimate":313207.24214828154,"standard_error":61531.640230018966}}