{"Mean":{"confidence_interval":{"confidence_level":0.95,"lower_bound":1204840.572926511,"upper_bound":1229253.1019948104},"point_estimate":1219368.5910286936,"standard_error":6712.063418463613},"Median":{"confidence_interval":{"confidence_level":0.95,"lower_bound":1200782.532596154,"upper_bound":1229709.8917582417},"point_estimate":1220571.025,"standard_error":7293.020669558158},"MedianAbsDev":{"confidence_interval":{"confidence_level":0.95,"lower_bound":5029.60334538452,"upper_bound":32283.34723300991},"point_estimate":16433.940097085575,"standard_error":7186.112323779438},"Slope":{"confidence_interval":{"confidence_level":0.95,"lower_bound":1202779.2927576064,"upper_bound":1225704.0509372607},"point_estimate":1217971.0975024975,"standard_error":6906.671365752193},"StdDev":{"confidence_interval":{"confidence_level":0.95,"lower_bound":12050.075435168364,"upper_bound":28208.090842076395},"point_estimate":22569.643314458383,"standard_error":4599.071485276012}}