{"Mean":{"confidence_interval":{"confidence_level":0.95,"lower_bound":-0.10782162357930655,"upper_bound":0.054404963751919014},"point_estimate":-0.028544720559784742,"standard_error":0.04574919747103774},"Median":{"confidence_interval":{"confidence_level":0.95,"lower_bound":-0.10191241328174439,"upper_bound":0.15308233102349034},"point_estimate":-0.010281104772810301,"standard_error":0.07212327474672062}}