{"Mean":{"confidence_interval":{"confidence_level":0.95,"lower_bound":-0.08566966260163873,"upper_bound":0.05388429249119947},"point_estimate":-0.0335254278117334,"standard_error":0.04688010214283623},"Median":{"confidence_interval":{"confidence_level":0.95,"lower_bound":-0.11201127663439803,"upper_bound":0.13463848819099308},"point_estimate":-0.08174017818276047,"standard_error":0.07837929337706206}}