{"Mean":{"confidence_interval":{"confidence_level":0.95,"lower_bound":823427.4346209272,"upper_bound":846298.8061677109},"point_estimate":832873.7317898914,"standard_error":6427.233453151032},"Median":{"confidence_interval":{"confidence_level":0.95,"lower_bound":821666.901754386,"upper_bound":834942.2379385965},"point_estimate":826427.8868421053,"standard_error":4439.990718490803},"MedianAbsDev":{"confidence_interval":{"confidence_level":0.95,"lower_bound":2018.3329548385318,"upper_bound":19141.639736642705},"point_estimate":12727.845991404049,"standard_error":5207.773722148551},"Slope":{"confidence_interval":{"confidence_level":0.95,"lower_bound":821654.218329059,"upper_bound":834666.8337197598},"point_estimate":828858.7589883801,"standard_error":3923.1191237823923},"StdDev":{"confidence_interval":{"confidence_level":0.95,"lower_bound":7205.6361287259215,"upper_bound":34649.51365230255},"point_estimate":23469.26072684713,"standard_error":9401.791291627824}}