{"Mean":{"confidence_interval":{"confidence_level":0.95,"lower_bound":1030499.7159558202,"upper_bound":1059550.9858988095},"point_estimate":1041829.9513835978,"standard_error":10084.793376132946},"Median":{"confidence_interval":{"confidence_level":0.95,"lower_bound":1025359.9064583333,"upper_bound":1042795.88},"point_estimate":1035769.6148809523,"standard_error":12449.793373652103},"MedianAbsDev":{"confidence_interval":{"confidence_level":0.95,"lower_bound":2261.287435650022,"upper_bound":31557.929512401457},"point_estimate":15577.094590951194,"standard_error":8529.80848933518},"Slope":{"confidence_interval":{"confidence_level":0.95,"lower_bound":1023707.4794272544,"upper_bound":1049497.549283095},"point_estimate":1030886.6013852814,"standard_error":7105.753137896263},"StdDev":{"confidence_interval":{"confidence_level":0.95,"lower_bound":7018.562050611227,"upper_bound":39647.229059854995},"point_estimate":29081.56260159352,"standard_error":10443.775588549399}}