{"Mean":{"confidence_interval":{"confidence_level":0.95,"lower_bound":73862549.48905358,"upper_bound":79241546.98544048},"point_estimate":76660022.83535714,"standard_error":1598949.3078999496},"Median":{"confidence_interval":{"confidence_level":0.95,"lower_bound":72246578.60290179,"upper_bound":81074123.53541666},"point_estimate":78792683.5,"standard_error":2972787.496663534},"MedianAbsDev":{"confidence_interval":{"confidence_level":0.95,"lower_bound":1114727.5275276331,"upper_bound":9076461.977828776},"point_estimate":5817858.84417236,"standard_error":2095433.6782174134},"Slope":{"confidence_interval":{"confidence_level":0.95,"lower_bound":69561648.445294,"upper_bound":77269343.00268488},"point_estimate":72453953.74805194,"standard_error":2070167.5463909814},"StdDev":{"confidence_interval":{"confidence_level":0.95,"lower_bound":3894020.401448487,"upper_bound":6867805.633961798},"point_estimate":5847514.390961098,"standard_error":910178.9327054169}}