{"Mean":{"confidence_interval":{"confidence_level":0.95,"lower_bound":50209.3808835825,"upper_bound":51797.14595485287},"point_estimate":50902.95192084586,"standard_error":421.3719553191514},"Median":{"confidence_interval":{"confidence_level":0.95,"lower_bound":50049.86489479513,"upper_bound":51426.76043604651},"point_estimate":50453.09658281918,"standard_error":372.7983939138535},"MedianAbsDev":{"confidence_interval":{"confidence_level":0.95,"lower_bound":20.325432816477893,"upper_bound":1030.2990002594743},"point_estimate":713.4896856719,"standard_error":311.62518843260983},"Slope":{"confidence_interval":{"confidence_level":0.95,"lower_bound":50144.701307439405,"upper_bound":50789.4275198009},"point_estimate":50366.32098200802,"standard_error":158.99818572490767},"StdDev":{"confidence_interval":{"confidence_level":0.95,"lower_bound":445.45541316753173,"upper_bound":2041.951802060864},"point_estimate":1488.0680288008657,"standard_error":510.2221780918599}}