{"Mean":{"confidence_interval":{"confidence_level":0.95,"lower_bound":-0.12383070553767704,"upper_bound":-0.03690313381823575},"point_estimate":-0.09397863960538555,"standard_error":0.024688728803184547},"Median":{"confidence_interval":{"confidence_level":0.95,"lower_bound":-0.16567641305478467,"upper_bound":-0.02477200524940149},"point_estimate":-0.08167011810597391,"standard_error":0.049180085922750784}}