{"Mean":{"confidence_interval":{"confidence_level":0.95,"lower_bound":-0.09509604367821496,"upper_bound":-0.008917168377689216},"point_estimate":-0.04434765249641781,"standard_error":0.02431420448664799},"Median":{"confidence_interval":{"confidence_level":0.95,"lower_bound":-0.12299730099225042,"upper_bound":0.004569274523001411},"point_estimate":-0.054054068186121906,"standard_error":0.03936724719292271}}