{"Mean":{"confidence_interval":{"confidence_level":0.95,"lower_bound":-0.03460718986005541,"upper_bound":0.2053234576906855},"point_estimate":0.04533935232944608,"standard_error":0.058168382539012714},"Median":{"confidence_interval":{"confidence_level":0.95,"lower_bound":-0.10581676461640285,"upper_bound":0.25117346626371184},"point_estimate":0.07327023043349778,"standard_error":0.08173156707059132}}