{"Mean":{"confidence_interval":{"confidence_level":0.95,"lower_bound":63477795.278916664,"upper_bound":68821122.88194048},"point_estimate":66166849.31873016,"standard_error":1556251.194581759},"Median":{"confidence_interval":{"confidence_level":0.95,"lower_bound":61393773.155,"upper_bound":68998033.6388889},"point_estimate":66326030.6,"standard_error":2511061.4326671013},"MedianAbsDev":{"confidence_interval":{"confidence_level":0.95,"lower_bound":970698.527015659,"upper_bound":7339474.029198289},"point_estimate":6783411.417410377,"standard_error":1896259.193694425},"Slope":{"confidence_interval":{"confidence_level":0.95,"lower_bound":66468019.00963131,"upper_bound":70238010.65633138},"point_estimate":68652407.36623377,"standard_error":1368634.4185417788},"StdDev":{"confidence_interval":{"confidence_level":0.95,"lower_bound":3397130.4873086773,"upper_bound":5755605.217828895},"point_estimate":5074307.384163392,"standard_error":726694.3074023739}}