{"Mean":{"confidence_interval":{"confidence_level":0.95,"lower_bound":2482724.858421875,"upper_bound":2682607.812892361},"point_estimate":2596628.7772420635,"standard_error":56936.02204947962},"Median":{"confidence_interval":{"confidence_level":0.95,"lower_bound":2499996.019017857,"upper_bound":2617644.102907986},"point_estimate":2551978.078125,"standard_error":55569.76231955735},"MedianAbsDev":{"confidence_interval":{"confidence_level":0.95,"lower_bound":23555.661893365916,"upper_bound":283149.71771855635},"point_estimate":99178.8061683907,"standard_error":63495.3012907883},"Slope":{"confidence_interval":{"confidence_level":0.95,"lower_bound":2530459.4480816815,"upper_bound":2932705.3332834356},"point_estimate":2686561.701948052,"standard_error":114289.39253462723},"StdDev":{"confidence_interval":{"confidence_level":0.95,"lower_bound":98733.5641213551,"upper_bound":286037.5693337855},"point_estimate":227879.93566922104,"standard_error":51448.27233601105}}