{"Mean":{"confidence_interval":{"confidence_level":0.95,"lower_bound":1380665.5919435425,"upper_bound":1529600.2768939394},"point_estimate":1455591.223015873,"standard_error":39515.91166581094},"Median":{"confidence_interval":{"confidence_level":0.95,"lower_bound":1342397.1818181819,"upper_bound":1513664.262310606},"point_estimate":1402750.8863636362,"standard_error":55285.62489570982},"MedianAbsDev":{"confidence_interval":{"confidence_level":0.95,"lower_bound":24551.894735082642,"upper_bound":227002.0486750217},"point_estimate":107063.39250075977,"standard_error":58339.02581892689},"Slope":{"confidence_interval":{"confidence_level":0.95,"lower_bound":1341588.2924649373,"upper_bound":1446716.7565436764},"point_estimate":1383978.360566706,"standard_error":26433.394555533352},"StdDev":{"confidence_interval":{"confidence_level":0.95,"lower_bound":85074.69030879784,"upper_bound":180255.3583072756},"point_estimate":148485.73973608474,"standard_error":23797.708231023695}}