{"Mean":{"confidence_interval":{"confidence_level":0.95,"lower_bound":64551076.57198611,"upper_bound":70627660.13324007},"point_estimate":67219249.18603176,"standard_error":1480074.497909064},"Median":{"confidence_interval":{"confidence_level":0.95,"lower_bound":63188026.571428575,"upper_bound":70822526.140625},"point_estimate":65762459.277777776,"standard_error":1717670.4470120757},"MedianAbsDev":{"confidence_interval":{"confidence_level":0.95,"lower_bound":493309.8495862561,"upper_bound":7669301.406074554},"point_estimate":4069246.0518397717,"standard_error":1798878.7045609425},"Slope":{"confidence_interval":{"confidence_level":0.95,"lower_bound":64344713.66170844,"upper_bound":66904340.26132932},"point_estimate":65619173.948051944,"standard_error":710204.5403935456},"StdDev":{"confidence_interval":{"confidence_level":0.95,"lower_bound":1542298.767036801,"upper_bound":6315624.284800715},"point_estimate":4832764.7554904865,"standard_error":1288515.5819913242}}