{"Mean":{"confidence_interval":{"confidence_level":0.95,"lower_bound":8100629.165171626,"upper_bound":8908270.658130951},"point_estimate":8428576.29001984,"standard_error":205292.35120539213},"Median":{"confidence_interval":{"confidence_level":0.95,"lower_bound":8031734.90171875,"upper_bound":8826020.200446429},"point_estimate":8282834.125,"standard_error":227104.31098528972},"MedianAbsDev":{"confidence_interval":{"confidence_level":0.95,"lower_bound":36081.68255942232,"upper_bound":942715.4254944444},"point_estimate":371252.81856894505,"standard_error":266928.12518776284},"Slope":{"confidence_interval":{"confidence_level":0.95,"lower_bound":7877272.6684764335,"upper_bound":8342837.735736166},"point_estimate":8009155.705194805,"standard_error":116984.00382824491},"StdDev":{"confidence_interval":{"confidence_level":0.95,"lower_bound":249146.98771470186,"upper_bound":904865.3938863222},"point_estimate":699245.4951059942,"standard_error":177694.5057054772}}