{"Mean":{"confidence_interval":{"confidence_level":0.95,"lower_bound":102103.13717932662,"upper_bound":105146.628728309},"point_estimate":103567.83161069034,"standard_error":777.3429845939133},"Median":{"confidence_interval":{"confidence_level":0.95,"lower_bound":99658.5,"upper_bound":101703.30307971014},"point_estimate":100526.3464131107,"standard_error":568.4454158605179},"MedianAbsDev":{"confidence_interval":{"confidence_level":0.95,"lower_bound":2591.272792746731,"upper_bound":5124.826333338156},"point_estimate":3469.532529723008,"standard_error":661.0330022998331},"Slope":{"confidence_interval":{"confidence_level":0.95,"lower_bound":101780.83734950598,"upper_bound":106495.95722848171},"point_estimate":103935.32815427812,"standard_error":1208.2460565826318},"StdDev":{"confidence_interval":{"confidence_level":0.95,"lower_bound":6122.797545724979,"upper_bound":9502.870001615529},"point_estimate":7817.278288623446,"standard_error":870.7048848394576}}