{"Mean":{"confidence_interval":{"confidence_level":0.95,"lower_bound":64945.24460385665,"upper_bound":70957.78201686508},"point_estimate":67724.5284333664,"standard_error":1688.3711573395824},"Median":{"confidence_interval":{"confidence_level":0.95,"lower_bound":64188.59896918403,"upper_bound":74603.05789930555},"point_estimate":65405.525297619046,"standard_error":2741.0633592566583},"MedianAbsDev":{"confidence_interval":{"confidence_level":0.95,"lower_bound":290.0555083018729,"upper_bound":6966.001853533603},"point_estimate":1891.5309594915252,"standard_error":1589.7996985581206},"Slope":{"confidence_interval":{"confidence_level":0.95,"lower_bound":64455.218234549706,"upper_bound":66303.24235507773},"point_estimate":65308.450476190475,"standard_error":531.2292943289808},"StdDev":{"confidence_interval":{"confidence_level":0.95,"lower_bound":1721.7562684912207,"upper_bound":5582.754310079093},"point_estimate":4972.200446349245,"standard_error":969.8300225895728}}