{"Mean":{"confidence_interval":{"confidence_level":0.95,"lower_bound":69216977.09674007,"upper_bound":74081806.68632142},"point_estimate":71300129.72039683,"standard_error":1336109.2117143157},"Median":{"confidence_interval":{"confidence_level":0.95,"lower_bound":67888201.75,"upper_bound":71019784.7},"point_estimate":70748286.25,"standard_error":804906.3752170203},"MedianAbsDev":{"confidence_interval":{"confidence_level":0.95,"lower_bound":96876.54971084851,"upper_bound":4030517.4604552635},"point_estimate":1073816.0581059633,"standard_error":1152248.9713772852},"Slope":{"confidence_interval":{"confidence_level":0.95,"lower_bound":68229549.80702119,"upper_bound":75420877.72648129},"point_estimate":70238128.96883117,"standard_error":1869122.3994837736},"StdDev":{"confidence_interval":{"confidence_level":0.95,"lower_bound":1442411.3602274198,"upper_bound":6730828.056539244},"point_estimate":4644643.169899889,"standard_error":1823190.2791590535}}