{"Mean":{"confidence_interval":{"confidence_level":0.95,"lower_bound":25582.55695869806,"upper_bound":27933.353666087965},"point_estimate":26771.44370662154,"standard_error":699.8648401153952},"Median":{"confidence_interval":{"confidence_level":0.95,"lower_bound":25383.68032271242,"upper_bound":26288.19640522876},"point_estimate":25705.69374416433,"standard_error":338.3954200909477},"MedianAbsDev":{"confidence_interval":{"confidence_level":0.95,"lower_bound":90.41120138425642,"upper_bound":1314.8760111005256},"point_estimate":479.99239902744966,"standard_error":457.58712230355695},"Slope":{"confidence_interval":{"confidence_level":0.95,"lower_bound":25503.395354277836,"upper_bound":25963.487724321385},"point_estimate":25668.220974450385,"standard_error":129.0591931418959},"StdDev":{"confidence_interval":{"confidence_level":0.95,"lower_bound":294.80619546876943,"upper_bound":3618.3967904971496},"point_estimate":2624.9709254293984,"standard_error":1033.3520330253887}}