{"Mean":{"confidence_interval":{"confidence_level":0.95,"lower_bound":815009.1138910818,"upper_bound":842325.9037200294},"point_estimate":827653.8510818712,"standard_error":7809.304294688135},"Median":{"confidence_interval":{"confidence_level":0.95,"lower_bound":809505.7864473683,"upper_bound":842480.8701754386},"point_estimate":819207.1912280702,"standard_error":7835.345454045776},"MedianAbsDev":{"confidence_interval":{"confidence_level":0.95,"lower_bound":2049.992609263307,"upper_bound":55603.8424925055},"point_estimate":19763.29954702604,"standard_error":12980.883736337664},"Slope":{"confidence_interval":{"confidence_level":0.95,"lower_bound":806988.7803250779,"upper_bound":830854.7820107721},"point_estimate":817343.184962406,"standard_error":6542.04110506693},"StdDev":{"confidence_interval":{"confidence_level":0.95,"lower_bound":14959.606672196747,"upper_bound":39635.08063617274},"point_estimate":29843.93888790455,"standard_error":6993.785823849406}}