{"Mean":{"confidence_interval":{"confidence_level":0.95,"lower_bound":21232.738550445356,"upper_bound":22154.45296564698},"point_estimate":21676.5931712911,"standard_error":234.4519138098751},"Median":{"confidence_interval":{"confidence_level":0.95,"lower_bound":20156.986383442265,"upper_bound":21859.01142622809},"point_estimate":20830.70830218301,"standard_error":452.4416900349661},"MedianAbsDev":{"confidence_interval":{"confidence_level":0.95,"lower_bound":951.1809420302773,"upper_bound":2761.8978929179957},"point_estimate":1877.7784379434177,"standard_error":513.5505093616741},"Slope":{"confidence_interval":{"confidence_level":0.95,"lower_bound":21038.47961381058,"upper_bound":22516.55974165215},"point_estimate":21758.27500886656,"standard_error":377.4447098427511},"StdDev":{"confidence_interval":{"confidence_level":0.95,"lower_bound":1836.4051513948737,"upper_bound":2875.510290635697},"point_estimate":2359.7811514219457,"standard_error":268.1913178058432}}