{"Mean":{"confidence_interval":{"confidence_level":0.95,"lower_bound":20135.112854803534,"upper_bound":21728.287143137564},"point_estimate":20656.3217174663,"standard_error":440.0772169516419},"Median":{"confidence_interval":{"confidence_level":0.95,"lower_bound":19744.998853643217,"upper_bound":21804.53433835846},"point_estimate":19793.89544946957,"standard_error":703.4628067462983},"MedianAbsDev":{"confidence_interval":{"confidence_level":0.95,"lower_bound":30.57844337462844,"upper_bound":2369.051278518822},"point_estimate":151.20699076403258,"standard_error":657.0633654575629},"Slope":{"confidence_interval":{"confidence_level":0.95,"lower_bound":19740.122956075495,"upper_bound":20034.679487163314},"point_estimate":19849.286546368206,"standard_error":91.19574075159768},"StdDev":{"confidence_interval":{"confidence_level":0.95,"lower_bound":877.6386602374711,"upper_bound":1798.6481519234171},"point_estimate":1488.6244702056572,"standard_error":254.2671477378927}}