{"Mean":{"confidence_interval":{"confidence_level":0.95,"lower_bound":3878023.4012065977,"upper_bound":4043097.474869791},"point_estimate":3950127.531121033,"standard_error":41272.275588067016},"Median":{"confidence_interval":{"confidence_level":0.95,"lower_bound":3856205.6743750004,"upper_bound":4038935.9375},"point_estimate":3932881.0111607146,"standard_error":46804.49912719094},"MedianAbsDev":{"confidence_interval":{"confidence_level":0.95,"lower_bound":25101.09887194455,"upper_bound":219377.6146768312},"point_estimate":134672.28991263077,"standard_error":51209.058299283424},"Slope":{"confidence_interval":{"confidence_level":0.95,"lower_bound":3853007.461053828,"upper_bound":3946918.0025704694},"point_estimate":3887995.861038961,"standard_error":28613.894380290705},"StdDev":{"confidence_interval":{"confidence_level":0.95,"lower_bound":60434.45254244489,"upper_bound":165552.76099598076},"point_estimate":119772.91310934864,"standard_error":29335.837045613927}}