{"Mean":{"confidence_interval":{"confidence_level":0.95,"lower_bound":1022942.3341852952,"upper_bound":1060961.1710074309},"point_estimate":1038990.5654873524,"standard_error":9830.393663759953},"Median":{"confidence_interval":{"confidence_level":0.95,"lower_bound":1012604.4723404255,"upper_bound":1024463.6276595745},"point_estimate":1017888.1909688013,"standard_error":2583.7856761757585},"MedianAbsDev":{"confidence_interval":{"confidence_level":0.95,"lower_bound":16700.34976563823,"upper_bound":33970.86202511988},"point_estimate":24747.8155681385,"standard_error":4240.232774376738},"Slope":{"confidence_interval":{"confidence_level":0.95,"lower_bound":1024610.8072498942,"upper_bound":1046762.3591810209},"point_estimate":1034888.8951086153,"standard_error":5678.48555190541},"StdDev":{"confidence_interval":{"confidence_level":0.95,"lower_bound":41701.90693416211,"upper_bound":154225.16445821692},"point_estimate":98993.2678364946,"standard_error":34108.83913659978}}