{"Mean":{"confidence_interval":{"confidence_level":0.95,"lower_bound":283455.58262345876,"upper_bound":295074.3163604911},"point_estimate":290922.9553507653,"standard_error":3121.655401826698},"Median":{"confidence_interval":{"confidence_level":0.95,"lower_bound":282455.055003986,"upper_bound":295528.1279761905},"point_estimate":293861.2738095238,"standard_error":4017.5073320848032},"MedianAbsDev":{"confidence_interval":{"confidence_level":0.95,"lower_bound":997.2964647944677,"upper_bound":14216.92978870057},"point_estimate":3507.730932725326,"standard_error":4544.031980724904},"Slope":{"confidence_interval":{"confidence_level":0.95,"lower_bound":285203.40247464576,"upper_bound":295200.8898489787},"point_estimate":289546.7345083488,"standard_error":2708.267032703069},"StdDev":{"confidence_interval":{"confidence_level":0.95,"lower_bound":4784.0886045856905,"upper_bound":11908.371718266235},"point_estimate":8947.030317960543,"standard_error":1840.9574461387056}}