{"Mean":{"confidence_interval":{"confidence_level":0.95,"lower_bound":-0.08170352421432885,"upper_bound":-0.001944219410567024},"point_estimate":-0.035358975548206995,"standard_error":0.022913859145948273},"Median":{"confidence_interval":{"confidence_level":0.95,"lower_bound":-0.06978294548340508,"upper_bound":-0.03939242998772292},"point_estimate":-0.05001897684249956,"standard_error":0.00833842037093481}}