{"Mean":{"confidence_interval":{"confidence_level":0.95,"lower_bound":17553900.51289087,"upper_bound":18694047.533214286},"point_estimate":17945245.221507933,"standard_error":286775.2909310348},"Median":{"confidence_interval":{"confidence_level":0.95,"lower_bound":17417673.117857143,"upper_bound":18558971.666666664},"point_estimate":17631095.902777776,"standard_error":318387.1788244217},"MedianAbsDev":{"confidence_interval":{"confidence_level":0.95,"lower_bound":168207.0350837255,"upper_bound":1371013.564111724},"point_estimate":424238.3511965935,"standard_error":331602.1493812708},"Slope":{"confidence_interval":{"confidence_level":0.95,"lower_bound":17383604.726094674,"upper_bound":17628940.875901002},"point_estimate":17480534.836363636,"standard_error":86880.610710722},"StdDev":{"confidence_interval":{"confidence_level":0.95,"lower_bound":233300.93647028817,"upper_bound":1286471.5513828553},"point_estimate":899852.4676521686,"standard_error":270388.23704017344}}