{"Mean":{"confidence_interval":{"confidence_level":0.95,"lower_bound":38223379.41888889,"upper_bound":44315609.37136607},"point_estimate":41315575.569801584,"standard_error":1470367.446633007},"Median":{"confidence_interval":{"confidence_level":0.95,"lower_bound":36934825.21791667,"upper_bound":42049677.33928572},"point_estimate":40672413.77083333,"standard_error":1694661.9467752555},"MedianAbsDev":{"confidence_interval":{"confidence_level":0.95,"lower_bound":311418.3060211393,"upper_bound":7139976.091932796},"point_estimate":5160366.772386002,"standard_error":2134895.276748637},"Slope":{"confidence_interval":{"confidence_level":0.95,"lower_bound":37599502.899222754,"upper_bound":40578956.80058799},"point_estimate":38720873.776623376,"standard_error":823179.0067313476},"StdDev":{"confidence_interval":{"confidence_level":0.95,"lower_bound":2146654.693359101,"upper_bound":6896973.551633085},"point_estimate":5284004.231991566,"standard_error":1271346.3419351738}}