{"Mean":{"confidence_interval":{"confidence_level":0.95,"lower_bound":3809.3137582085296,"upper_bound":3956.1000756528692},"point_estimate":3880.150251248256,"standard_error":37.494192885294154},"Median":{"confidence_interval":{"confidence_level":0.95,"lower_bound":3708.4283094812163,"upper_bound":3769.6587995337995},"point_estimate":3742.822323220258,"standard_error":15.926160377865877},"MedianAbsDev":{"confidence_interval":{"confidence_level":0.95,"lower_bound":122.22609927091678,"upper_bound":269.96074932768386},"point_estimate":170.14160664650692,"standard_error":35.07649866680306},"Slope":{"confidence_interval":{"confidence_level":0.95,"lower_bound":3643.366466867719,"upper_bound":3774.3284122928003},"point_estimate":3704.309995691762,"standard_error":33.38453576766763},"StdDev":{"confidence_interval":{"confidence_level":0.95,"lower_bound":292.4736384592273,"upper_bound":457.81734824125465},"point_estimate":376.69866973447523,"standard_error":42.44420745711245}}