{"Mean":{"confidence_interval":{"confidence_level":0.95,"lower_bound":13372.804543517135,"upper_bound":13585.789707163789},"point_estimate":13472.596189068085,"standard_error":54.39131840528961},"Median":{"confidence_interval":{"confidence_level":0.95,"lower_bound":13318.25022675737,"upper_bound":13384.026608455883},"point_estimate":13355.97478021978,"standard_error":17.442449916992285},"MedianAbsDev":{"confidence_interval":{"confidence_level":0.95,"lower_bound":127.44226804532344,"upper_bound":252.22633521735247},"point_estimate":170.46022128141874,"standard_error":30.620495420492897},"Slope":{"confidence_interval":{"confidence_level":0.95,"lower_bound":13214.012757762832,"upper_bound":13334.486898897147},"point_estimate":13271.081907070025,"standard_error":30.581878207075107},"StdDev":{"confidence_interval":{"confidence_level":0.95,"lower_bound":358.4254834830294,"upper_bound":705.1953730252488},"point_estimate":546.2395372099203,"standard_error":88.52433080010428}}