{"Mean":{"confidence_interval":{"confidence_level":0.95,"lower_bound":-0.21109567596488807,"upper_bound":-0.1268541782596053},"point_estimate":-0.16140406923259165,"standard_error":0.02367833752831129},"Median":{"confidence_interval":{"confidence_level":0.95,"lower_bound":-0.19663156699187362,"upper_bound":-0.14558938250976552},"point_estimate":-0.16711869841396876,"standard_error":0.013857257563840571}}