{"Mean":{"confidence_interval":{"confidence_level":0.95,"lower_bound":0.07757257477577192,"upper_bound":0.20512854318036283},"point_estimate":0.1372528105140225,"standard_error":0.0368175926881273},"Median":{"confidence_interval":{"confidence_level":0.95,"lower_bound":0.13369225339706475,"upper_bound":0.23054406400705885},"point_estimate":0.17724249825562577,"standard_error":0.03477860621712193}}