{"Mean":{"confidence_interval":{"confidence_level":0.95,"lower_bound":-0.11441690581016106,"upper_bound":-0.03182801719603939},"point_estimate":-0.05719797599421894,"standard_error":0.021610716289940487},"Median":{"confidence_interval":{"confidence_level":0.95,"lower_bound":-0.14267959597141802,"upper_bound":-0.03000475912199597},"point_estimate":-0.039959243989443505,"standard_error":0.026282082666157155}}