{"Mean":{"confidence_interval":{"confidence_level":0.95,"lower_bound":-0.08985832387162072,"upper_bound":-0.002977368423266776},"point_estimate":-0.048154358619324045,"standard_error":0.023544727929525926},"Median":{"confidence_interval":{"confidence_level":0.95,"lower_bound":-0.08944667759741384,"upper_bound":-0.00034064149818580807},"point_estimate":-0.02228782435062293,"standard_error":0.027373735003510688}}