{"Mean":{"confidence_interval":{"confidence_level":0.95,"lower_bound":-0.12278308997071245,"upper_bound":-0.06220928430893175},"point_estimate":-0.09683339337925012,"standard_error":0.01653877563791944},"Median":{"confidence_interval":{"confidence_level":0.95,"lower_bound":-0.13266500590218344,"upper_bound":-0.04388360008873693},"point_estimate":-0.06989705328651363,"standard_error":0.022801138591625043}}