{"Mean":{"confidence_interval":{"confidence_level":0.95,"lower_bound":64044485.10319048,"upper_bound":69248755.25433035},"point_estimate":66007116.88369048,"standard_error":1274896.4063710985},"Median":{"confidence_interval":{"confidence_level":0.95,"lower_bound":62510116.3325,"upper_bound":70533324.36093749},"point_estimate":65000714.16666667,"standard_error":1927017.3693093217},"MedianAbsDev":{"confidence_interval":{"confidence_level":0.95,"lower_bound":195934.56366446536,"upper_bound":6979776.870958438},"point_estimate":4109111.2495186985,"standard_error":1827129.5436048463},"Slope":{"confidence_interval":{"confidence_level":0.95,"lower_bound":63831529.00485903,"upper_bound":69070921.4867902},"point_estimate":65925622.42077922,"standard_error":1381181.7072757205},"StdDev":{"confidence_interval":{"confidence_level":0.95,"lower_bound":3309347.13339593,"upper_bound":5764135.534824668},"point_estimate":4575049.402500492,"standard_error":665423.8780363097}}