{"Mean":{"confidence_interval":{"confidence_level":0.95,"lower_bound":327183.0507941177,"upper_bound":356448.74809912854},"point_estimate":339604.149912854,"standard_error":7468.1689821506325},"Median":{"confidence_interval":{"confidence_level":0.95,"lower_bound":329708.3039215686,"upper_bound":348038.4705882353},"point_estimate":333859.3333333334,"standard_error":6722.773482513496},"MedianAbsDev":{"confidence_interval":{"confidence_level":0.95,"lower_bound":3452.486952823799,"upper_bound":27685.942180976257},"point_estimate":19350.211697641484,"standard_error":6412.027292703968},"Slope":{"confidence_interval":{"confidence_level":0.95,"lower_bound":318975.08807842026,"upper_bound":360399.7364462751},"point_estimate":334187.8342755284,"standard_error":11868.061150279567},"StdDev":{"confidence_interval":{"confidence_level":0.95,"lower_bound":10412.70228487623,"upper_bound":30265.490663775825},"point_estimate":23245.258831605446,"standard_error":6100.5443218464}}