{"Mean":{"confidence_interval":{"confidence_level":0.95,"lower_bound":-0.05285771750947472,"upper_bound":0.01446455666865936},"point_estimate":-0.004769868683287881,"standard_error":0.020313951226206276},"Median":{"confidence_interval":{"confidence_level":0.95,"lower_bound":-0.06319742853051886,"upper_bound":0.021801688277901944},"point_estimate":-0.006955594907031903,"standard_error":0.021785251533456926}}