{"Mean":{"confidence_interval":{"confidence_level":0.95,"lower_bound":-0.02855040870694964,"upper_bound":-0.002215444232237891},"point_estimate":-0.013948515269216588,"standard_error":0.006378032684704589},"Median":{"confidence_interval":{"confidence_level":0.95,"lower_bound":-0.03414645386820884,"upper_bound":-0.0004378806775321854},"point_estimate":-0.014137751465071124,"standard_error":0.00900702277389753}}