{"Mean":{"confidence_interval":{"confidence_level":0.95,"lower_bound":26159.20514179574,"upper_bound":30400.909431243603},"point_estimate":27938.600482093083,"standard_error":1046.5157600287528},"Median":{"confidence_interval":{"confidence_level":0.95,"lower_bound":25239.23788082437,"upper_bound":31681.49753210872},"point_estimate":25988.23977499004,"standard_error":1580.5921100886017},"MedianAbsDev":{"confidence_interval":{"confidence_level":0.95,"lower_bound":37.52358144403567,"upper_bound":4967.251733469488},"point_estimate":1140.1797545665997,"standard_error":1416.884851145824},"Slope":{"confidence_interval":{"confidence_level":0.95,"lower_bound":25639.36262720407,"upper_bound":26444.76593404146},"point_estimate":26016.695554624588,"standard_error":224.6885241430055},"StdDev":{"confidence_interval":{"confidence_level":0.95,"lower_bound":1476.4862385624504,"upper_bound":3858.5695803079852},"point_estimate":3384.4405031452898,"standard_error":584.1271064887164}}