{"Mean":{"confidence_interval":{"confidence_level":0.95,"lower_bound":29222.315305943986,"upper_bound":29953.781469797177},"point_estimate":29558.59216154363,"standard_error":225.36091865005534},"Median":{"confidence_interval":{"confidence_level":0.95,"lower_bound":29300.68683127572,"upper_bound":29995.201499118164},"point_estimate":29480.796700470313,"standard_error":204.33662496020432},"MedianAbsDev":{"confidence_interval":{"confidence_level":0.95,"lower_bound":29.275897863739104,"upper_bound":1296.0207916877905},"point_estimate":616.1432507279355,"standard_error":323.2455206630138},"Slope":{"confidence_interval":{"confidence_level":0.95,"lower_bound":28831.124065645905,"upper_bound":29620.45112724795},"point_estimate":29155.059543278592,"standard_error":219.5740208395663},"StdDev":{"confidence_interval":{"confidence_level":0.95,"lower_bound":401.83533099139385,"upper_bound":931.3973396432092},"point_estimate":723.0841014693929,"standard_error":144.32893745284144}}