{"Mean":{"confidence_interval":{"confidence_level":0.95,"lower_bound":9743.820560280095,"upper_bound":10046.570654481955},"point_estimate":9864.254166929308,"standard_error":77.67844355441527},"Median":{"confidence_interval":{"confidence_level":0.95,"lower_bound":9635.353142907285,"upper_bound":10219.210757370638},"point_estimate":9837.854467509025,"standard_error":147.66590511960166},"MedianAbsDev":{"confidence_interval":{"confidence_level":0.95,"lower_bound":46.89300748945829,"upper_bound":397.4571863867129},"point_estimate":300.742475737769,"standard_error":86.05318273419871},"Slope":{"confidence_interval":{"confidence_level":0.95,"lower_bound":9648.576816844137,"upper_bound":10047.66787378326},"point_estimate":9820.373764983513,"standard_error":117.1875267881888},"StdDev":{"confidence_interval":{"confidence_level":0.95,"lower_bound":176.7744525527857,"upper_bound":298.61053497229017},"point_estimate":257.91375637798205,"standard_error":34.087598976020516}}