{"Mean":{"confidence_interval":{"confidence_level":0.95,"lower_bound":80200.19912574407,"upper_bound":113402.1681166351},"point_estimate":94284.76429779943,"standard_error":9600.567722308686},"Median":{"confidence_interval":{"confidence_level":0.95,"lower_bound":78838.09543087121,"upper_bound":87088.00454545455},"point_estimate":81591.19883207072,"standard_error":3284.7611893993303},"MedianAbsDev":{"confidence_interval":{"confidence_level":0.95,"lower_bound":1908.5801032139382,"upper_bound":16077.753250574182},"point_estimate":6560.677693070141,"standard_error":3771.8819320643124},"Slope":{"confidence_interval":{"confidence_level":0.95,"lower_bound":84030.39568995636,"upper_bound":120988.8639677263},"point_estimate":94916.21468713105,"standard_error":10156.075334844267},"StdDev":{"confidence_interval":{"confidence_level":0.95,"lower_bound":3201.6814542263883,"upper_bound":50566.83558253008},"point_estimate":33681.48113358625,"standard_error":14986.998367923694}}