{"Mean":{"confidence_interval":{"confidence_level":0.95,"lower_bound":277918.47734753543,"upper_bound":301452.6002032859},"point_estimate":290320.2580520746,"standard_error":6234.887018198817},"Median":{"confidence_interval":{"confidence_level":0.95,"lower_bound":273042.6728728071,"upper_bound":311976.8657894737},"point_estimate":277876.6133040936,"standard_error":12407.058695282367},"MedianAbsDev":{"confidence_interval":{"confidence_level":0.95,"lower_bound":1747.9299851259243,"upper_bound":30941.761282279203},"point_estimate":8892.448512039777,"standard_error":9678.118260137793},"Slope":{"confidence_interval":{"confidence_level":0.95,"lower_bound":275573.86049102474,"upper_bound":305500.46604748507},"point_estimate":289790.1047163363,"standard_error":8580.571610937566},"StdDev":{"confidence_interval":{"confidence_level":0.95,"lower_bound":12072.261635514842,"upper_bound":22247.14818734772},"point_estimate":20880.22407536699,"standard_error":2512.8429020797953}}