{"Mean":{"confidence_interval":{"confidence_level":0.95,"lower_bound":-0.020858215213864464,"upper_bound":0.15679594257039514},"point_estimate":0.041118688195557196,"standard_error":0.04819807002697771},"Median":{"confidence_interval":{"confidence_level":0.95,"lower_bound":-0.053764846216553135,"upper_bound":0.1856213783746759},"point_estimate":0.033147308288355104,"standard_error":0.06651407955816406}}