{"Mean":{"confidence_interval":{"confidence_level":0.95,"lower_bound":4323.0760796315,"upper_bound":4794.176073584468},"point_estimate":4543.865862569411,"standard_error":134.47937891249242},"Median":{"confidence_interval":{"confidence_level":0.95,"lower_bound":4211.028773346795,"upper_bound":4930.012285593345},"point_estimate":4437.176392394414,"standard_error":271.7132263562872},"MedianAbsDev":{"confidence_interval":{"confidence_level":0.95,"lower_bound":20.205382856830308,"upper_bound":551.2185584471287},"point_estimate":408.6263189998493,"standard_error":180.17501665814868},"Slope":{"confidence_interval":{"confidence_level":0.95,"lower_bound":4472.3996106149,"upper_bound":4909.6662404392255},"point_estimate":4769.194912054125,"standard_error":114.45177107266076},"StdDev":{"confidence_interval":{"confidence_level":0.95,"lower_bound":238.06512921242182,"upper_bound":437.8753194535435},"point_estimate":378.0526613534022,"standard_error":50.194412574154505}}