{"Mean":{"confidence_interval":{"confidence_level":0.95,"lower_bound":490792009.04954165,"upper_bound":511360103.1033095},"point_estimate":499722942.7772619,"standard_error":5711486.528461987},"Median":{"confidence_interval":{"confidence_level":0.95,"lower_bound":490618774.8671875,"upper_bound":498455022.1958333},"point_estimate":493854759.23333335,"standard_error":1886609.7498924187},"MedianAbsDev":{"confidence_interval":{"confidence_level":0.95,"lower_bound":1092560.7132441832,"upper_bound":16399591.169683041},"point_estimate":5109319.967791423,"standard_error":4989821.109981607},"Slope":{"confidence_interval":{"confidence_level":0.95,"lower_bound":487673664.1901501,"upper_bound":496957703.47985893},"point_estimate":492475123.67792207,"standard_error":2454136.3204644592},"StdDev":{"confidence_interval":{"confidence_level":0.95,"lower_bound":5229637.747016193,"upper_bound":27262789.24649797},"point_estimate":19017388.611781776,"standard_error":6749579.549991958}}