{"Mean":{"confidence_interval":{"confidence_level":0.95,"lower_bound":31632.940968877632,"upper_bound":32027.542522107782},"point_estimate":31817.4061255312,"standard_error":101.2098855413135},"Median":{"confidence_interval":{"confidence_level":0.95,"lower_bound":31364.94716987459,"upper_bound":31644.031239388794},"point_estimate":31459.793265867862,"standard_error":61.46475293546139},"MedianAbsDev":{"confidence_interval":{"confidence_level":0.95,"lower_bound":343.60820268890143,"upper_bound":626.5912236223288},"point_estimate":461.8581728104725,"standard_error":69.27410668039902},"Slope":{"confidence_interval":{"confidence_level":0.95,"lower_bound":31558.236218458358,"upper_bound":32192.909614463224},"point_estimate":31842.342474627818,"standard_error":163.6051302798445},"StdDev":{"confidence_interval":{"confidence_level":0.95,"lower_bound":677.0122700363669,"upper_bound":1335.6335621886647},"point_estimate":1014.1189173491705,"standard_error":170.74951669457377}}