{"Mean":{"confidence_interval":{"confidence_level":0.95,"lower_bound":0.03624041870519348,"upper_bound":0.17188752240762084},"point_estimate":0.1180996251389046,"standard_error":0.03658930665959088},"Median":{"confidence_interval":{"confidence_level":0.95,"lower_bound":0.017825362799220066,"upper_bound":0.21710016689363493},"point_estimate":0.18361364535178493,"standard_error":0.06026379646173345}}