{"Mean":{"confidence_interval":{"confidence_level":0.95,"lower_bound":174053790.48060417,"upper_bound":181065548.40112302},"point_estimate":178182417.40146825,"standard_error":1923466.1536578492},"Median":{"confidence_interval":{"confidence_level":0.95,"lower_bound":171249637.78593752,"upper_bound":184963902.45535713},"point_estimate":175745378.8,"standard_error":3126433.6153952763},"MedianAbsDev":{"confidence_interval":{"confidence_level":0.95,"lower_bound":556980.4925203781,"upper_bound":10746684.743129859},"point_estimate":6826081.863679491,"standard_error":2851179.0280916127},"Slope":{"confidence_interval":{"confidence_level":0.95,"lower_bound":173547955.2589696,"upper_bound":180729688.24305466},"point_estimate":177386114.0103896,"standard_error":2088889.604436301},"StdDev":{"confidence_interval":{"confidence_level":0.95,"lower_bound":4534815.9515845515,"upper_bound":7998243.392672457},"point_estimate":6889080.899291004,"standard_error":1016780.5408494076}}