{"Mean":{"confidence_interval":{"confidence_level":0.95,"lower_bound":25815.512883779265,"upper_bound":26254.64770360527},"point_estimate":26058.13730052556,"standard_error":129.33575103863737},"Median":{"confidence_interval":{"confidence_level":0.95,"lower_bound":25592.73787625418,"upper_bound":26413.096960403724},"point_estimate":26016.75731605351,"standard_error":192.20924762426148},"MedianAbsDev":{"confidence_interval":{"confidence_level":0.95,"lower_bound":72.32819344836084,"upper_bound":769.4155770094555},"point_estimate":619.0655780980173,"standard_error":180.36405347447942},"Slope":{"confidence_interval":{"confidence_level":0.95,"lower_bound":25683.501537185628,"upper_bound":26384.06521586526},"point_estimate":25935.92662989185,"standard_error":187.5789185887084},"StdDev":{"confidence_interval":{"confidence_level":0.95,"lower_bound":215.36105471946476,"upper_bound":547.5663512142949},"point_estimate":438.490591909931,"standard_error":88.44369917749998}}