{"Mean":{"confidence_interval":{"confidence_level":0.95,"lower_bound":3730012.50587252,"upper_bound":3849159.835916667},"point_estimate":3805259.569007937,"standard_error":33428.89832300009},"Median":{"confidence_interval":{"confidence_level":0.95,"lower_bound":3767161.6856250004,"upper_bound":3868439.233333333},"point_estimate":3818420.45625,"standard_error":29073.021830782553},"MedianAbsDev":{"confidence_interval":{"confidence_level":0.95,"lower_bound":29203.877222371193,"upper_bound":139260.62263175435},"point_estimate":75480.4186924545,"standard_error":32336.708202819686},"Slope":{"confidence_interval":{"confidence_level":0.95,"lower_bound":3705667.084896097,"upper_bound":3811539.1365584414},"point_estimate":3756884.2974025975,"standard_error":28698.113422290393},"StdDev":{"confidence_interval":{"confidence_level":0.95,"lower_bound":40309.31661721361,"upper_bound":137347.3438149871},"point_estimate":95962.5355715518,"standard_error":29724.12851108467}}