{"Mean":{"confidence_interval":{"confidence_level":0.95,"lower_bound":10169212.632496033,"upper_bound":11021326.282886906},"point_estimate":10569913.95468254,"standard_error":209674.2857116681},"Median":{"confidence_interval":{"confidence_level":0.95,"lower_bound":9926583.418750001,"upper_bound":11249445.84375},"point_estimate":10245361.792857144,"standard_error":384261.64313175663},"MedianAbsDev":{"confidence_interval":{"confidence_level":0.95,"lower_bound":116947.11939210759,"upper_bound":1181235.9541788697},"point_estimate":633126.6322830907,"standard_error":295014.2842539378},"Slope":{"confidence_interval":{"confidence_level":0.95,"lower_bound":9927218.309518564,"upper_bound":10880513.008486288},"point_estimate":10393758.976623377,"standard_error":274986.12620457687},"StdDev":{"confidence_interval":{"confidence_level":0.95,"lower_bound":412560.6516745634,"upper_bound":892069.3010796113},"point_estimate":745714.4127299145,"standard_error":136868.11069466776}}