{"Mean":{"confidence_interval":{"confidence_level":0.95,"lower_bound":-0.025295475439516293,"upper_bound":0.021555473349642584},"point_estimate":-0.007336592763787175,"standard_error":0.013555895534006157},"Median":{"confidence_interval":{"confidence_level":0.95,"lower_bound":-0.026127453776719555,"upper_bound":0.027899349702090515},"point_estimate":-0.0028584505717085262,"standard_error":0.013553263618495326}}