{"Mean":{"confidence_interval":{"confidence_level":0.95,"lower_bound":3986.052437185517,"upper_bound":4151.666827215765},"point_estimate":4050.904683762781,"standard_error":44.001526211130944},"Median":{"confidence_interval":{"confidence_level":0.95,"lower_bound":3959.7741720172407,"upper_bound":4044.311378923767},"point_estimate":4003.4362232187345,"standard_error":25.45925222267175},"MedianAbsDev":{"confidence_interval":{"confidence_level":0.95,"lower_bound":95.3625674198355,"upper_bound":148.10948089440464},"point_estimate":115.11383362527171,"standard_error":13.487806779137387},"Slope":{"confidence_interval":{"confidence_level":0.95,"lower_bound":3926.2496186446187,"upper_bound":3984.8680454833084},"point_estimate":3954.3981957282804,"standard_error":14.92705560901785},"StdDev":{"confidence_interval":{"confidence_level":0.95,"lower_bound":133.52465268109083,"upper_bound":732.3700830546127},"point_estimate":444.5514336904037,"standard_error":199.35749419342346}}