{"Mean":{"confidence_interval":{"confidence_level":0.95,"lower_bound":10517924.560260417,"upper_bound":11531326.737180555},"point_estimate":11037636.045099206,"standard_error":264868.10651344166},"Median":{"confidence_interval":{"confidence_level":0.95,"lower_bound":10078109.4,"upper_bound":11514086.315972222},"point_estimate":11234620.041666668,"standard_error":475682.26793838985},"MedianAbsDev":{"confidence_interval":{"confidence_level":0.95,"lower_bound":134398.2806539541,"upper_bound":1439475.4293942023},"point_estimate":1439475.4293942023,"standard_error":395151.03921456775},"Slope":{"confidence_interval":{"confidence_level":0.95,"lower_bound":10995744.112020977,"upper_bound":12001675.210003572},"point_estimate":11584676.71948052,"standard_error":255267.71452422944},"StdDev":{"confidence_interval":{"confidence_level":0.95,"lower_bound":578071.2176700678,"upper_bound":1066297.682572532},"point_estimate":899019.3250480939,"standard_error":116108.74059698568}}