{"Mean":{"confidence_interval":{"confidence_level":0.95,"lower_bound":478619.33080050506,"upper_bound":520791.09584090905},"point_estimate":495561.26515151514,"standard_error":11715.431400329226},"Median":{"confidence_interval":{"confidence_level":0.95,"lower_bound":476574.51515151514,"upper_bound":513721.320770202},"point_estimate":481553.02121212124,"standard_error":8336.85742812416},"MedianAbsDev":{"confidence_interval":{"confidence_level":0.95,"lower_bound":643.6477159062706,"upper_bound":51045.488131905266},"point_estimate":8782.01995469406,"standard_error":11733.464005222311},"Slope":{"confidence_interval":{"confidence_level":0.95,"lower_bound":472764.9142357077,"upper_bound":482743.08802942914},"point_estimate":476079.6557260921,"standard_error":2773.8994220290792},"StdDev":{"confidence_interval":{"confidence_level":0.95,"lower_bound":5633.217964758837,"upper_bound":48319.746541767},"point_estimate":37414.04317454725,"standard_error":12116.877184814448}}