{"Mean":{"confidence_interval":{"confidence_level":0.95,"lower_bound":88606.81123675338,"upper_bound":90452.4291024406},"point_estimate":89625.18423570969,"standard_error":461.31610194317284},"Median":{"confidence_interval":{"confidence_level":0.95,"lower_bound":88562.11994219653,"upper_bound":90886.31826629737},"point_estimate":89972.87668593449,"standard_error":678.1892126904154},"MedianAbsDev":{"confidence_interval":{"confidence_level":0.95,"lower_bound":374.0315157953095,"upper_bound":3091.7826066236184},"point_estimate":1551.7598820846663,"standard_error":819.5375593527966},"Slope":{"confidence_interval":{"confidence_level":0.95,"lower_bound":87654.17296568707,"upper_bound":90489.7710689929},"point_estimate":89027.53348847684,"standard_error":825.1788516381323},"StdDev":{"confidence_interval":{"confidence_level":0.95,"lower_bound":1062.5237353722869,"upper_bound":2526.0020370505817},"point_estimate":1895.2657695393107,"standard_error":369.55867146132385}}