{"Mean":{"confidence_interval":{"confidence_level":0.95,"lower_bound":4254859.263666667,"upper_bound":4657898.217333333},"point_estimate":4423865.708958333,"standard_error":99287.27758561111},"Median":{"confidence_interval":{"confidence_level":0.95,"lower_bound":4181789.0094791665,"upper_bound":4428894.645833334},"point_estimate":4236452.057291666,"standard_error":112336.13323674326},"MedianAbsDev":{"confidence_interval":{"confidence_level":0.95,"lower_bound":40850.94084368817,"upper_bound":386006.32812439336},"point_estimate":160979.93758765896,"standard_error":110843.91928562729},"Slope":{"confidence_interval":{"confidence_level":0.95,"lower_bound":4164613.234839383,"upper_bound":4276056.564549758},"point_estimate":4204195.2532467535,"standard_error":34197.25391268302},"StdDev":{"confidence_interval":{"confidence_level":0.95,"lower_bound":125102.89538881944,"upper_bound":579564.3667966985},"point_estimate":410190.49644712714,"standard_error":112464.68724893518}}