{"Mean":{"confidence_interval":{"confidence_level":0.95,"lower_bound":18907.1141767143,"upper_bound":19668.27298634595},"point_estimate":19322.85608326624,"standard_error":217.8333396607697},"Median":{"confidence_interval":{"confidence_level":0.95,"lower_bound":18951.107035024153,"upper_bound":19775.592190016105},"point_estimate":19149.730273752015,"standard_error":259.13888612243636},"MedianAbsDev":{"confidence_interval":{"confidence_level":0.95,"lower_bound":131.35229226578303,"upper_bound":1381.4696181080692},"point_estimate":836.8171665847499,"standard_error":367.4328597996441},"Slope":{"confidence_interval":{"confidence_level":0.95,"lower_bound":18544.919142697287,"upper_bound":19370.070266927352},"point_estimate":18895.981404103142,"standard_error":251.2636930005481},"StdDev":{"confidence_interval":{"confidence_level":0.95,"lower_bound":400.67303123479115,"upper_bound":900.3306993912953},"point_estimate":746.4301555326615,"standard_error":124.42684983601404}}