{"Mean":{"confidence_interval":{"confidence_level":0.95,"lower_bound":7799088.584136408,"upper_bound":8010913.158154762},"point_estimate":7916071.6037896825,"standard_error":66497.46598051683},"Median":{"confidence_interval":{"confidence_level":0.95,"lower_bound":7717201.25,"upper_bound":8027943.236197917},"point_estimate":7892966.657142857,"standard_error":73582.23414860468},"MedianAbsDev":{"confidence_interval":{"confidence_level":0.95,"lower_bound":24626.9497822838,"upper_bound":405315.95417076594},"point_estimate":241229.7027923169,"standard_error":131513.0847045894},"Slope":{"confidence_interval":{"confidence_level":0.95,"lower_bound":7623936.258411956,"upper_bound":7932253.1173291905},"point_estimate":7751241.69090909,"standard_error":94670.54300861312},"StdDev":{"confidence_interval":{"confidence_level":0.95,"lower_bound":145919.46351926282,"upper_bound":355908.29613236047},"point_estimate":292599.3186732815,"standard_error":61661.14805805368}}