{"Mean":{"confidence_interval":{"confidence_level":0.95,"lower_bound":3996.471478680953,"upper_bound":4319.32989024335},"point_estimate":4106.118810993534,"standard_error":80.4312225101207},"Median":{"confidence_interval":{"confidence_level":0.95,"lower_bound":3930.638846609166,"upper_bound":4336.460275558093},"point_estimate":4181.551382546931,"standard_error":122.1547124112301},"MedianAbsDev":{"confidence_interval":{"confidence_level":0.95,"lower_bound":70.57704387429015,"upper_bound":512.8850675179268},"point_estimate":316.639212364324,"standard_error":123.08942990146905},"Slope":{"confidence_interval":{"confidence_level":0.95,"lower_bound":3840.4684858106884,"upper_bound":4225.814675608929},"point_estimate":3982.53392568872,"standard_error":106.66684458828509},"StdDev":{"confidence_interval":{"confidence_level":0.95,"lower_bound":198.93220221764915,"upper_bound":357.2966695647968},"point_estimate":299.2462514778759,"standard_error":43.06437719396168}}