{"Mean":{"confidence_interval":{"confidence_level":0.95,"lower_bound":-0.11966673535941154,"upper_bound":-0.026630262180254695},"point_estimate":-0.06667780796170619,"standard_error":0.024674946594286075},"Median":{"confidence_interval":{"confidence_level":0.95,"lower_bound":-0.10648742793910004,"upper_bound":-0.0044962242352958315},"point_estimate":-0.022948120319083443,"standard_error":0.029318590450211332}}