{"Mean":{"confidence_interval":{"confidence_level":0.95,"lower_bound":-0.08360096086143512,"upper_bound":-0.014169248581334967},"point_estimate":-0.042044590121365744,"standard_error":0.020472135135418155},"Median":{"confidence_interval":{"confidence_level":0.95,"lower_bound":-0.09907060335898718,"upper_bound":0.01325081109280389},"point_estimate":-0.013621009194038414,"standard_error":0.02881969456766216}}