{"Mean":{"confidence_interval":{"confidence_level":0.95,"lower_bound":129989.87923871295,"upper_bound":147943.19634259885},"point_estimate":140076.93587301587,"standard_error":5020.616800284141},"Median":{"confidence_interval":{"confidence_level":0.95,"lower_bound":129480.0539083558,"upper_bound":144169.832586478},"point_estimate":135165.70518867925,"standard_error":4486.563045883736},"MedianAbsDev":{"confidence_interval":{"confidence_level":0.95,"lower_bound":1925.348427923165,"upper_bound":22231.1731382494},"point_estimate":10205.218218663924,"standard_error":6830.834230467364},"Slope":{"confidence_interval":{"confidence_level":0.95,"lower_bound":125165.0905703761,"upper_bound":136290.7179488823},"point_estimate":129506.72403822592,"standard_error":3019.8752347151344},"StdDev":{"confidence_interval":{"confidence_level":0.95,"lower_bound":7743.04429960766,"upper_bound":22850.797711524727},"point_estimate":17530.308726845386,"standard_error":4421.178796881923}}