{"Mean":{"confidence_interval":{"confidence_level":0.95,"lower_bound":197262.1526458836,"upper_bound":215924.8279184875},"point_estimate":208511.63819218404,"standard_error":5246.674580299159},"Median":{"confidence_interval":{"confidence_level":0.95,"lower_bound":190460.03955696203,"upper_bound":225672.9789029536},"point_estimate":208785.44915611815,"standard_error":9261.687950297013},"MedianAbsDev":{"confidence_interval":{"confidence_level":0.95,"lower_bound":1892.5306883813596,"upper_bound":25690.051825882714},"point_estimate":25182.283034064345,"standard_error":7273.962549057803},"Slope":{"confidence_interval":{"confidence_level":0.95,"lower_bound":192685.1116916683,"upper_bound":209787.7972319429},"point_estimate":196600.15397008054,"standard_error":4159.176126077205},"StdDev":{"confidence_interval":{"confidence_level":0.95,"lower_bound":9506.534354266718,"upper_bound":17715.924600687722},"point_estimate":15655.632368138986,"standard_error":2257.6334520791747}}