{"Mean":{"confidence_interval":{"confidence_level":0.95,"lower_bound":107848.7855334425,"upper_bound":111251.47900398973},"point_estimate":109245.4845700307,"standard_error":888.978245911158},"Median":{"confidence_interval":{"confidence_level":0.95,"lower_bound":107448.69696969698,"upper_bound":109158.08294209703},"point_estimate":108468.0881054131,"standard_error":492.1666174800372},"MedianAbsDev":{"confidence_interval":{"confidence_level":0.95,"lower_bound":2577.9262088379246,"upper_bound":4117.9143201303705},"point_estimate":3392.483396715827,"standard_error":390.6268734739647},"Slope":{"confidence_interval":{"confidence_level":0.95,"lower_bound":106291.99878003355,"upper_bound":108103.56505974209},"point_estimate":107179.8414087976,"standard_error":462.26676757059414},"StdDev":{"confidence_interval":{"confidence_level":0.95,"lower_bound":3502.203760618005,"upper_bound":14305.951025063805},"point_estimate":8913.594137486649,"standard_error":3529.9580979380903}}