{"Mean":{"confidence_interval":{"confidence_level":0.95,"lower_bound":984379443.121379,"upper_bound":1000508231.6652778},"point_estimate":991361318.6953968,"standard_error":4637513.402900895},"Median":{"confidence_interval":{"confidence_level":0.95,"lower_bound":980311935.4636905,"upper_bound":998639829.8093749},"point_estimate":987910118.625,"standard_error":5304603.388868412},"MedianAbsDev":{"confidence_interval":{"confidence_level":0.95,"lower_bound":2062772.354428588,"upper_bound":18704534.62882006},"point_estimate":13045247.569942206,"standard_error":4891256.170900947},"Slope":{"confidence_interval":{"confidence_level":0.95,"lower_bound":988999594.0402681,"upper_bound":1002757547.7992388},"point_estimate":995836527.722078,"standard_error":4345908.319701663},"StdDev":{"confidence_interval":{"confidence_level":0.95,"lower_bound":7409969.238097909,"upper_bound":18895603.500574525},"point_estimate":14512575.49104139,"standard_error":3402198.8596876827}}