{"Mean":{"confidence_interval":{"confidence_level":0.95,"lower_bound":-0.09820438279134716,"upper_bound":0.017121575945327275},"point_estimate":-0.04113334071808328,"standard_error":0.032662148222763136},"Median":{"confidence_interval":{"confidence_level":0.95,"lower_bound":-0.12699811448276724,"upper_bound":0.021469409116724954},"point_estimate":-0.062337506600548154,"standard_error":0.045219755504827694}}