{"Mean":{"confidence_interval":{"confidence_level":0.95,"lower_bound":31754100.04428571,"upper_bound":34445809.81879762},"point_estimate":33008390.397619046,"standard_error":833471.2985271491},"Median":{"confidence_interval":{"confidence_level":0.95,"lower_bound":31085410.6,"upper_bound":33026656.916666664},"point_estimate":32396094.75,"standard_error":619113.864448021},"MedianAbsDev":{"confidence_interval":{"confidence_level":0.95,"lower_bound":256714.26108241102,"upper_bound":3124687.7547214497},"point_estimate":1463763.4668830025,"standard_error":692657.8533062892},"Slope":{"confidence_interval":{"confidence_level":0.95,"lower_bound":31038893.53454001,"upper_bound":36192647.82855023},"point_estimate":34440454.475324675,"standard_error":1458384.9405033533},"StdDev":{"confidence_interval":{"confidence_level":0.95,"lower_bound":959494.1592581037,"upper_bound":3102442.0073661804},"point_estimate":2619369.858636896,"standard_error":602482.8970492347}}