{"Mean":{"confidence_interval":{"confidence_level":0.95,"lower_bound":102429696.64842857,"upper_bound":110737533.1495119},"point_estimate":106242423.78912699,"standard_error":2149684.861462313},"Median":{"confidence_interval":{"confidence_level":0.95,"lower_bound":98549278.28125,"upper_bound":114500147.803125},"point_estimate":107440839.66666666,"standard_error":4004511.1369210817},"MedianAbsDev":{"confidence_interval":{"confidence_level":0.95,"lower_bound":1025462.7674695175,"upper_bound":10305717.804361595},"point_estimate":8557956.04524092,"standard_error":2798373.184147108},"Slope":{"confidence_interval":{"confidence_level":0.95,"lower_bound":98836733.42924558,"upper_bound":110756094.36150287},"point_estimate":102244898.27792208,"standard_error":2922433.8725161543},"StdDev":{"confidence_interval":{"confidence_level":0.95,"lower_bound":4655693.009682638,"upper_bound":9216129.91884625},"point_estimate":7538133.814009301,"standard_error":1129691.3399522637}}