{"Mean":{"confidence_interval":{"confidence_level":0.95,"lower_bound":5413787.107992725,"upper_bound":5833741.1319226185},"point_estimate":5577772.125132276,"standard_error":112538.33525713164},"Median":{"confidence_interval":{"confidence_level":0.95,"lower_bound":5322398.162500001,"upper_bound":5787547.018333333},"point_estimate":5449610.746031746,"standard_error":134415.09331395896},"MedianAbsDev":{"confidence_interval":{"confidence_level":0.95,"lower_bound":50640.52307595073,"upper_bound":388809.2910004076},"point_estimate":197172.02067449712,"standard_error":112775.51667612357},"Slope":{"confidence_interval":{"confidence_level":0.95,"lower_bound":5312164.985879134,"upper_bound":5486735.258726192},"point_estimate":5357834.69090909,"standard_error":46516.08368278361},"StdDev":{"confidence_interval":{"confidence_level":0.95,"lower_bound":122584.51538603296,"upper_bound":486624.6835593969},"point_estimate":380122.57992322015,"standard_error":97449.21048632883}}