{"Mean":{"confidence_interval":{"confidence_level":0.95,"lower_bound":3872039.577428571,"upper_bound":4225093.6155624995},"point_estimate":4043130.7944047614,"standard_error":105384.36698584429},"Median":{"confidence_interval":{"confidence_level":0.95,"lower_bound":3894070.675,"upper_bound":4077150.25},"point_estimate":3955852.075,"standard_error":65801.62250763408},"MedianAbsDev":{"confidence_interval":{"confidence_level":0.95,"lower_bound":52503.11534232075,"upper_bound":451933.2742122058},"point_estimate":147616.64958428047,"standard_error":112558.43194899517},"Slope":{"confidence_interval":{"confidence_level":0.95,"lower_bound":3793736.9891732596,"upper_bound":3941037.3001607694},"point_estimate":3866163.7415584414,"standard_error":42660.17558094493},"StdDev":{"confidence_interval":{"confidence_level":0.95,"lower_bound":106143.21955310141,"upper_bound":382060.25014338817},"point_estimate":309637.17780395143,"standard_error":87466.62314808904}}