{"Mean":{"confidence_interval":{"confidence_level":0.95,"lower_bound":267329755.47730654,"upper_bound":285288851.3262678},"point_estimate":275442177.5020238,"standard_error":5259162.816336652},"Median":{"confidence_interval":{"confidence_level":0.95,"lower_bound":265531340.74624997,"upper_bound":284307164.09375},"point_estimate":267101668.40178573,"standard_error":5998660.723705637},"MedianAbsDev":{"confidence_interval":{"confidence_level":0.95,"lower_bound":1086376.3167488233,"upper_bound":21550368.733009975},"point_estimate":3566480.0571598485,"standard_error":6632967.757698097},"Slope":{"confidence_interval":{"confidence_level":0.95,"lower_bound":265628725.9625,"upper_bound":270365902.99046874},"point_estimate":267510369.15844154,"standard_error":1525450.4325703834},"StdDev":{"confidence_interval":{"confidence_level":0.95,"lower_bound":3331215.4490371,"upper_bound":23429513.31657201},"point_estimate":16578726.529271428,"standard_error":5853956.210228442}}