{"Mean":{"confidence_interval":{"confidence_level":0.95,"lower_bound":-0.08382207542605306,"upper_bound":0.01577602287652877},"point_estimate":-0.01744022472173523,"standard_error":0.030268772725925007},"Median":{"confidence_interval":{"confidence_level":0.95,"lower_bound":-0.11401359024633097,"upper_bound":0.011917792730996865},"point_estimate":-0.008624862985911474,"standard_error":0.032301601294394924}}