{"Mean":{"confidence_interval":{"confidence_level":0.95,"lower_bound":4777.496263148123,"upper_bound":4832.917928668808},"point_estimate":4804.5425846241715,"standard_error":14.117331497842507},"Median":{"confidence_interval":{"confidence_level":0.95,"lower_bound":4765.307285907809,"upper_bound":4800.831984769157},"point_estimate":4784.55317408377,"standard_error":10.43817634236964},"MedianAbsDev":{"confidence_interval":{"confidence_level":0.95,"lower_bound":71.09893068394173,"upper_bound":125.26602097152363},"point_estimate":100.35415699920993,"standard_error":13.915859745669252},"Slope":{"confidence_interval":{"confidence_level":0.95,"lower_bound":4757.218987985411,"upper_bound":4817.260978539153},"point_estimate":4786.898625296616,"standard_error":15.335082640458985},"StdDev":{"confidence_interval":{"confidence_level":0.95,"lower_bound":109.57481102074884,"upper_bound":173.35211229371896},"point_estimate":141.83675480525818,"standard_error":16.374842635164892}}