{"Mean":{"confidence_interval":{"confidence_level":0.95,"lower_bound":70393804.16629861,"upper_bound":76836297.96970238},"point_estimate":73584331.51265873,"standard_error":2017162.4412968995},"Median":{"confidence_interval":{"confidence_level":0.95,"lower_bound":68917992.4513889,"upper_bound":79979210.83125},"point_estimate":70644560.85,"standard_error":3241874.4238217105},"MedianAbsDev":{"confidence_interval":{"confidence_level":0.95,"lower_bound":1010764.6452530759,"upper_bound":8791494.797734769},"point_estimate":3968596.229686663,"standard_error":2524979.076144818},"Slope":{"confidence_interval":{"confidence_level":0.95,"lower_bound":68873631.94721353,"upper_bound":75066419.62614508},"point_estimate":71158428.46493506,"standard_error":1669912.3926493318},"StdDev":{"confidence_interval":{"confidence_level":0.95,"lower_bound":2250593.560522306,"upper_bound":6629586.193407253},"point_estimate":5796119.326524895,"standard_error":1222929.5139312616}}