{"Mean":{"confidence_interval":{"confidence_level":0.95,"lower_bound":55854076.30083334,"upper_bound":61873895.86914285},"point_estimate":58510184.20190476,"standard_error":1498094.9548041192},"Median":{"confidence_interval":{"confidence_level":0.95,"lower_bound":55494066.12208333,"upper_bound":62913606.5},"point_estimate":56129498.08333333,"standard_error":2133492.953316492},"MedianAbsDev":{"confidence_interval":{"confidence_level":0.95,"lower_bound":113171.21298156235,"upper_bound":6294356.141990838},"point_estimate":1603015.5080407877,"standard_error":1626714.2414353727},"Slope":{"confidence_interval":{"confidence_level":0.95,"lower_bound":56478730.32531547,"upper_bound":62979227.32754441},"point_estimate":59154097.10909091,"standard_error":1859070.36809602},"StdDev":{"confidence_interval":{"confidence_level":0.95,"lower_bound":1204611.3685302362,"upper_bound":5285199.000830621},"point_estimate":4519560.601347394,"standard_error":1029511.8498737897}}