{"Mean":{"confidence_interval":{"confidence_level":0.95,"lower_bound":25491.459024333253,"upper_bound":26934.422824591093},"point_estimate":25987.05984939435,"standard_error":347.9286119807961},"Median":{"confidence_interval":{"confidence_level":0.95,"lower_bound":24967.814445854485,"upper_bound":26863.500528764805},"point_estimate":25596.7711035909,"standard_error":485.09673142400663},"MedianAbsDev":{"confidence_interval":{"confidence_level":0.95,"lower_bound":392.805515332957,"upper_bound":2376.1343012937496},"point_estimate":1490.20712553451,"standard_error":569.8481602135125},"Slope":{"confidence_interval":{"confidence_level":0.95,"lower_bound":24830.067995504534,"upper_bound":25957.288040990035},"point_estimate":25554.72644648076,"standard_error":284.9478696252842},"StdDev":{"confidence_interval":{"confidence_level":0.95,"lower_bound":810.3744478788203,"upper_bound":1890.4700449878117},"point_estimate":1513.9096795917794,"standard_error":295.7151713464875}}