{"Mean":{"confidence_interval":{"confidence_level":0.95,"lower_bound":9865242.499438493,"upper_bound":10191102.699553572},"point_estimate":10033667.273492064,"standard_error":93040.29377577335},"Median":{"confidence_interval":{"confidence_level":0.95,"lower_bound":9780101.833333334,"upper_bound":10254385.5},"point_estimate":9986204.675,"standard_error":148348.98838353268},"MedianAbsDev":{"confidence_interval":{"confidence_level":0.95,"lower_bound":110090.72482474944,"upper_bound":440652.6110711023},"point_estimate":355350.2906362706,"standard_error":95766.7864380878},"Slope":{"confidence_interval":{"confidence_level":0.95,"lower_bound":9784261.152649878,"upper_bound":10204157.491012055},"point_estimate":9975409.92077922,"standard_error":120615.7676484607},"StdDev":{"confidence_interval":{"confidence_level":0.95,"lower_bound":151449.45089106256,"upper_bound":322696.04737852316},"point_estimate":281146.11468126375,"standard_error":51472.328736509044}}