{"Mean":{"confidence_interval":{"confidence_level":0.95,"lower_bound":3893003.192963294,"upper_bound":4024093.141275794},"point_estimate":3966358.3907698416,"standard_error":34425.73813398199},"Median":{"confidence_interval":{"confidence_level":0.95,"lower_bound":3849128.726875,"upper_bound":4060256.625},"point_estimate":4002311.7277777777,"standard_error":65749.37538244124},"MedianAbsDev":{"confidence_interval":{"confidence_level":0.95,"lower_bound":15486.254168251859,"upper_bound":184840.03390329593},"point_estimate":149651.02043583,"standard_error":51289.078289468634},"Slope":{"confidence_interval":{"confidence_level":0.95,"lower_bound":3915154.0815814584,"upper_bound":4048525.457133758},"point_estimate":3989840.331948052,"standard_error":39160.956469991004},"StdDev":{"confidence_interval":{"confidence_level":0.95,"lower_bound":81683.42777927786,"upper_bound":135077.83765136235},"point_estimate":118312.61224239365,"standard_error":12516.973419689732}}