{"Mean":{"confidence_interval":{"confidence_level":0.95,"lower_bound":3743.2080229673124,"upper_bound":3786.581086493875},"point_estimate":3763.8748123546993,"standard_error":11.079087478714323},"Median":{"confidence_interval":{"confidence_level":0.95,"lower_bound":3714.9012916666666,"upper_bound":3739.4944137931034},"point_estimate":3727.399785714286,"standard_error":6.815130197744615},"MedianAbsDev":{"confidence_interval":{"confidence_level":0.95,"lower_bound":31.162146302283404,"upper_bound":57.325175559633365},"point_estimate":42.99999230967474,"standard_error":7.034158418007141},"Slope":{"confidence_interval":{"confidence_level":0.95,"lower_bound":3725.923387139916,"upper_bound":3749.8631563900663},"point_estimate":3737.0832103797843,"standard_error":6.115760039401316},"StdDev":{"confidence_interval":{"confidence_level":0.95,"lower_bound":84.37753196270465,"upper_bound":134.01444116080384},"point_estimate":111.39980067474609,"standard_error":12.721887657784423}}