{"Mean":{"confidence_interval":{"confidence_level":0.95,"lower_bound":60934554.52811906,"upper_bound":66577179.25263096},"point_estimate":63349379.35214285,"standard_error":1644021.3243562481},"Median":{"confidence_interval":{"confidence_level":0.95,"lower_bound":59040894.8,"upper_bound":64162706.25},"point_estimate":62391541.58333333,"standard_error":1952477.3372279785},"MedianAbsDev":{"confidence_interval":{"confidence_level":0.95,"lower_bound":1193905.2836864386,"upper_bound":8472858.066088945},"point_estimate":3978406.4466291615,"standard_error":2125576.7702990877},"Slope":{"confidence_interval":{"confidence_level":0.95,"lower_bound":58244572.703789406,"upper_bound":65131259.533128105},"point_estimate":61307395.03636364,"standard_error":1829450.996009097},"StdDev":{"confidence_interval":{"confidence_level":0.95,"lower_bound":2413258.8462522672,"upper_bound":7513319.821698946},"point_estimate":5892036.600413127,"standard_error":1455230.9720518978}}