{"Mean":{"confidence_interval":{"confidence_level":0.95,"lower_bound":33491.756188670726,"upper_bound":38830.901467868425},"point_estimate":36304.191916610245,"standard_error":1500.479878630259},"Median":{"confidence_interval":{"confidence_level":0.95,"lower_bound":32744.421563981043,"upper_bound":36108.41665432465},"point_estimate":34897.14573459716,"standard_error":1176.520082267575},"MedianAbsDev":{"confidence_interval":{"confidence_level":0.95,"lower_bound":392.577424523249,"upper_bound":5309.92754954955},"point_estimate":2505.611258371958,"standard_error":1503.821380614863},"Slope":{"confidence_interval":{"confidence_level":0.95,"lower_bound":33001.419534236054,"upper_bound":34663.74205907244},"point_estimate":33529.12241029113,"standard_error":542.7253029006798},"StdDev":{"confidence_interval":{"confidence_level":0.95,"lower_bound":1041.523766811046,"upper_bound":5890.467487366376},"point_estimate":4680.259036676894,"standard_error":1499.951197320125}}