{"Mean":{"confidence_interval":{"confidence_level":0.95,"lower_bound":-0.13404867986661329,"upper_bound":0.0032795857448167393},"point_estimate":-0.07799406273891518,"standard_error":0.03610391057163573},"Median":{"confidence_interval":{"confidence_level":0.95,"lower_bound":-0.1307153638449127,"upper_bound":0.024995630241308735},"point_estimate":-0.0654845768847212,"standard_error":0.049280800935485966}}