{"Mean":{"confidence_interval":{"confidence_level":0.95,"lower_bound":-0.024427481052461508,"upper_bound":0.03945650713429887},"point_estimate":0.008757121588548245,"standard_error":0.017463460411616814},"Median":{"confidence_interval":{"confidence_level":0.95,"lower_bound":-0.025721969307328674,"upper_bound":0.03279337438854553},"point_estimate":-0.0012293253282261718,"standard_error":0.014952419702569072}}