{"Mean":{"confidence_interval":{"confidence_level":0.95,"lower_bound":151323.83932747727,"upper_bound":155418.7776542996},"point_estimate":153055.72052165202,"standard_error":1033.9174866163812},"Median":{"confidence_interval":{"confidence_level":0.95,"lower_bound":150640.60142163662,"upper_bound":157101.4859223301},"point_estimate":151663.22384034522,"standard_error":1839.4474367579378},"MedianAbsDev":{"confidence_interval":{"confidence_level":0.95,"lower_bound":1223.445887931618,"upper_bound":5616.450196563933},"point_estimate":3527.298299287351,"standard_error":1224.8674043211927},"Slope":{"confidence_interval":{"confidence_level":0.95,"lower_bound":150489.9106171937,"upper_bound":154190.0415541883},"point_estimate":151354.98224687934,"standard_error":985.5040634835141},"StdDev":{"confidence_interval":{"confidence_level":0.95,"lower_bound":2039.7386028779074,"upper_bound":4290.774346313583},"point_estimate":3530.014325341135,"standard_error":588.1634645345368}}