{"Mean":{"confidence_interval":{"confidence_level":0.95,"lower_bound":-0.06368300121261858,"upper_bound":0.036530450416129644},"point_estimate":-0.010431742873398653,"standard_error":0.030522005694988585},"Median":{"confidence_interval":{"confidence_level":0.95,"lower_bound":-0.09512710172265082,"upper_bound":0.042143811950898113},"point_estimate":-0.018875619839615942,"standard_error":0.03981132816616659}}