{"Mean":{"confidence_interval":{"confidence_level":0.95,"lower_bound":3587.456632721918,"upper_bound":3743.051131971747},"point_estimate":3663.1697002714895,"standard_error":39.68925533804241},"Median":{"confidence_interval":{"confidence_level":0.95,"lower_bound":3387.7852022058823,"upper_bound":3775.2007467690255},"point_estimate":3582.5152441891078,"standard_error":101.8884230085075},"MedianAbsDev":{"confidence_interval":{"confidence_level":0.95,"lower_bound":194.33180247429425,"upper_bound":547.8387942908394},"point_estimate":421.44254370732955,"standard_error":88.94378899458758},"Slope":{"confidence_interval":{"confidence_level":0.95,"lower_bound":3533.7204528920925,"upper_bound":3682.476037660999},"point_estimate":3606.6128344517947,"standard_error":38.07732705701645},"StdDev":{"confidence_interval":{"confidence_level":0.95,"lower_bound":327.88177424203025,"upper_bound":461.501916410574},"point_estimate":397.15408795597904,"standard_error":34.2129740065703}}