{"Mean":{"confidence_interval":{"confidence_level":0.95,"lower_bound":69657913.94675496,"upper_bound":74706519.54357143},"point_estimate":71945053.87503968,"standard_error":1408587.308006188},"Median":{"confidence_interval":{"confidence_level":0.95,"lower_bound":67681429.9375,"upper_bound":76333199.36874999},"point_estimate":70834031.3888889,"standard_error":2583914.697138817},"MedianAbsDev":{"confidence_interval":{"confidence_level":0.95,"lower_bound":526925.7920218229,"upper_bound":7445723.049619744},"point_estimate":4797323.194297168,"standard_error":2208417.2966683977},"Slope":{"confidence_interval":{"confidence_level":0.95,"lower_bound":69105310.70053096,"upper_bound":74926525.35769065},"point_estimate":71638556.87012987,"standard_error":1907858.6298786951},"StdDev":{"confidence_interval":{"confidence_level":0.95,"lower_bound":3019697.934763763,"upper_bound":5427195.018867699},"point_estimate":4814667.565511278,"standard_error":656480.7743072435}}