{"Mean":{"confidence_interval":{"confidence_level":0.95,"lower_bound":-0.0867267853730301,"upper_bound":0.08954567230086316},"point_estimate":-0.0033307661891958107,"standard_error":0.04269892677969574},"Median":{"confidence_interval":{"confidence_level":0.95,"lower_bound":-0.13069878998581327,"upper_bound":0.11200730384284287},"point_estimate":0.054347658527335696,"standard_error":0.07103372456474047}}