{"Mean":{"confidence_interval":{"confidence_level":0.95,"lower_bound":879985313.753604,"upper_bound":965635004.1184198},"point_estimate":914642035.8793253,"standard_error":21676219.03530091},"Median":{"confidence_interval":{"confidence_level":0.95,"lower_bound":875747747.885,"upper_bound":931619071.0710317},"point_estimate":883065220.3888888,"standard_error":13221941.150593178},"MedianAbsDev":{"confidence_interval":{"confidence_level":0.95,"lower_bound":1123033.25041466,"upper_bound":81217510.9800419},"point_estimate":12022773.37529971,"standard_error":18582780.637357883},"Slope":{"confidence_interval":{"confidence_level":0.95,"lower_bound":878838249.2826929,"upper_bound":927364975.6094341},"point_estimate":895828188.851948,"standard_error":15486989.19178746},"StdDev":{"confidence_interval":{"confidence_level":0.95,"lower_bound":5024929.763983608,"upper_bound":101735134.71264228},"point_estimate":72322562.26911558,"standard_error":25243672.269230228}}