{"Mean":{"confidence_interval":{"confidence_level":0.95,"lower_bound":453878.03123247356,"upper_bound":462061.2586911375},"point_estimate":458265.7497178131,"standard_error":2351.830557189637},"Median":{"confidence_interval":{"confidence_level":0.95,"lower_bound":451404.79569830245,"upper_bound":463106.7311342592},"point_estimate":457423.95337301586,"standard_error":2838.0606153200865},"MedianAbsDev":{"confidence_interval":{"confidence_level":0.95,"lower_bound":2976.3358444997707,"upper_bound":15046.44346001814},"point_estimate":7485.592780900451,"standard_error":3220.7072576546457},"Slope":{"confidence_interval":{"confidence_level":0.95,"lower_bound":449353.7810881526,"upper_bound":458154.0595279089},"point_estimate":452992.56363636366,"standard_error":2520.57575053563},"StdDev":{"confidence_interval":{"confidence_level":0.95,"lower_bound":4852.0288963747935,"upper_bound":9962.556999663904},"point_estimate":7493.765057363016,"standard_error":1540.4702076672593}}