{"Mean":{"confidence_interval":{"confidence_level":0.95,"lower_bound":26635.49680790234,"upper_bound":28891.930943468073},"point_estimate":27816.553349164507,"standard_error":634.1139283499369},"Median":{"confidence_interval":{"confidence_level":0.95,"lower_bound":26396.796133567663,"upper_bound":28628.187911540714},"point_estimate":26847.75415202109,"standard_error":499.0976378234485},"MedianAbsDev":{"confidence_interval":{"confidence_level":0.95,"lower_bound":104.68642820182055,"upper_bound":3298.8917662355752},"point_estimate":887.969153132585,"standard_error":770.5791198115793},"Slope":{"confidence_interval":{"confidence_level":0.95,"lower_bound":26369.320855350197,"upper_bound":26884.774860048845},"point_estimate":26634.215639193848,"standard_error":152.64869245037963},"StdDev":{"confidence_interval":{"confidence_level":0.95,"lower_bound":361.44439707221284,"upper_bound":2742.585914452673},"point_estimate":2207.9142248112553,"standard_error":670.640535518637}}