{"Mean":{"confidence_interval":{"confidence_level":0.95,"lower_bound":3661.1997538848036,"upper_bound":4135.1403786928095},"point_estimate":3861.119269526144,"standard_error":129.42395546345026},"Median":{"confidence_interval":{"confidence_level":0.95,"lower_bound":3587.918250735294,"upper_bound":4152.568366013072},"point_estimate":3656.936922794118,"standard_error":221.93687429974278},"MedianAbsDev":{"confidence_interval":{"confidence_level":0.95,"lower_bound":36.46192999973021,"upper_bound":672.9305322852825},"point_estimate":203.56742460580912,"standard_error":182.13582756544756},"Slope":{"confidence_interval":{"confidence_level":0.95,"lower_bound":3629.811793660601,"upper_bound":3992.4699683673907},"point_estimate":3761.0373750954927,"standard_error":114.66666185524304},"StdDev":{"confidence_interval":{"confidence_level":0.95,"lower_bound":170.19480476016088,"upper_bound":458.94766206439454},"point_estimate":371.2556788076121,"standard_error":77.45926838983388}}