{"Mean":{"confidence_interval":{"confidence_level":0.95,"lower_bound":0.057677222186510314,"upper_bound":0.08862736753346254},"point_estimate":0.07334129659742894,"standard_error":0.007913364987346207},"Median":{"confidence_interval":{"confidence_level":0.95,"lower_bound":0.05198635366363247,"upper_bound":0.09736460568829375},"point_estimate":0.0780101686325918,"standard_error":0.010725130611865516}}