{"Mean":{"confidence_interval":{"confidence_level":0.95,"lower_bound":491535.2836908068,"upper_bound":517436.72313320707},"point_estimate":503823.3046620971,"standard_error":7348.78366508878},"Median":{"confidence_interval":{"confidence_level":0.95,"lower_bound":485622.68686868687,"upper_bound":504061.55303030304},"point_estimate":493226.107022607,"standard_error":6021.575449545079},"MedianAbsDev":{"confidence_interval":{"confidence_level":0.95,"lower_bound":353.0125537579563,"upper_bound":26037.825373346044},"point_estimate":12922.376492299081,"standard_error":7531.436051409376},"Slope":{"confidence_interval":{"confidence_level":0.95,"lower_bound":486155.9293116389,"upper_bound":497181.1598618096},"point_estimate":491300.2203856749,"standard_error":2664.959079681515},"StdDev":{"confidence_interval":{"confidence_level":0.95,"lower_bound":5586.645025384437,"upper_bound":33812.60658282577},"point_estimate":28118.651567263118,"standard_error":7540.470419681345}}