{"Mean":{"confidence_interval":{"confidence_level":0.95,"lower_bound":-0.04037775749904265,"upper_bound":0.00578488867817552},"point_estimate":-0.003701221872756344,"standard_error":0.014395307150439567},"Median":{"confidence_interval":{"confidence_level":0.95,"lower_bound":-0.024652257445638644,"upper_bound":0.011725347351894616},"point_estimate":0.009358693023773457,"standard_error":0.00999907825631703}}