{"Mean":{"confidence_interval":{"confidence_level":0.95,"lower_bound":6688.442638655052,"upper_bound":6793.743011274193},"point_estimate":6737.35208560623,"standard_error":26.878583360533636},"Median":{"confidence_interval":{"confidence_level":0.95,"lower_bound":6654.410097677499,"upper_bound":6716.591355363985},"point_estimate":6676.948771263997,"standard_error":16.01482861158929},"MedianAbsDev":{"confidence_interval":{"confidence_level":0.95,"lower_bound":98.2037717386066,"upper_bound":197.44670324991205},"point_estimate":138.53248446086914,"standard_error":26.534281013692446},"Slope":{"confidence_interval":{"confidence_level":0.95,"lower_bound":6641.828708702223,"upper_bound":6744.017348803966},"point_estimate":6691.1404517429355,"standard_error":25.990863002000097},"StdDev":{"confidence_interval":{"confidence_level":0.95,"lower_bound":171.99130711581597,"upper_bound":370.96051870912925},"point_estimate":270.50457383082,"standard_error":52.8224063795728}}