{"Mean":{"confidence_interval":{"confidence_level":0.95,"lower_bound":4453729.263561508,"upper_bound":4683330.255756944},"point_estimate":4595894.582718254,"standard_error":68552.94366477654},"Median":{"confidence_interval":{"confidence_level":0.95,"lower_bound":4398837.034126984,"upper_bound":4705766.43234375},"point_estimate":4686983.05,"standard_error":94842.63101898624},"MedianAbsDev":{"confidence_interval":{"confidence_level":0.95,"lower_bound":12807.798244835098,"upper_bound":344737.0904880264},"point_estimate":57507.24221654282,"standard_error":103264.03552023417},"Slope":{"confidence_interval":{"confidence_level":0.95,"lower_bound":4374662.367247378,"upper_bound":4666911.503689015},"point_estimate":4514958.482467532,"standard_error":85844.56297310945},"StdDev":{"confidence_interval":{"confidence_level":0.95,"lower_bound":106523.06998189802,"upper_bound":265706.85971527774},"point_estimate":203830.35369655496,"standard_error":48204.95994811591}}