{"Mean":{"confidence_interval":{"confidence_level":0.95,"lower_bound":1287213.5593229167,"upper_bound":1386152.4831026786},"point_estimate":1339741.1658399473,"standard_error":28362.035311923584},"Median":{"confidence_interval":{"confidence_level":0.95,"lower_bound":1243798.5357142857,"upper_bound":1438583.1666666667},"point_estimate":1337991.5092592593,"standard_error":59480.06425389127},"MedianAbsDev":{"confidence_interval":{"confidence_level":0.95,"lower_bound":14485.76830438884,"upper_bound":146370.14957484795},"point_estimate":143468.82381194714,"standard_error":42135.568781608796},"Slope":{"confidence_interval":{"confidence_level":0.95,"lower_bound":1269127.81536597,"upper_bound":1341230.7965462732},"point_estimate":1302030.0341991342,"standard_error":21748.73208219739},"StdDev":{"confidence_interval":{"confidence_level":0.95,"lower_bound":68689.54056894006,"upper_bound":107907.90070696839},"point_estimate":94187.67920195281,"standard_error":11244.896070619025}}