{"Mean":{"confidence_interval":{"confidence_level":0.95,"lower_bound":-0.16662266239810342,"upper_bound":-0.1049382012604979},"point_estimate":-0.14343741067950622,"standard_error":0.017121755581453846},"Median":{"confidence_interval":{"confidence_level":0.95,"lower_bound":-0.20164762133281278,"upper_bound":-0.1327024641339869},"point_estimate":-0.1775900062241571,"standard_error":0.02187504027168116}}