{"Mean":{"confidence_interval":{"confidence_level":0.95,"lower_bound":-0.014890500087427035,"upper_bound":0.0011511344608351548},"point_estimate":-0.007183508155493068,"standard_error":0.004008528875009574},"Median":{"confidence_interval":{"confidence_level":0.95,"lower_bound":-0.02054527091628011,"upper_bound":-0.013870623136747806},"point_estimate":-0.017387379806472425,"standard_error":0.0016943948583514497}}