{"Mean":{"confidence_interval":{"confidence_level":0.95,"lower_bound":298122.601658677,"upper_bound":306515.1198884542},"point_estimate":302236.9967055938,"standard_error":2137.984917246638},"Median":{"confidence_interval":{"confidence_level":0.95,"lower_bound":288645.27514097746,"upper_bound":300039.3541666667},"point_estimate":295734.24880361574,"standard_error":3375.495643069289},"MedianAbsDev":{"confidence_interval":{"confidence_level":0.95,"lower_bound":10454.676939834417,"upper_bound":24786.588204950112},"point_estimate":18665.16330837358,"standard_error":4042.112335067453},"Slope":{"confidence_interval":{"confidence_level":0.95,"lower_bound":293821.47325750894,"upper_bound":303858.1569212222},"point_estimate":298601.2553421014,"standard_error":2560.8591962429564},"StdDev":{"confidence_interval":{"confidence_level":0.95,"lower_bound":18484.079945895824,"upper_bound":24007.082894935545},"point_estimate":21517.466048234954,"standard_error":1408.1576650930926}}