{"Mean":{"confidence_interval":{"confidence_level":0.95,"lower_bound":0.13681254469969098,"upper_bound":0.19901637091875085},"point_estimate":0.16926610984864232,"standard_error":0.01740957558225483},"Median":{"confidence_interval":{"confidence_level":0.95,"lower_bound":0.12060677588775723,"upper_bound":0.1887776393602425},"point_estimate":0.16412482521720384,"standard_error":0.019760169236054805}}