{"Mean":{"confidence_interval":{"confidence_level":0.95,"lower_bound":497955.01853379625,"upper_bound":509768.69924760115},"point_estimate":503430.01466013916,"standard_error":3032.4272738304367},"Median":{"confidence_interval":{"confidence_level":0.95,"lower_bound":491667.8783866995,"upper_bound":496618.5755263158},"point_estimate":493643.8990740741,"standard_error":1316.824411381314},"MedianAbsDev":{"confidence_interval":{"confidence_level":0.95,"lower_bound":7853.01519269216,"upper_bound":13042.920243127968},"point_estimate":10159.511723811398,"standard_error":1317.6422647143},"Slope":{"confidence_interval":{"confidence_level":0.95,"lower_bound":495024.993230711,"upper_bound":511063.2505857573},"point_estimate":501869.6916536131,"standard_error":4146.605822828039},"StdDev":{"confidence_interval":{"confidence_level":0.95,"lower_bound":19331.893747770708,"upper_bound":40659.111433337115},"point_estimate":30610.999292749602,"standard_error":5479.760313680404}}