{"Mean":{"confidence_interval":{"confidence_level":0.95,"lower_bound":65040058.22360417,"upper_bound":69698926.13557737},"point_estimate":67083296.76988095,"standard_error":1282678.9607543394},"Median":{"confidence_interval":{"confidence_level":0.95,"lower_bound":63396438.4375,"upper_bound":69600318.26190476},"point_estimate":66984671.1875,"standard_error":2270176.4133533305},"MedianAbsDev":{"confidence_interval":{"confidence_level":0.95,"lower_bound":946529.7376019859,"upper_bound":7626913.240604095},"point_estimate":5210513.995032387,"standard_error":1846268.0902385511},"Slope":{"confidence_interval":{"confidence_level":0.95,"lower_bound":66515481.181919195,"upper_bound":71497740.8193895},"point_estimate":69547469.20259741,"standard_error":1260567.4437208327},"StdDev":{"confidence_interval":{"confidence_level":0.95,"lower_bound":3264496.203633385,"upper_bound":5356537.773412267},"point_estimate":4562189.449964477,"standard_error":610614.8771553641}}