{"Mean":{"confidence_interval":{"confidence_level":0.95,"lower_bound":8548.334736494695,"upper_bound":8640.550168688103},"point_estimate":8591.869657371964,"standard_error":23.56886660846824},"Median":{"confidence_interval":{"confidence_level":0.95,"lower_bound":8504.97849825026,"upper_bound":8569.653273809523},"point_estimate":8532.474784462778,"standard_error":16.77719120669902},"MedianAbsDev":{"confidence_interval":{"confidence_level":0.95,"lower_bound":91.09041144574738,"upper_bound":158.03495416806908},"point_estimate":132.9070735779187,"standard_error":17.750365869278944},"Slope":{"confidence_interval":{"confidence_level":0.95,"lower_bound":8565.298250389122,"upper_bound":8688.676809762295},"point_estimate":8621.625406568643,"standard_error":31.570059695834324},"StdDev":{"confidence_interval":{"confidence_level":0.95,"lower_bound":168.3557939943877,"upper_bound":293.95033531494727},"point_estimate":236.6648329747429,"standard_error":32.14251503999205}}