{"Mean":{"confidence_interval":{"confidence_level":0.95,"lower_bound":1716964800.8764584,"upper_bound":1798157903.693125},"point_estimate":1756301347.5988095,"standard_error":29794317.68917765},"Median":{"confidence_interval":{"confidence_level":0.95,"lower_bound":1706733351.0,"upper_bound":1748491603.5},"point_estimate":1723089777.6607141,"standard_error":12833427.156710362},"MedianAbsDev":{"confidence_interval":{"confidence_level":0.95,"lower_bound":4635384.549689241,"upper_bound":46734611.82325978},"point_estimate":32871164.966370106,"standard_error":11519126.02912906},"Slope":{"confidence_interval":{"confidence_level":0.95,"lower_bound":1706986209.7261844,"upper_bound":1738611868.1034918},"point_estimate":1725727560.0727272,"standard_error":8210298.738547072},"StdDev":{"confidence_interval":{"confidence_level":0.95,"lower_bound":16197486.540786244,"upper_bound":144372696.64648476},"point_estimate":106629220.16779216,"standard_error":51824728.13086794}}