{"Mean":{"confidence_interval":{"confidence_level":0.95,"lower_bound":25675.054221147646,"upper_bound":28710.71963160864},"point_estimate":27098.028520309475,"standard_error":811.0879733020595},"Median":{"confidence_interval":{"confidence_level":0.95,"lower_bound":25437.47263056093,"upper_bound":28726.020968326884},"point_estimate":25674.09929078014,"standard_error":942.7675968488031},"MedianAbsDev":{"confidence_interval":{"confidence_level":0.95,"lower_bound":210.01946171096466,"upper_bound":4714.6508355704555},"point_estimate":1048.7063614107544,"standard_error":1087.3533905711088},"Slope":{"confidence_interval":{"confidence_level":0.95,"lower_bound":25391.30377244208,"upper_bound":26406.576684237185},"point_estimate":25685.12260041699,"standard_error":257.45739067777913},"StdDev":{"confidence_interval":{"confidence_level":0.95,"lower_bound":681.1793213578258,"upper_bound":3752.9959113426794},"point_estimate":2830.801762610191,"standard_error":769.6756108581138}}