{"Mean":{"confidence_interval":{"confidence_level":0.95,"lower_bound":4710506.729731398,"upper_bound":5024300.761481151},"point_estimate":4883283.960882937,"standard_error":90750.42800487738},"Median":{"confidence_interval":{"confidence_level":0.95,"lower_bound":4742926.133571428,"upper_bound":5052358.524652778},"point_estimate":4914213.213541666,"standard_error":73589.18053306601},"MedianAbsDev":{"confidence_interval":{"confidence_level":0.95,"lower_bound":27803.68088880792,"upper_bound":465994.491961319},"point_estimate":175342.2634489265,"standard_error":131201.90658679136},"Slope":{"confidence_interval":{"confidence_level":0.95,"lower_bound":4731483.900110649,"upper_bound":5193953.999108839},"point_estimate":5016279.482467532,"standard_error":120538.63041052577},"StdDev":{"confidence_interval":{"confidence_level":0.95,"lower_bound":122579.30077211278,"upper_bound":393573.7825969666},"point_estimate":274317.5579332128,"standard_error":74580.10693716462}}