{"Mean":{"confidence_interval":{"confidence_level":0.95,"lower_bound":-0.024721965274269037,"upper_bound":0.03460059420194642},"point_estimate":-0.010833238502817144,"standard_error":0.01545928095665773},"Median":{"confidence_interval":{"confidence_level":0.95,"lower_bound":-0.03336163819838769,"upper_bound":0.0237622989446529},"point_estimate":-0.01582914496140697,"standard_error":0.015709391841283282}}