{"Mean":{"confidence_interval":{"confidence_level":0.95,"lower_bound":127649222.84680356,"upper_bound":129981154.3222768},"point_estimate":128593715.37107143,"standard_error":659624.1798665748},"Median":{"confidence_interval":{"confidence_level":0.95,"lower_bound":126291660.40245536,"upper_bound":130356903.109375},"point_estimate":128604481.8095238,"standard_error":1074986.5934720028},"MedianAbsDev":{"confidence_interval":{"confidence_level":0.95,"lower_bound":554656.6453992006,"upper_bound":4166124.988036509},"point_estimate":3747309.4206844536,"standard_error":964310.7402747639},"Slope":{"confidence_interval":{"confidence_level":0.95,"lower_bound":126272237.22128686,"upper_bound":128643663.13311742},"point_estimate":127257143.30909091,"standard_error":609808.8047087946},"StdDev":{"confidence_interval":{"confidence_level":0.95,"lower_bound":1879729.4358529856,"upper_bound":3355395.9507027073},"point_estimate":2740118.487481233,"standard_error":447270.50865914614}}