{"Mean":{"confidence_interval":{"confidence_level":0.95,"lower_bound":134210.06641568284,"upper_bound":141998.92759725527},"point_estimate":137927.4261742725,"standard_error":2177.4657373220043},"Median":{"confidence_interval":{"confidence_level":0.95,"lower_bound":133524.92076719576,"upper_bound":138240.24970833334},"point_estimate":135009.7922222222,"standard_error":1437.1396143030042},"MedianAbsDev":{"confidence_interval":{"confidence_level":0.95,"lower_bound":1405.8933692070575,"upper_bound":8652.29905822519},"point_estimate":5010.67208979279,"standard_error":2237.912013996612},"Slope":{"confidence_interval":{"confidence_level":0.95,"lower_bound":131448.92002470305,"upper_bound":134949.37505024255},"point_estimate":132869.07119047618,"standard_error":1034.1862172421002},"StdDev":{"confidence_interval":{"confidence_level":0.95,"lower_bound":2804.691450846204,"upper_bound":12677.410269544827},"point_estimate":8953.35769476719,"standard_error":2864.550922247528}}