{"Mean":{"confidence_interval":{"confidence_level":0.95,"lower_bound":-0.061349667624365535,"upper_bound":0.044457378709479446},"point_estimate":-0.007859333966608428,"standard_error":0.023682883987105788},"Median":{"confidence_interval":{"confidence_level":0.95,"lower_bound":-0.04754288353616032,"upper_bound":0.06454711008495735},"point_estimate":0.0009306511783457871,"standard_error":0.030167555541315047}}