{"Mean":{"confidence_interval":{"confidence_level":0.95,"lower_bound":73347974.300125,"upper_bound":78953386.62634921},"point_estimate":76130686.97420636,"standard_error":1542593.4908475769},"Median":{"confidence_interval":{"confidence_level":0.95,"lower_bound":72559526.10714287,"upper_bound":79830273.375},"point_estimate":73427371.8,"standard_error":2006762.0271170316},"MedianAbsDev":{"confidence_interval":{"confidence_level":0.95,"lower_bound":165212.2035226467,"upper_bound":7793376.644264907},"point_estimate":1547541.6331556395,"standard_error":2358081.184724672},"Slope":{"confidence_interval":{"confidence_level":0.95,"lower_bound":73074000.47735894,"upper_bound":77920957.29707678},"point_estimate":74669515.65454546,"standard_error":1172609.32583483},"StdDev":{"confidence_interval":{"confidence_level":0.95,"lower_bound":1364073.6256345697,"upper_bound":6076953.787232424},"point_estimate":4852443.01620029,"standard_error":1211275.6550312492}}