{"Mean":{"confidence_interval":{"confidence_level":0.95,"lower_bound":169258.23728716932,"upper_bound":178821.77092916667},"point_estimate":173715.14522486774,"standard_error":3124.9703992085347},"Median":{"confidence_interval":{"confidence_level":0.95,"lower_bound":166121.4745347222,"upper_bound":174712.76984126985},"point_estimate":172503.17833333334,"standard_error":2953.245128377576},"MedianAbsDev":{"confidence_interval":{"confidence_level":0.95,"lower_bound":959.8390951733327,"upper_bound":14077.746052097824},"point_estimate":9903.046704019145,"standard_error":3626.139240384213},"Slope":{"confidence_interval":{"confidence_level":0.95,"lower_bound":164583.73517283908,"upper_bound":171049.064400328},"point_estimate":167787.5644155844,"standard_error":1677.2222612545972},"StdDev":{"confidence_interval":{"confidence_level":0.95,"lower_bound":5190.231664240071,"upper_bound":16402.336203035484},"point_estimate":11953.94249084,"standard_error":2829.4320979634203}}