{"Mean":{"confidence_interval":{"confidence_level":0.95,"lower_bound":9592858.499885416,"upper_bound":9936285.605703868},"point_estimate":9777137.449146826,"standard_error":104133.26852961635},"Median":{"confidence_interval":{"confidence_level":0.95,"lower_bound":9582172.59375,"upper_bound":9977337.5},"point_estimate":9727163.07142857,"standard_error":126114.72952215593},"MedianAbsDev":{"confidence_interval":{"confidence_level":0.95,"lower_bound":32905.99970292662,"upper_bound":531008.6528936492},"point_estimate":331683.48239269154,"standard_error":132333.772018439},"Slope":{"confidence_interval":{"confidence_level":0.95,"lower_bound":9386756.93676335,"upper_bound":10131276.06785682},"point_estimate":9743174.498701299,"standard_error":201724.29395573924},"StdDev":{"confidence_interval":{"confidence_level":0.95,"lower_bound":182070.17629779776,"upper_bound":387176.6511495371},"point_estimate":305277.4721168289,"standard_error":58191.15727574128}}