{"Mean":{"confidence_interval":{"confidence_level":0.95,"lower_bound":-0.4743863026446111,"upper_bound":-0.4547321936474334},"point_estimate":-0.4643920063167791,"standard_error":0.005027663919464602},"Median":{"confidence_interval":{"confidence_level":0.95,"lower_bound":-0.4700412388657054,"upper_bound":-0.461064462236901},"point_estimate":-0.46527799633317624,"standard_error":0.0023742867647457413}}