{"Mean":{"confidence_interval":{"confidence_level":0.95,"lower_bound":-0.7219793135368984,"upper_bound":-0.7142296085842228},"point_estimate":-0.7180897305165512,"standard_error":0.001974301903348393},"Median":{"confidence_interval":{"confidence_level":0.95,"lower_bound":-0.7188196056516551,"upper_bound":-0.7145139825654998},"point_estimate":-0.7169038212177129,"standard_error":0.0010652979083867534}}