{"Mean":{"confidence_interval":{"confidence_level":0.95,"lower_bound":-0.2863909555050845,"upper_bound":-0.2095540217871372},"point_estimate":-0.25621882315732625,"standard_error":0.022558925726560895},"Median":{"confidence_interval":{"confidence_level":0.95,"lower_bound":-0.32380117662396585,"upper_bound":-0.21540640152025234},"point_estimate":-0.2421125913258444,"standard_error":0.023819562443334098}}