{"Mean":{"confidence_interval":{"confidence_level":0.95,"lower_bound":922458350.8924524,"upper_bound":973823179.1138959},"point_estimate":941444976.7451189,"standard_error":13844580.169388786},"Median":{"confidence_interval":{"confidence_level":0.95,"lower_bound":914093139.6166668,"upper_bound":956918577.5625},"point_estimate":926227358.2083333,"standard_error":11635498.061032815},"MedianAbsDev":{"confidence_interval":{"confidence_level":0.95,"lower_bound":1770768.5074726448,"upper_bound":45361380.24627129},"point_estimate":18169436.944702864,"standard_error":12160116.37747424},"Slope":{"confidence_interval":{"confidence_level":0.95,"lower_bound":915682063.5915588,"upper_bound":938673506.3409485},"point_estimate":923717388.4649351,"standard_error":6300119.609846952},"StdDev":{"confidence_interval":{"confidence_level":0.95,"lower_bound":11632533.148058115,"upper_bound":59670284.55496193},"point_estimate":41570663.57640256,"standard_error":15618169.650691338}}