{"Mean":{"confidence_interval":{"confidence_level":0.95,"lower_bound":3876716.047723958,"upper_bound":4016291.2425275296},"point_estimate":3935513.0759226186,"standard_error":37627.61283426785},"Median":{"confidence_interval":{"confidence_level":0.95,"lower_bound":3883300.5984375,"upper_bound":3944252.3571428573},"point_estimate":3928650.025,"standard_error":23506.58124564557},"MedianAbsDev":{"confidence_interval":{"confidence_level":0.95,"lower_bound":9704.508522257594,"upper_bound":189305.36919609547},"point_estimate":50843.857249840956,"standard_error":60780.88252294566},"Slope":{"confidence_interval":{"confidence_level":0.95,"lower_bound":3785654.8252154626,"upper_bound":3924236.94389456},"point_estimate":3848938.3954545455,"standard_error":38724.29160861374},"StdDev":{"confidence_interval":{"confidence_level":0.95,"lower_bound":35632.74225186776,"upper_bound":171694.1193729606},"point_estimate":137953.8895402772,"standard_error":31005.353758067704}}