{"Mean":{"confidence_interval":{"confidence_level":0.95,"lower_bound":59808.112952523785,"upper_bound":62592.9352122514},"point_estimate":61071.389183960215,"standard_error":763.5032658126212},"Median":{"confidence_interval":{"confidence_level":0.95,"lower_bound":59251.98443579767,"upper_bound":62259.665722276266},"point_estimate":60865.93190661479,"standard_error":827.3384646197378},"MedianAbsDev":{"confidence_interval":{"confidence_level":0.95,"lower_bound":737.1940971150079,"upper_bound":4685.215045047942},"point_estimate":2434.792595684293,"standard_error":924.982313912598},"Slope":{"confidence_interval":{"confidence_level":0.95,"lower_bound":58643.79348141396,"upper_bound":61125.96598208164},"point_estimate":59895.65451513467,"standard_error":729.5369418809092},"StdDev":{"confidence_interval":{"confidence_level":0.95,"lower_bound":1404.28897394478,"upper_bound":3029.1696671868704},"point_estimate":2392.511407696403,"standard_error":507.34193330724673}}