{"Mean":{"confidence_interval":{"confidence_level":0.95,"lower_bound":382367201.1211458,"upper_bound":411662455.47106946},"point_estimate":394213856.7959127,"standard_error":8145862.947993426},"Median":{"confidence_interval":{"confidence_level":0.95,"lower_bound":381195001.3875,"upper_bound":403147912.4081944},"point_estimate":385049697.96428573,"standard_error":6961576.2354034055},"MedianAbsDev":{"confidence_interval":{"confidence_level":0.95,"lower_bound":2150731.2015556595,"upper_bound":29302829.52852791},"point_estimate":13696648.258245876,"standard_error":8532142.569686525},"Slope":{"confidence_interval":{"confidence_level":0.95,"lower_bound":378184434.27442825,"upper_bound":399269461.52394533},"point_estimate":393585379.52987015,"standard_error":5623171.480490638},"StdDev":{"confidence_interval":{"confidence_level":0.95,"lower_bound":8062373.94642216,"upper_bound":36633491.40731803},"point_estimate":25669448.906502716,"standard_error":9340603.857768763}}