{"Mean":{"confidence_interval":{"confidence_level":0.95,"lower_bound":-0.09812825900825876,"upper_bound":0.0646457486670094},"point_estimate":-0.0056714511278334045,"standard_error":0.04386724138836307},"Median":{"confidence_interval":{"confidence_level":0.95,"lower_bound":-0.11845816271441323,"upper_bound":0.12187383390304088},"point_estimate":0.019828209156225185,"standard_error":0.06268951683074682}}