{"Mean":{"confidence_interval":{"confidence_level":0.95,"lower_bound":303691.781378858,"upper_bound":325092.23341451725},"point_estimate":317632.13747574954,"standard_error":5717.209641072236},"Median":{"confidence_interval":{"confidence_level":0.95,"lower_bound":299206.24638310185,"upper_bound":323247.38172260806},"point_estimate":320956.555941358,"standard_error":6877.401266408988},"MedianAbsDev":{"confidence_interval":{"confidence_level":0.95,"lower_bound":1713.247928605782,"upper_bound":37608.90566229345},"point_estimate":20550.58787158922,"standard_error":10118.768636770496},"Slope":{"confidence_interval":{"confidence_level":0.95,"lower_bound":293201.2584406515,"upper_bound":324422.59910811816},"point_estimate":308207.4168831169,"standard_error":8129.947240019414},"StdDev":{"confidence_interval":{"confidence_level":0.95,"lower_bound":10923.683181353934,"upper_bound":25852.456180515626},"point_estimate":20489.24985655823,"standard_error":3385.335781535235}}