{"Mean":{"confidence_interval":{"confidence_level":0.95,"lower_bound":1001104651.7792559,"upper_bound":1082695997.621276},"point_estimate":1037070949.536746,"standard_error":23339304.219076592},"Median":{"confidence_interval":{"confidence_level":0.95,"lower_bound":991754892.075,"upper_bound":1101539085.2142859},"point_estimate":1037842439.0,"standard_error":32311130.809727423},"MedianAbsDev":{"confidence_interval":{"confidence_level":0.95,"lower_bound":16282348.734438142,"upper_bound":109568192.21551844},"point_estimate":79492426.52190234,"standard_error":26637779.881456472},"Slope":{"confidence_interval":{"confidence_level":0.95,"lower_bound":1012953990.5613115,"upper_bound":1072160633.8754826},"point_estimate":1039696077.6337662,"standard_error":16377502.253892083},"StdDev":{"confidence_interval":{"confidence_level":0.95,"lower_bound":38413303.340487964,"upper_bound":82915621.92833862},"point_estimate":69615666.93565345,"standard_error":13318576.141989997}}