{"Mean":{"confidence_interval":{"confidence_level":0.95,"lower_bound":32428730.26609722,"upper_bound":33510577.83006944},"point_estimate":33068101.604722224,"standard_error":312211.63677263376},"Median":{"confidence_interval":{"confidence_level":0.95,"lower_bound":32164560.4475,"upper_bound":33708758.16666667},"point_estimate":32919750.3125,"standard_error":572802.624798722},"MedianAbsDev":{"confidence_interval":{"confidence_level":0.95,"lower_bound":116796.09022745639,"upper_bound":1769137.4378268821},"point_estimate":1169548.865686359,"standard_error":456167.6107285908},"Slope":{"confidence_interval":{"confidence_level":0.95,"lower_bound":32233688.78638276,"upper_bound":33261335.200707834},"point_estimate":32672360.52207792,"standard_error":320322.8046031536},"StdDev":{"confidence_interval":{"confidence_level":0.95,"lower_bound":604314.9186979119,"upper_bound":1263135.3208955256},"point_estimate":1049626.4333908702,"standard_error":177792.86294257623}}