{"Mean":{"confidence_interval":{"confidence_level":0.95,"lower_bound":5339188.8347430555,"upper_bound":5466047.885842262},"point_estimate":5399109.290965608,"standard_error":36392.63875253489},"Median":{"confidence_interval":{"confidence_level":0.95,"lower_bound":5296321.713587963,"upper_bound":5488499.740833333},"point_estimate":5402135.243055556,"standard_error":44439.56724005662},"MedianAbsDev":{"confidence_interval":{"confidence_level":0.95,"lower_bound":30426.785525192274,"upper_bound":237967.20448523728},"point_estimate":104846.11712888768,"standard_error":57740.235151133114},"Slope":{"confidence_interval":{"confidence_level":0.95,"lower_bound":5281302.304428027,"upper_bound":5392881.277228244},"point_estimate":5326726.937662338,"standard_error":33718.16459408486},"StdDev":{"confidence_interval":{"confidence_level":0.95,"lower_bound":73108.39679067071,"upper_bound":157641.50770682457},"point_estimate":121571.7486305058,"standard_error":23171.883159920046}}