{"Mean":{"confidence_interval":{"confidence_level":0.95,"lower_bound":118890.99592255891,"upper_bound":124611.52849021467},"point_estimate":121018.81628367002,"standard_error":1593.3234882886522},"Median":{"confidence_interval":{"confidence_level":0.95,"lower_bound":117813.58321496211,"upper_bound":123877.52838383838},"point_estimate":118935.26742424243,"standard_error":1742.5865066723145},"MedianAbsDev":{"confidence_interval":{"confidence_level":0.95,"lower_bound":1190.0522985693185,"upper_bound":8058.102682698597},"point_estimate":2753.8016267794483,"standard_error":1687.7645095458506},"Slope":{"confidence_interval":{"confidence_level":0.95,"lower_bound":117598.06058414349,"upper_bound":119942.77000362582},"point_estimate":118282.91255411255,"standard_error":721.8341224420146},"StdDev":{"confidence_interval":{"confidence_level":0.95,"lower_bound":2070.7627527570003,"upper_bound":6727.051068456633},"point_estimate":5213.462560031134,"standard_error":1292.211467681891}}