{"Mean":{"confidence_interval":{"confidence_level":0.95,"lower_bound":959346278.6314583,"upper_bound":1019139676.0321428},"point_estimate":985407643.6471428,"standard_error":15693686.464144873},"Median":{"confidence_interval":{"confidence_level":0.95,"lower_bound":942493300.3275001,"upper_bound":994992858.1666667},"point_estimate":971831327.5,"standard_error":17141449.115151178},"MedianAbsDev":{"confidence_interval":{"confidence_level":0.95,"lower_bound":12167493.83578834,"upper_bound":97411802.40423368},"point_estimate":38600112.809031025,"standard_error":21808444.78413088},"Slope":{"confidence_interval":{"confidence_level":0.95,"lower_bound":943873974.7787203,"upper_bound":979204521.3590968},"point_estimate":959240506.3636364,"standard_error":10016292.324601796},"StdDev":{"confidence_interval":{"confidence_level":0.95,"lower_bound":22318495.0883733,"upper_bound":75078139.41650075},"point_estimate":58006947.81689929,"standard_error":13664128.017672604}}