{"Mean":{"confidence_interval":{"confidence_level":0.95,"lower_bound":26454.69810147971,"upper_bound":27329.470293677678},"point_estimate":26880.376457936964,"standard_error":223.0988154713483},"Median":{"confidence_interval":{"confidence_level":0.95,"lower_bound":25373.444364006864,"upper_bound":26182.9231016731},"point_estimate":25533.99210095263,"standard_error":205.3802833998105},"MedianAbsDev":{"confidence_interval":{"confidence_level":0.95,"lower_bound":419.3129824656202,"upper_bound":1621.2303022080828},"point_estimate":737.4471253680648,"standard_error":306.9884178143616},"Slope":{"confidence_interval":{"confidence_level":0.95,"lower_bound":25525.42721660445,"upper_bound":25988.81744975653},"point_estimate":25732.725790900993,"standard_error":118.16397727702173},"StdDev":{"confidence_interval":{"confidence_level":0.95,"lower_bound":1900.4428709058068,"upper_bound":2521.6231633528146},"point_estimate":2238.3750274676054,"standard_error":158.7413744791564}}