{"Mean":{"confidence_interval":{"confidence_level":0.95,"lower_bound":1208049.5972948715,"upper_bound":1306335.9732505342},"point_estimate":1252023.2983119658,"standard_error":26814.331431560782},"Median":{"confidence_interval":{"confidence_level":0.95,"lower_bound":1183118.2101923076,"upper_bound":1357895.2987980768},"point_estimate":1207960.9572649573,"standard_error":40498.94391048122},"MedianAbsDev":{"confidence_interval":{"confidence_level":0.95,"lower_bound":8656.113092361627,"upper_bound":137830.45611292424},"point_estimate":37037.64473886055,"standard_error":29643.12385445155},"Slope":{"confidence_interval":{"confidence_level":0.95,"lower_bound":1185285.1140611318,"upper_bound":1220207.7261183432},"point_estimate":1197774.2007992007,"standard_error":9148.796144197111},"StdDev":{"confidence_interval":{"confidence_level":0.95,"lower_bound":57130.77288518787,"upper_bound":105075.97600984921},"point_estimate":94472.40264278492,"standard_error":17343.2400619249}}