{"Mean":{"confidence_interval":{"confidence_level":0.95,"lower_bound":0.024055818711370025,"upper_bound":0.13737488796525948},"point_estimate":0.07846819135847949,"standard_error":0.03427334095653841},"Median":{"confidence_interval":{"confidence_level":0.95,"lower_bound":-0.011003356014361068,"upper_bound":0.20044910735909954},"point_estimate":0.06348426111177452,"standard_error":0.05864749193479182}}