{"Mean":{"confidence_interval":{"confidence_level":0.95,"lower_bound":0.01621583090642877,"upper_bound":0.15644413886411987},"point_estimate":0.08309295644909898,"standard_error":0.037379811226562074},"Median":{"confidence_interval":{"confidence_level":0.95,"lower_bound":-0.00540889097367638,"upper_bound":0.20692440725778244},"point_estimate":0.1251816211306942,"standard_error":0.05486960495248216}}