{"Mean":{"confidence_interval":{"confidence_level":0.95,"lower_bound":29298237.02950595,"upper_bound":31425299.580958333},"point_estimate":30162744.11880952,"standard_error":542197.0190243887},"Median":{"confidence_interval":{"confidence_level":0.95,"lower_bound":28823357.140625,"upper_bound":31676479.75},"point_estimate":29691027.666666664,"standard_error":655687.3296040064},"MedianAbsDev":{"confidence_interval":{"confidence_level":0.95,"lower_bound":327187.30514626444,"upper_bound":3693459.8496779837},"point_estimate":1199461.6174302958,"standard_error":853667.5682459732},"Slope":{"confidence_interval":{"confidence_level":0.95,"lower_bound":29397868.71018924,"upper_bound":32330728.013561644},"point_estimate":31447849.5974026,"standard_error":819365.2770392582},"StdDev":{"confidence_interval":{"confidence_level":0.95,"lower_bound":876693.540537083,"upper_bound":2555521.174715753},"point_estimate":1993116.1036660515,"standard_error":398125.43019590294}}