{"Mean":{"confidence_interval":{"confidence_level":0.95,"lower_bound":453710863.0192857,"upper_bound":462356824.59752977},"point_estimate":458422762.60317457,"standard_error":2565858.2594950073},"Median":{"confidence_interval":{"confidence_level":0.95,"lower_bound":450728124.7881944,"upper_bound":464352654.75},"point_estimate":454325408.94642854,"standard_error":4327398.882031199},"MedianAbsDev":{"confidence_interval":{"confidence_level":0.95,"lower_bound":2626702.8632773287,"upper_bound":16494262.025437457},"point_estimate":8862748.49775471,"standard_error":3686925.731281177},"Slope":{"confidence_interval":{"confidence_level":0.95,"lower_bound":451528931.56009597,"upper_bound":456856209.9352645},"point_estimate":453198035.9194805,"standard_error":1373474.2715853574},"StdDev":{"confidence_interval":{"confidence_level":0.95,"lower_bound":5818331.82605048,"upper_bound":13526094.42698764},"point_estimate":10879068.188038195,"standard_error":2377057.84089064}}