{"Mean":{"confidence_interval":{"confidence_level":0.95,"lower_bound":-0.5202404469059013,"upper_bound":-0.4988257030111159},"point_estimate":-0.5095682963423828,"standard_error":0.005428305765171872},"Median":{"confidence_interval":{"confidence_level":0.95,"lower_bound":-0.5247783946014309,"upper_bound":-0.5102370377973791},"point_estimate":-0.5175507102722763,"standard_error":0.0036380391666061547}}