{"Mean":{"confidence_interval":{"confidence_level":0.95,"lower_bound":28439413.915261906,"upper_bound":31837028.57260714},"point_estimate":30143891.42531746,"standard_error":969736.3899373459},"Median":{"confidence_interval":{"confidence_level":0.95,"lower_bound":27998244.590625,"upper_bound":31568536.0},"point_estimate":28801434.733333334,"standard_error":941610.7874240513},"MedianAbsDev":{"confidence_interval":{"confidence_level":0.95,"lower_bound":162373.9414022871,"upper_bound":4388150.688183001},"point_estimate":1205397.517064919,"standard_error":1076842.763832441},"Slope":{"confidence_interval":{"confidence_level":0.95,"lower_bound":28321631.71927038,"upper_bound":33564715.9376117},"point_estimate":31475558.584415585,"standard_error":1361210.6520277064},"StdDev":{"confidence_interval":{"confidence_level":0.95,"lower_bound":552122.9171154608,"upper_bound":3545968.435172999},"point_estimate":2842135.5363797494,"standard_error":856897.5062989678}}