{"Mean":{"confidence_interval":{"confidence_level":0.95,"lower_bound":8020223.063998678,"upper_bound":8540974.57061111},"point_estimate":8272064.4857804235,"standard_error":132984.74502387655},"Median":{"confidence_interval":{"confidence_level":0.95,"lower_bound":7783571.831646825,"upper_bound":8561108.0},"point_estimate":8320153.814814814,"standard_error":210338.1980843648},"MedianAbsDev":{"confidence_interval":{"confidence_level":0.95,"lower_bound":160012.73049913748,"upper_bound":931533.688501971},"point_estimate":679322.6432407227,"standard_error":224237.12278336435},"Slope":{"confidence_interval":{"confidence_level":0.95,"lower_bound":8120797.219122655,"upper_bound":8689737.919081077},"point_estimate":8401633.655411255,"standard_error":181844.65468169953},"StdDev":{"confidence_interval":{"confidence_level":0.95,"lower_bound":320569.34445279517,"upper_bound":591803.7514454789},"point_estimate":497376.96769171976,"standard_error":75366.0339204537}}