{"Mean":{"confidence_interval":{"confidence_level":0.95,"lower_bound":9008001.7451875,"upper_bound":9791782.393571429},"point_estimate":9434231.866428573,"standard_error":202889.24167516248},"Median":{"confidence_interval":{"confidence_level":0.95,"lower_bound":8857605.266666666,"upper_bound":9936128.80625},"point_estimate":9478652.857142858,"standard_error":293395.10913588357},"MedianAbsDev":{"confidence_interval":{"confidence_level":0.95,"lower_bound":167715.6077971403,"upper_bound":949715.8950714234},"point_estimate":664414.0510167922,"standard_error":210963.53379596467},"Slope":{"confidence_interval":{"confidence_level":0.95,"lower_bound":9148486.534953715,"upper_bound":9764744.670716282},"point_estimate":9493266.816883117,"standard_error":168016.17831160425},"StdDev":{"confidence_interval":{"confidence_level":0.95,"lower_bound":365161.68676376075,"upper_bound":702693.7352625838},"point_estimate":604944.7349474374,"standard_error":93122.81165918193}}