{"Mean":{"confidence_interval":{"confidence_level":0.95,"lower_bound":33455018.458644845,"upper_bound":35834360.23826389},"point_estimate":34773417.899365075,"standard_error":706818.0642744226},"Median":{"confidence_interval":{"confidence_level":0.95,"lower_bound":32807093.501071427,"upper_bound":34936846.44444445},"point_estimate":33959830.0,"standard_error":799479.1699224936},"MedianAbsDev":{"confidence_interval":{"confidence_level":0.95,"lower_bound":287827.22445404157,"upper_bound":2445752.6623392086},"point_estimate":1698902.0647684606,"standard_error":639624.2196680568},"Slope":{"confidence_interval":{"confidence_level":0.95,"lower_bound":33574968.49049461,"upper_bound":37540698.03789308},"point_estimate":34950118.90649351,"standard_error":1149939.8972889953},"StdDev":{"confidence_interval":{"confidence_level":0.95,"lower_bound":1116527.1888695627,"upper_bound":2992481.855232509},"point_estimate":2514640.726242239,"standard_error":543465.0457864401}}