{"Mean":{"confidence_interval":{"confidence_level":0.95,"lower_bound":9951.007065688897,"upper_bound":11255.711770286938},"point_estimate":10505.569921355196,"standard_error":312.25156210710367},"Median":{"confidence_interval":{"confidence_level":0.95,"lower_bound":9758.502836074873,"upper_bound":11202.573567782189},"point_estimate":10045.651068254869,"standard_error":379.8164796610987},"MedianAbsDev":{"confidence_interval":{"confidence_level":0.95,"lower_bound":13.219779685891886,"upper_bound":1805.5200310312612},"point_estimate":438.94574115780705,"standard_error":407.96653781501243},"Slope":{"confidence_interval":{"confidence_level":0.95,"lower_bound":10295.42091634158,"upper_bound":11695.380565481013},"point_estimate":11092.522637770624,"standard_error":352.84537082579914},"StdDev":{"confidence_interval":{"confidence_level":0.95,"lower_bound":279.60689123769566,"upper_bound":1293.7190497059648},"point_estimate":962.7313924866801,"standard_error":266.9320411902151}}