{"Mean":{"confidence_interval":{"confidence_level":0.95,"lower_bound":3701.9252425178665,"upper_bound":3840.115191663905},"point_estimate":3767.101720141641,"standard_error":35.322569490575916},"Median":{"confidence_interval":{"confidence_level":0.95,"lower_bound":3631.058004113883,"upper_bound":3676.260485347985},"point_estimate":3654.0161825853,"standard_error":10.221464140132332},"MedianAbsDev":{"confidence_interval":{"confidence_level":0.95,"lower_bound":72.63305972109919,"upper_bound":180.8748208272916},"point_estimate":127.8196631406665,"standard_error":28.00057851594286},"Slope":{"confidence_interval":{"confidence_level":0.95,"lower_bound":3731.610648205154,"upper_bound":3894.8526408977477},"point_estimate":3808.1146430641916,"standard_error":41.670508682309226},"StdDev":{"confidence_interval":{"confidence_level":0.95,"lower_bound":257.4919208514863,"upper_bound":436.79682385609726},"point_estimate":353.63411931781485,"standard_error":45.90227227419273}}