{"Mean":{"confidence_interval":{"confidence_level":0.95,"lower_bound":12180174.55514881,"upper_bound":12933542.047356151},"point_estimate":12569751.973373016,"standard_error":205293.78711762265},"Median":{"confidence_interval":{"confidence_level":0.95,"lower_bound":11885123.5,"upper_bound":13041873.469930556},"point_estimate":12530694.669642858,"standard_error":287833.83836499264},"MedianAbsDev":{"confidence_interval":{"confidence_level":0.95,"lower_bound":183100.807399623,"upper_bound":1017516.006297563},"point_estimate":797374.9362879313,"standard_error":253723.7625090761},"Slope":{"confidence_interval":{"confidence_level":0.95,"lower_bound":12586342.104921794,"upper_bound":13390266.156109376},"point_estimate":13013673.354545455,"standard_error":220802.79763701017},"StdDev":{"confidence_interval":{"confidence_level":0.95,"lower_bound":443909.84652324615,"upper_bound":802735.3750014829},"point_estimate":665522.3186128325,"standard_error":104494.26682568826}}