{"Mean":{"confidence_interval":{"confidence_level":0.95,"lower_bound":32326.987561332895,"upper_bound":33006.04136112074},"point_estimate":32648.806790007904,"standard_error":173.3257252575229},"Median":{"confidence_interval":{"confidence_level":0.95,"lower_bound":31984.25138888889,"upper_bound":32365.655263157896},"point_estimate":32146.288627693575,"standard_error":116.09269853849939},"MedianAbsDev":{"confidence_interval":{"confidence_level":0.95,"lower_bound":688.4206874151866,"upper_bound":1415.4682961431438},"point_estimate":1004.1937495434457,"standard_error":197.25053888801787},"Slope":{"confidence_interval":{"confidence_level":0.95,"lower_bound":31944.137805651262,"upper_bound":32388.849938377953},"point_estimate":32163.8023118073,"standard_error":113.37133433757879},"StdDev":{"confidence_interval":{"confidence_level":0.95,"lower_bound":1318.6068374922916,"upper_bound":2127.3460455489285},"point_estimate":1745.3617428718499,"standard_error":206.70496078998127}}