{"Mean":{"confidence_interval":{"confidence_level":0.95,"lower_bound":31862.319166872065,"upper_bound":34881.04786346906},"point_estimate":33115.294293026396,"standard_error":741.1013121084723},"Median":{"confidence_interval":{"confidence_level":0.95,"lower_bound":31626.206147342993,"upper_bound":35159.954796411315},"point_estimate":32153.967828387395,"standard_error":870.0713458338571},"MedianAbsDev":{"confidence_interval":{"confidence_level":0.95,"lower_bound":301.68676465330367,"upper_bound":3426.898070079788},"point_estimate":991.8392383695941,"standard_error":820.7178218981045},"Slope":{"confidence_interval":{"confidence_level":0.95,"lower_bound":31806.111940253373,"upper_bound":32434.959674112117},"point_estimate":32141.06829609314,"standard_error":177.01687261786103},"StdDev":{"confidence_interval":{"confidence_level":0.95,"lower_bound":503.4089049931897,"upper_bound":2895.5337024759538},"point_estimate":2340.3764594102063,"standard_error":705.4329318611735}}