{"Mean":{"confidence_interval":{"confidence_level":0.95,"lower_bound":402888.06323178206,"upper_bound":441733.6740898268},"point_estimate":425551.37618867244,"standard_error":11065.325474265417},"Median":{"confidence_interval":{"confidence_level":0.95,"lower_bound":400702.282987013,"upper_bound":439838.0378787879},"point_estimate":422095.25795454544,"standard_error":10769.899012335196},"MedianAbsDev":{"confidence_interval":{"confidence_level":0.95,"lower_bound":6653.216619364768,"upper_bound":43430.472405872664},"point_estimate":27646.197350091003,"standard_error":11609.569967769918},"Slope":{"confidence_interval":{"confidence_level":0.95,"lower_bound":388761.78617899754,"upper_bound":425165.6519888165},"point_estimate":404540.4303423849,"standard_error":10276.84971363859},"StdDev":{"confidence_interval":{"confidence_level":0.95,"lower_bound":16608.508365332884,"upper_bound":53217.9170380882},"point_estimate":37620.31587166172,"standard_error":10313.253115111927}}