{"Mean":{"confidence_interval":{"confidence_level":0.95,"lower_bound":0.00762968913624177,"upper_bound":0.09156406725637035},"point_estimate":0.0357514046049352,"standard_error":0.02421691378252672},"Median":{"confidence_interval":{"confidence_level":0.95,"lower_bound":-0.009286669221983663,"upper_bound":0.12477986917030941},"point_estimate":0.020257872788340237,"standard_error":0.04193445483902065}}