{"Mean":{"confidence_interval":{"confidence_level":0.95,"lower_bound":0.006356647269733029,"upper_bound":0.03409905910219166},"point_estimate":0.013129589397467667,"standard_error":0.008526370501311286},"Median":{"confidence_interval":{"confidence_level":0.95,"lower_bound":0.0006477228765917522,"upper_bound":0.0336387493872328},"point_estimate":0.0052787989963478665,"standard_error":0.009423386646961091}}