{"Mean":{"confidence_interval":{"confidence_level":0.95,"lower_bound":395867.7877104167,"upper_bound":413847.2736747024},"point_estimate":404137.0498630952,"standard_error":4887.591503899504},"Median":{"confidence_interval":{"confidence_level":0.95,"lower_bound":390947.755,"upper_bound":416082.734828125},"point_estimate":396082.978125,"standard_error":6909.979153299258},"MedianAbsDev":{"confidence_interval":{"confidence_level":0.95,"lower_bound":1722.0890246768308,"upper_bound":25054.019058702303},"point_estimate":9900.30171723448,"standard_error":6741.227960135825},"Slope":{"confidence_interval":{"confidence_level":0.95,"lower_bound":394391.025821172,"upper_bound":407156.77892361686},"point_estimate":400676.3818831169,"standard_error":3976.224310267433},"StdDev":{"confidence_interval":{"confidence_level":0.95,"lower_bound":7916.469763569679,"upper_bound":22094.468713094717},"point_estimate":18349.54295936776,"standard_error":3716.341365680865}}