{"Mean":{"confidence_interval":{"confidence_level":0.95,"lower_bound":6337437.12303836,"upper_bound":7210833.821588293},"point_estimate":6813592.648955027,"standard_error":238546.52126385737},"Median":{"confidence_interval":{"confidence_level":0.95,"lower_bound":6179177.321567461,"upper_bound":7447225.666666667},"point_estimate":6605621.744444445,"standard_error":431394.5565069603},"MedianAbsDev":{"confidence_interval":{"confidence_level":0.95,"lower_bound":119364.05592836454,"upper_bound":1094168.550290875},"point_estimate":956868.3086088584,"standard_error":298405.34494570654},"Slope":{"confidence_interval":{"confidence_level":0.95,"lower_bound":6231374.858515217,"upper_bound":6899750.788223662},"point_estimate":6587592.616450217,"standard_error":209242.52587113073},"StdDev":{"confidence_interval":{"confidence_level":0.95,"lower_bound":348858.51395009225,"upper_bound":856987.1407613638},"point_estimate":706111.4449186774,"standard_error":122661.53336979692}}