{"Mean":{"confidence_interval":{"confidence_level":0.95,"lower_bound":-0.017256036877477544,"upper_bound":0.02372742932955723},"point_estimate":0.0022727654582119783,"standard_error":0.011055564380188792},"Median":{"confidence_interval":{"confidence_level":0.95,"lower_bound":-0.030368848924353826,"upper_bound":-0.0013511607390985366},"point_estimate":-0.0127135183169782,"standard_error":0.00815138941837269}}