{"Mean":{"confidence_interval":{"confidence_level":0.95,"lower_bound":1192878.9287163464,"upper_bound":1351422.0437932692},"point_estimate":1275243.831370574,"standard_error":41423.77419468105},"Median":{"confidence_interval":{"confidence_level":0.95,"lower_bound":1147042.8942307692,"upper_bound":1374091.9487179487},"point_estimate":1259288.4905982907,"standard_error":66488.42334984735},"MedianAbsDev":{"confidence_interval":{"confidence_level":0.95,"lower_bound":14500.433933512897,"upper_bound":217049.81960541737},"point_estimate":168311.4611032204,"standard_error":56489.01475610722},"Slope":{"confidence_interval":{"confidence_level":0.95,"lower_bound":1145475.163763582,"upper_bound":1265481.6443290135},"point_estimate":1193303.2195804196,"standard_error":32903.87665088495},"StdDev":{"confidence_interval":{"confidence_level":0.95,"lower_bound":88327.78025917865,"upper_bound":165806.60649098273},"point_estimate":139287.44721633033,"standard_error":24349.560329774566}}