{"Mean":{"confidence_interval":{"confidence_level":0.95,"lower_bound":1274728.3975613555,"upper_bound":1379771.137013126},"point_estimate":1323630.439126984,"standard_error":26522.696490957365},"Median":{"confidence_interval":{"confidence_level":0.95,"lower_bound":1234875.5289262822,"upper_bound":1409837.8107692308},"point_estimate":1322570.2197802197,"standard_error":52919.03352946456},"MedianAbsDev":{"confidence_interval":{"confidence_level":0.95,"lower_bound":25862.723907838426,"upper_bound":140435.12430254722},"point_estimate":132029.05358293888,"standard_error":37755.75147333413},"Slope":{"confidence_interval":{"confidence_level":0.95,"lower_bound":1276259.020313463,"upper_bound":1394057.2537077575},"point_estimate":1355533.8301698302,"standard_error":31813.43614524595},"StdDev":{"confidence_interval":{"confidence_level":0.95,"lower_bound":59624.38340083458,"upper_bound":99291.14316487544},"point_estimate":88655.57149506736,"standard_error":10875.038992507965}}