{"Mean":{"confidence_interval":{"confidence_level":0.95,"lower_bound":-0.1270951887266115,"upper_bound":0.06122582944318195},"point_estimate":-0.017672198870220646,"standard_error":0.05146009877994777},"Median":{"confidence_interval":{"confidence_level":0.95,"lower_bound":-0.1890321194968871,"upper_bound":0.11794900749345394},"point_estimate":-0.00988829798161861,"standard_error":0.07929996540146611}}