{"Mean":{"confidence_interval":{"confidence_level":0.95,"lower_bound":101521.85347925684,"upper_bound":105810.23694185478},"point_estimate":103648.6881125026,"standard_error":1168.0366544296155},"Median":{"confidence_interval":{"confidence_level":0.95,"lower_bound":101280.25568181818,"upper_bound":106482.66314935064},"point_estimate":103174.66883116883,"standard_error":1715.6929363904835},"MedianAbsDev":{"confidence_interval":{"confidence_level":0.95,"lower_bound":807.1968623739451,"upper_bound":6886.161080564387},"point_estimate":4904.432289065282,"standard_error":1673.3624692073925},"Slope":{"confidence_interval":{"confidence_level":0.95,"lower_bound":99312.997565846,"upper_bound":104034.87642968303},"point_estimate":101647.15601281835,"standard_error":1418.2413928830244},"StdDev":{"confidence_interval":{"confidence_level":0.95,"lower_bound":2452.53894101632,"upper_bound":4813.843526279851},"point_estimate":3933.7951026384867,"standard_error":667.1038065876271}}