{"Mean":{"confidence_interval":{"confidence_level":0.95,"lower_bound":109221.10329199737,"upper_bound":116636.85239900032},"point_estimate":113687.9516366504,"standard_error":2063.9743837300043},"Median":{"confidence_interval":{"confidence_level":0.95,"lower_bound":109390.5230212785,"upper_bound":117844.09305555555},"point_estimate":115785.6945970696,"standard_error":2202.3548456901103},"MedianAbsDev":{"confidence_interval":{"confidence_level":0.95,"lower_bound":748.233388696972,"upper_bound":8771.626220230044},"point_estimate":3371.416274119753,"standard_error":2459.7182974253788},"Slope":{"confidence_interval":{"confidence_level":0.95,"lower_bound":104714.36215965834,"upper_bound":116440.89177257525},"point_estimate":109014.69385614386,"standard_error":3574.590262708237},"StdDev":{"confidence_interval":{"confidence_level":0.95,"lower_bound":2232.4920561086074,"upper_bound":8831.639566179718},"point_estimate":6799.892464009978,"standard_error":1640.2401451443625}}