{"Mean":{"confidence_interval":{"confidence_level":0.95,"lower_bound":491500.2978021763,"upper_bound":515643.72892482026},"point_estimate":502080.93726810516,"standard_error":6867.987979384834},"Median":{"confidence_interval":{"confidence_level":0.95,"lower_bound":491814.646875,"upper_bound":505284.8541666667},"point_estimate":494770.599609375,"standard_error":4140.832894926535},"MedianAbsDev":{"confidence_interval":{"confidence_level":0.95,"lower_bound":2918.9088519289458,"upper_bound":18580.12868258012},"point_estimate":11229.285558452815,"standard_error":5189.5325490868645},"Slope":{"confidence_interval":{"confidence_level":0.95,"lower_bound":486538.8314554738,"upper_bound":499579.10269626434},"point_estimate":492228.79107142857,"standard_error":3352.197256613674},"StdDev":{"confidence_interval":{"confidence_level":0.95,"lower_bound":6407.309048661379,"upper_bound":33273.69104141918},"point_estimate":22713.34467021391,"standard_error":8917.54322946783}}