{"Mean":{"confidence_interval":{"confidence_level":0.95,"lower_bound":-0.046342875399129305,"upper_bound":0.08325406375640972},"point_estimate":0.03754363149968998,"standard_error":0.03704021007957944},"Median":{"confidence_interval":{"confidence_level":0.95,"lower_bound":-0.06518425564478521,"upper_bound":0.1660024796665565},"point_estimate":0.01640481581097797,"standard_error":0.06819347743513025}}