{"Mean":{"confidence_interval":{"confidence_level":0.95,"lower_bound":-0.07056835894784502,"upper_bound":0.03188730510180941},"point_estimate":-0.028360301771135354,"standard_error":0.026506260332491993},"Median":{"confidence_interval":{"confidence_level":0.95,"lower_bound":-0.0723271233136799,"upper_bound":0.0387554926540426},"point_estimate":0.00919054053854862,"standard_error":0.030747576982425036}}