{"Mean":{"confidence_interval":{"confidence_level":0.95,"lower_bound":176253.69659588407,"upper_bound":190623.62582092104},"point_estimate":184520.10673495755,"standard_error":3941.976574117867},"Median":{"confidence_interval":{"confidence_level":0.95,"lower_bound":173131.53372093022,"upper_bound":185203.57945736434},"point_estimate":178639.69833887042,"standard_error":3052.702633966219},"MedianAbsDev":{"confidence_interval":{"confidence_level":0.95,"lower_bound":352.296443196079,"upper_bound":17668.737442477075},"point_estimate":8356.537724703807,"standard_error":3849.2307831797366},"Slope":{"confidence_interval":{"confidence_level":0.95,"lower_bound":174213.2018839675,"upper_bound":181608.2236629277},"point_estimate":176574.59640591967,"standard_error":2150.71210957161},"StdDev":{"confidence_interval":{"confidence_level":0.95,"lower_bound":3344.4829796161166,"upper_bound":18371.818853367968},"point_estimate":15083.003199864124,"standard_error":3974.0241427218575}}