{"Mean":{"confidence_interval":{"confidence_level":0.95,"lower_bound":4143611.2577864584,"upper_bound":4494429.701694197},"point_estimate":4281079.011200397,"standard_error":102314.49203658287},"Median":{"confidence_interval":{"confidence_level":0.95,"lower_bound":4138759.303125,"upper_bound":4622425.553125},"point_estimate":4163503.478571429,"standard_error":124790.2717775339},"MedianAbsDev":{"confidence_interval":{"confidence_level":0.95,"lower_bound":14833.932308520156,"upper_bound":441079.70504097285},"point_estimate":75343.23907072353,"standard_error":113148.81554142188},"Slope":{"confidence_interval":{"confidence_level":0.95,"lower_bound":4126709.637065076,"upper_bound":4192192.6789938537},"point_estimate":4154789.3025974026,"standard_error":17158.134492517533},"StdDev":{"confidence_interval":{"confidence_level":0.95,"lower_bound":28109.54216695514,"upper_bound":353115.7416133426},"point_estimate":265233.5541179803,"standard_error":90739.5023409597}}