{"Mean":{"confidence_interval":{"confidence_level":0.95,"lower_bound":370427.5034850564,"upper_bound":375960.1606867066},"point_estimate":373082.1207629706,"standard_error":1416.4416050852353},"Median":{"confidence_interval":{"confidence_level":0.95,"lower_bound":368287.5148827124,"upper_bound":371849.8075117371},"point_estimate":369915.46415981196,"standard_error":964.5078602357064},"MedianAbsDev":{"confidence_interval":{"confidence_level":0.95,"lower_bound":5928.455923748804,"upper_bound":10064.400017169122},"point_estimate":8036.061466910342,"standard_error":1075.3938891246114},"Slope":{"confidence_interval":{"confidence_level":0.95,"lower_bound":365130.48638148804,"upper_bound":370368.77009193617},"point_estimate":367554.37322989013,"standard_error":1338.611390420635},"StdDev":{"confidence_interval":{"confidence_level":0.95,"lower_bound":10700.290591446636,"upper_bound":17268.78377652215},"point_estimate":14212.87502639046,"standard_error":1676.047516287651}}