{"Mean":{"confidence_interval":{"confidence_level":0.95,"lower_bound":9517.698516609258,"upper_bound":10214.058011888872},"point_estimate":9848.411050480721,"standard_error":177.78022661337127},"Median":{"confidence_interval":{"confidence_level":0.95,"lower_bound":8791.599903474904,"upper_bound":9961.833485060692},"point_estimate":9014.170702561329,"standard_error":308.18136471123427},"MedianAbsDev":{"confidence_interval":{"confidence_level":0.95,"lower_bound":537.0899882887704,"upper_bound":1786.1304300078368},"point_estimate":891.4098788082204,"standard_error":332.95995536935715},"Slope":{"confidence_interval":{"confidence_level":0.95,"lower_bound":8746.914101532233,"upper_bound":9126.483493540407},"point_estimate":8918.451906415588,"standard_error":97.77913361556213},"StdDev":{"confidence_interval":{"confidence_level":0.95,"lower_bound":1330.3701074873313,"upper_bound":2190.2557842027577},"point_estimate":1786.5530728675644,"standard_error":219.86629404391633}}