{"Mean":{"confidence_interval":{"confidence_level":0.95,"lower_bound":3095.672941347718,"upper_bound":3481.6031628621968},"point_estimate":3268.0630801275697,"standard_error":99.31008612885182},"Median":{"confidence_interval":{"confidence_level":0.95,"lower_bound":2981.89855366712,"upper_bound":3135.2424141933343},"point_estimate":3071.9448246028,"standard_error":44.869512276724045},"MedianAbsDev":{"confidence_interval":{"confidence_level":0.95,"lower_bound":285.968372914238,"upper_bound":506.94788725468976},"point_estimate":402.610064032417,"standard_error":54.238332756614064},"Slope":{"confidence_interval":{"confidence_level":0.95,"lower_bound":2913.3740268811043,"upper_bound":3108.2273999117115},"point_estimate":3003.1428323758114,"standard_error":49.682508607320194},"StdDev":{"confidence_interval":{"confidence_level":0.95,"lower_bound":493.59754130769187,"upper_bound":1442.594338457504},"point_estimate":994.9341176543745,"standard_error":248.70943664370634}}