{"Mean":{"confidence_interval":{"confidence_level":0.95,"lower_bound":-0.05295890816689723,"upper_bound":0.05109963225325484},"point_estimate":-0.0028732920290596153,"standard_error":0.02602977518179919},"Median":{"confidence_interval":{"confidence_level":0.95,"lower_bound":-0.0911650131401939,"upper_bound":0.08026046278014234},"point_estimate":-0.02722433956904846,"standard_error":0.044558926889517306}}