{"Mean":{"confidence_interval":{"confidence_level":0.95,"lower_bound":4785300.360217013,"upper_bound":5046525.320225694},"point_estimate":4919209.632450397,"standard_error":68097.23670272875},"Median":{"confidence_interval":{"confidence_level":0.95,"lower_bound":4790911.75,"upper_bound":5090734.1953125},"point_estimate":4873474.958333334,"standard_error":82458.65427996055},"MedianAbsDev":{"confidence_interval":{"confidence_level":0.95,"lower_bound":23781.698048415314,"upper_bound":339623.0251780917},"point_estimate":190130.43526513595,"standard_error":111084.24183150081},"Slope":{"confidence_interval":{"confidence_level":0.95,"lower_bound":4745821.6024678275,"upper_bound":4974910.571435032},"point_estimate":4851604.298051948,"standard_error":60109.67564581387},"StdDev":{"confidence_interval":{"confidence_level":0.95,"lower_bound":94714.50164186965,"upper_bound":251689.6526219281},"point_estimate":205519.97461448685,"standard_error":40003.62620564673}}