{"Mean":{"confidence_interval":{"confidence_level":0.95,"lower_bound":0.059124056315925724,"upper_bound":0.14339055685866348},"point_estimate":0.09915781439391824,"standard_error":0.022674584373054776},"Median":{"confidence_interval":{"confidence_level":0.95,"lower_bound":0.06358588965145517,"upper_bound":0.20608837269899988},"point_estimate":0.16203501672089016,"standard_error":0.041624520631098866}}