{"Mean":{"confidence_interval":{"confidence_level":0.95,"lower_bound":21984.16980565262,"upper_bound":24119.588115775947},"point_estimate":22900.65878314491,"standard_error":562.6491623353313},"Median":{"confidence_interval":{"confidence_level":0.95,"lower_bound":21780.555395683452,"upper_bound":24232.732523980816},"point_estimate":22203.716289825283,"standard_error":532.4993673537136},"MedianAbsDev":{"confidence_interval":{"confidence_level":0.95,"lower_bound":107.99811072294034,"upper_bound":3077.2722760761303},"point_estimate":633.2870424979171,"standard_error":669.2769670106012},"Slope":{"confidence_interval":{"confidence_level":0.95,"lower_bound":21836.86106930903,"upper_bound":22505.38724337445},"point_estimate":22049.704374474448,"standard_error":203.55213745137095},"StdDev":{"confidence_interval":{"confidence_level":0.95,"lower_bound":306.0257404802631,"upper_bound":2263.708692099074},"point_estimate":1726.47819534542,"standard_error":537.0459843795286}}