{"Mean":{"confidence_interval":{"confidence_level":0.95,"lower_bound":6305441.001172619,"upper_bound":6727290.677536376},"point_estimate":6587170.519708994,"standard_error":114534.15810743737},"Median":{"confidence_interval":{"confidence_level":0.95,"lower_bound":6530090.413743386,"upper_bound":6791136.728125},"point_estimate":6687114.016666667,"standard_error":114474.13620959739},"MedianAbsDev":{"confidence_interval":{"confidence_level":0.95,"lower_bound":31944.308553084164,"upper_bound":364942.78563502664},"point_estimate":154824.36936631807,"standard_error":93815.47403321216},"Slope":{"confidence_interval":{"confidence_level":0.95,"lower_bound":6022359.596335954,"upper_bound":6725635.925217701},"point_estimate":6385986.7238095235,"standard_error":213829.28972324336},"StdDev":{"confidence_interval":{"confidence_level":0.95,"lower_bound":79799.80294474516,"upper_bound":492041.4074870804},"point_estimate":332046.5813446568,"standard_error":135876.67613245852}}