{"Mean":{"confidence_interval":{"confidence_level":0.95,"lower_bound":10820.04915479299,"upper_bound":11562.7550768241},"point_estimate":11167.425546202587,"standard_error":219.03370216545378},"Median":{"confidence_interval":{"confidence_level":0.95,"lower_bound":10675.17697547684,"upper_bound":11878.117455722071},"point_estimate":10893.214076218588,"standard_error":383.24039261079355},"MedianAbsDev":{"confidence_interval":{"confidence_level":0.95,"lower_bound":83.49138426205553,"upper_bound":955.4137785578553},"point_estimate":735.1468939648827,"standard_error":295.26893063497454},"Slope":{"confidence_interval":{"confidence_level":0.95,"lower_bound":10563.70750260902,"upper_bound":11028.584908908575},"point_estimate":10790.60040518065,"standard_error":121.38977281548237},"StdDev":{"confidence_interval":{"confidence_level":0.95,"lower_bound":396.21753261705385,"upper_bound":768.3094919666893},"point_estimate":678.6219241440814,"standard_error":105.34344647733596}}