{"Mean":{"confidence_interval":{"confidence_level":0.95,"lower_bound":72825.59803644776,"upper_bound":76087.78058481438},"point_estimate":74344.85907225608,"standard_error":926.759121553805},"Median":{"confidence_interval":{"confidence_level":0.95,"lower_bound":72844.23873815166,"upper_bound":75155.71721958926},"point_estimate":73859.91807718348,"standard_error":598.821032049491},"MedianAbsDev":{"confidence_interval":{"confidence_level":0.95,"lower_bound":559.6721258744552,"upper_bound":4584.628890355677},"point_estimate":1217.7520139097978,"standard_error":1101.0776451724967},"Slope":{"confidence_interval":{"confidence_level":0.95,"lower_bound":72720.58102861811,"upper_bound":74901.59762233413},"point_estimate":73701.78520342217,"standard_error":628.1626775717754},"StdDev":{"confidence_interval":{"confidence_level":0.95,"lower_bound":1657.8811665613862,"upper_bound":4001.424753388854},"point_estimate":2692.070665345807,"standard_error":715.1364211031846}}