{"Mean":{"confidence_interval":{"confidence_level":0.95,"lower_bound":358828.8744052129,"upper_bound":378372.96529108036},"point_estimate":365827.6484487734,"standard_error":5793.4028571011595},"Median":{"confidence_interval":{"confidence_level":0.95,"lower_bound":351127.7443181818,"upper_bound":373645.3124391234},"point_estimate":355156.24715909094,"standard_error":6467.735714197578},"MedianAbsDev":{"confidence_interval":{"confidence_level":0.95,"lower_bound":2909.5375545101724,"upper_bound":31244.304985870855},"point_estimate":6945.299479726619,"standard_error":7692.03119738799},"Slope":{"confidence_interval":{"confidence_level":0.95,"lower_bound":352998.78489045944,"upper_bound":359511.10126305325},"point_estimate":355616.30401416763,"standard_error":1587.1340394610484},"StdDev":{"confidence_interval":{"confidence_level":0.95,"lower_bound":10409.350076637511,"upper_bound":28704.678982922123},"point_estimate":22382.22761244047,"standard_error":4595.935115413222}}