{"Mean":{"confidence_interval":{"confidence_level":0.95,"lower_bound":0.06093396561310101,"upper_bound":0.1748768200827182},"point_estimate":0.11537355315154185,"standard_error":0.03273364701995645},"Median":{"confidence_interval":{"confidence_level":0.95,"lower_bound":0.029325705874468033,"upper_bound":0.23431660436576046},"point_estimate":0.1742746183988193,"standard_error":0.054715485398426904}}