{"Mean":{"confidence_interval":{"confidence_level":0.95,"lower_bound":0.019601193962323883,"upper_bound":0.10384976981631114},"point_estimate":0.05718959705259641,"standard_error":0.021168888273470975},"Median":{"confidence_interval":{"confidence_level":0.95,"lower_bound":0.002200739091149151,"upper_bound":0.02272427332477167},"point_estimate":0.00927876010431361,"standard_error":0.004579790803034553}}