{"Mean":{"confidence_interval":{"confidence_level":0.95,"lower_bound":3997.172478245281,"upper_bound":4254.169493708365},"point_estimate":4108.940463091468,"standard_error":64.10308685477354},"Median":{"confidence_interval":{"confidence_level":0.95,"lower_bound":3965.2523364187537,"upper_bound":4324.718947898676},"point_estimate":4031.8349309153714,"standard_error":114.52530598367409},"MedianAbsDev":{"confidence_interval":{"confidence_level":0.95,"lower_bound":28.969526403177824,"upper_bound":304.6572998313073},"point_estimate":168.29774606724152,"standard_error":77.20114159319273},"Slope":{"confidence_interval":{"confidence_level":0.95,"lower_bound":3955.577969443013,"upper_bound":4102.448146104657},"point_estimate":4012.2511400085236,"standard_error":36.01022380930467},"StdDev":{"confidence_interval":{"confidence_level":0.95,"lower_bound":112.27688843039884,"upper_bound":218.99621407746142},"point_estimate":187.1347651897557,"standard_error":30.1233848669839}}