{"Mean":{"confidence_interval":{"confidence_level":0.95,"lower_bound":-0.1621777257391099,"upper_bound":-0.00978779974129899},"point_estimate":-0.07926981444344272,"standard_error":0.037436836997579714},"Median":{"confidence_interval":{"confidence_level":0.95,"lower_bound":-0.192945249008961,"upper_bound":0.03629437852651217},"point_estimate":-0.06926137052258152,"standard_error":0.057538299807356384}}