{"Mean":{"confidence_interval":{"confidence_level":0.95,"lower_bound":2244927.139774093,"upper_bound":2359756.7879828513},"point_estimate":2292074.282137188,"standard_error":34878.519798139074},"Median":{"confidence_interval":{"confidence_level":0.95,"lower_bound":2220006.9177331347,"upper_bound":2333363.704642857},"point_estimate":2256155.911904762,"standard_error":26101.96775294286},"MedianAbsDev":{"confidence_interval":{"confidence_level":0.95,"lower_bound":11384.494515135208,"upper_bound":175386.43937574726},"point_estimate":58948.55266345391,"standard_error":46259.94071616544},"Slope":{"confidence_interval":{"confidence_level":0.95,"lower_bound":2210533.817194844,"upper_bound":2285343.055408873},"point_estimate":2243252.556957328,"standard_error":21141.49399243441},"StdDev":{"confidence_interval":{"confidence_level":0.95,"lower_bound":31025.213627694022,"upper_bound":160215.91592835158},"point_estimate":118681.07565460209,"standard_error":34231.17445532434}}