{"Mean":{"confidence_interval":{"confidence_level":0.95,"lower_bound":15999.372520699297,"upper_bound":16282.155338248012},"point_estimate":16133.102635840414,"standard_error":72.38615327029054},"Median":{"confidence_interval":{"confidence_level":0.95,"lower_bound":15798.454054054055,"upper_bound":15966.873555555556},"point_estimate":15860.926262626263,"standard_error":39.89364073912534},"MedianAbsDev":{"confidence_interval":{"confidence_level":0.95,"lower_bound":220.3561518572497,"upper_bound":426.5891163572591},"point_estimate":313.4541230846679,"standard_error":51.06742706299713},"Slope":{"confidence_interval":{"confidence_level":0.95,"lower_bound":16038.209576538593,"upper_bound":16423.56216613129},"point_estimate":16219.144888281366,"standard_error":98.56096826733702},"StdDev":{"confidence_interval":{"confidence_level":0.95,"lower_bound":529.1667793491661,"upper_bound":895.3100399706573},"point_estimate":727.9867016040079,"standard_error":93.43237584377577}}