{"Mean":{"confidence_interval":{"confidence_level":0.95,"lower_bound":468759.91633442463,"upper_bound":497715.90878928575},"point_estimate":484405.8415357143,"standard_error":9547.691187160206},"Median":{"confidence_interval":{"confidence_level":0.95,"lower_bound":465852.78184523806,"upper_bound":497871.2736111111},"point_estimate":472235.74055555556,"standard_error":11519.840862320432},"MedianAbsDev":{"confidence_interval":{"confidence_level":0.95,"lower_bound":6589.489095263194,"upper_bound":53710.4094376017},"point_estimate":23557.69197426736,"standard_error":12887.716827936127},"Slope":{"confidence_interval":{"confidence_level":0.95,"lower_bound":454356.8238986569,"upper_bound":473745.4087772395},"point_estimate":462347.13238095236,"standard_error":5114.445997698053},"StdDev":{"confidence_interval":{"confidence_level":0.95,"lower_bound":16588.327109883678,"upper_bound":40256.18413216808},"point_estimate":31643.091387709595,"standard_error":6559.786790399575}}