{"Mean":{"confidence_interval":{"confidence_level":0.95,"lower_bound":9407063.111465279,"upper_bound":10426199.45378869},"point_estimate":9771009.952420635,"standard_error":260256.9919682466},"Median":{"confidence_interval":{"confidence_level":0.95,"lower_bound":9140815.853125,"upper_bound":10532495.694345236},"point_estimate":9321018.25,"standard_error":420961.70276497526},"MedianAbsDev":{"confidence_interval":{"confidence_level":0.95,"lower_bound":13384.171262383461,"upper_bound":1265761.7426241112},"point_estimate":318576.8075141318,"standard_error":396564.19962297665},"Slope":{"confidence_interval":{"confidence_level":0.95,"lower_bound":9589043.285771677,"upper_bound":10764064.893294714},"point_estimate":10236617.954545455,"standard_error":323719.4080711289},"StdDev":{"confidence_interval":{"confidence_level":0.95,"lower_bound":536074.9256283863,"upper_bound":1071787.714140281},"point_estimate":840415.6742645229,"standard_error":148962.7246412679}}