{"Mean":{"confidence_interval":{"confidence_level":0.95,"lower_bound":3763315.047500001,"upper_bound":3909800.7295833337},"point_estimate":3828897.6366666667,"standard_error":36041.165315802646},"Median":{"confidence_interval":{"confidence_level":0.95,"lower_bound":3799602.08125,"upper_bound":3871878.9175},"point_estimate":3819583.3,"standard_error":19248.813264288605},"MedianAbsDev":{"confidence_interval":{"confidence_level":0.95,"lower_bound":791.3766541999041,"upper_bound":142703.7723480016},"point_estimate":44716.846066117425,"standard_error":40933.876312682914},"Slope":{"confidence_interval":{"confidence_level":0.95,"lower_bound":3770917.2961563133,"upper_bound":3960336.293069513},"point_estimate":3863195.412987013,"standard_error":54899.29853784686},"StdDev":{"confidence_interval":{"confidence_level":0.95,"lower_bound":29636.32356836376,"upper_bound":152305.49326378963},"point_estimate":110606.35910061827,"standard_error":34414.22130162405}}