{"Mean":{"confidence_interval":{"confidence_level":0.95,"lower_bound":31803.966235143645,"upper_bound":32937.73769008264},"point_estimate":32380.758561343962,"standard_error":326.39874521596175},"Median":{"confidence_interval":{"confidence_level":0.95,"lower_bound":31781.64256198347,"upper_bound":32205.824493801654},"point_estimate":31885.933982683986,"standard_error":121.64106051498568},"MedianAbsDev":{"confidence_interval":{"confidence_level":0.95,"lower_bound":51.36319297758599,"upper_bound":634.1488542695026},"point_estimate":267.66799426137186,"standard_error":176.20552335056138},"Slope":{"confidence_interval":{"confidence_level":0.95,"lower_bound":31752.47095193042,"upper_bound":32064.41439550728},"point_estimate":31907.868858001504,"standard_error":75.68386180626031},"StdDev":{"confidence_interval":{"confidence_level":0.95,"lower_bound":152.63529639109012,"upper_bound":1586.933078349816},"point_estimate":1175.3819535945709,"standard_error":435.0814066636246}}