{"Mean":{"confidence_interval":{"confidence_level":0.95,"lower_bound":6676.601429802066,"upper_bound":6806.43660183261},"point_estimate":6737.730343785875,"standard_error":33.16980678729022},"Median":{"confidence_interval":{"confidence_level":0.95,"lower_bound":6606.1677061677065,"upper_bound":6701.741761470774},"point_estimate":6646.641408681409,"standard_error":23.8945410982007},"MedianAbsDev":{"confidence_interval":{"confidence_level":0.95,"lower_bound":160.64870084864395,"upper_bound":244.12910983689756},"point_estimate":211.85091815126086,"standard_error":21.881309705139333},"Slope":{"confidence_interval":{"confidence_level":0.95,"lower_bound":6627.494773233707,"upper_bound":6770.154954055418},"point_estimate":6691.455967553189,"standard_error":36.54417064953187},"StdDev":{"confidence_interval":{"confidence_level":0.95,"lower_bound":241.85417008483077,"upper_bound":417.2261699011416},"point_estimate":333.68402996896367,"standard_error":45.00102824129693}}