{"Mean":{"confidence_interval":{"confidence_level":0.95,"lower_bound":124970.42373804873,"upper_bound":134365.22671093748},"point_estimate":128808.16485212052,"standard_error":2788.123412446868},"Median":{"confidence_interval":{"confidence_level":0.95,"lower_bound":121176.91705031622,"upper_bound":140526.3359375},"point_estimate":125256.72005208334,"standard_error":5297.700559586986},"MedianAbsDev":{"confidence_interval":{"confidence_level":0.95,"lower_bound":1506.1645434164839,"upper_bound":15646.109381175254},"point_estimate":8275.734783252119,"standard_error":4134.355232795302},"Slope":{"confidence_interval":{"confidence_level":0.95,"lower_bound":120949.78341279902,"upper_bound":126822.34147956737},"point_estimate":123463.91260146104,"standard_error":1888.6239866109074},"StdDev":{"confidence_interval":{"confidence_level":0.95,"lower_bound":7206.125963786684,"upper_bound":11453.045058545102},"point_estimate":9765.56128427388,"standard_error":1161.3497031558502}}