{"Mean":{"confidence_interval":{"confidence_level":0.95,"lower_bound":379155.75915969803,"upper_bound":402059.66606562136},"point_estimate":389370.96737224155,"standard_error":6721.717031579627},"Median":{"confidence_interval":{"confidence_level":0.95,"lower_bound":375026.1783536585,"upper_bound":390367.4430894309},"point_estimate":378044.70731707313,"standard_error":4253.727157464264},"MedianAbsDev":{"confidence_interval":{"confidence_level":0.95,"lower_bound":1472.5804778198549,"upper_bound":30836.248761722487},"point_estimate":7802.4951539169915,"standard_error":8514.600705867315},"Slope":{"confidence_interval":{"confidence_level":0.95,"lower_bound":370210.95447782153,"upper_bound":382014.52098973823},"point_estimate":374097.8324358568,"standard_error":2825.8683595780326},"StdDev":{"confidence_interval":{"confidence_level":0.95,"lower_bound":9304.172923495968,"upper_bound":31810.662504692595},"point_estimate":26524.4157284881,"standard_error":5809.1830265790495}}