{"Mean":{"confidence_interval":{"confidence_level":0.95,"lower_bound":1991680.1566927084,"upper_bound":2072304.9868232887},"point_estimate":2031128.9306894843,"standard_error":20929.121893319618},"Median":{"confidence_interval":{"confidence_level":0.95,"lower_bound":1986487.2709288194,"upper_bound":2075260.5654017858},"point_estimate":2015850.1125,"standard_error":22316.15748116433},"MedianAbsDev":{"confidence_interval":{"confidence_level":0.95,"lower_bound":0.0,"upper_bound":96121.39772295706},"point_estimate":52222.4682791158,"standard_error":27943.192383071782},"Slope":{"confidence_interval":{"confidence_level":0.95,"lower_bound":1981763.3585419117,"upper_bound":2063028.6993692988},"point_estimate":2001889.8077922077,"standard_error":22336.047291497074},"StdDev":{"confidence_interval":{"confidence_level":0.95,"lower_bound":29001.127754456513,"upper_bound":91112.9436941264},"point_estimate":68348.09766421925,"standard_error":18653.11864421074}}