{"Mean":{"confidence_interval":{"confidence_level":0.95,"lower_bound":91978377.96095635,"upper_bound":98018164.50692856},"point_estimate":94647678.68996032,"standard_error":1929572.7148867226},"Median":{"confidence_interval":{"confidence_level":0.95,"lower_bound":90686968.28571428,"upper_bound":96810883.0},"point_estimate":92557787.94444445,"standard_error":1706896.2959540233},"MedianAbsDev":{"confidence_interval":{"confidence_level":0.95,"lower_bound":736412.5857302248,"upper_bound":10303104.314671025},"point_estimate":3945533.488711118,"standard_error":2756133.084901187},"Slope":{"confidence_interval":{"confidence_level":0.95,"lower_bound":89807258.52436292,"upper_bound":96088034.8428757},"point_estimate":91931444.46233766,"standard_error":1669173.7403863799},"StdDev":{"confidence_interval":{"confidence_level":0.95,"lower_bound":2482996.0628412766,"upper_bound":8277996.4968999205},"point_estimate":6563685.8899720535,"standard_error":1482548.9301772409}}