{"Mean":{"confidence_interval":{"confidence_level":0.95,"lower_bound":94547.38663565417,"upper_bound":102101.34324658489},"point_estimate":97669.36234247235,"standard_error":2044.4646440369893},"Median":{"confidence_interval":{"confidence_level":0.95,"lower_bound":92642.81703703704,"upper_bound":106542.36420454545},"point_estimate":93645.34353054353,"standard_error":3529.348921870278},"MedianAbsDev":{"confidence_interval":{"confidence_level":0.95,"lower_bound":162.51688650338582,"upper_bound":11255.421183031129},"point_estimate":1810.7806662158564,"standard_error":3029.899927613928},"Slope":{"confidence_interval":{"confidence_level":0.95,"lower_bound":92313.95354354268,"upper_bound":94720.31195834716},"point_estimate":93351.83929161748,"standard_error":646.3903003008782},"StdDev":{"confidence_interval":{"confidence_level":0.95,"lower_bound":4826.229466944958,"upper_bound":8424.735246778002},"point_estimate":7447.6807206997655,"standard_error":1216.186194113147}}