{"Mean":{"confidence_interval":{"confidence_level":0.95,"lower_bound":3615853.4719087305,"upper_bound":3999711.8798015877},"point_estimate":3805832.2664087303,"standard_error":100751.31796690811},"Median":{"confidence_interval":{"confidence_level":0.95,"lower_bound":3574881.7159375,"upper_bound":3999491.9218749995},"point_estimate":3646037.847222222,"standard_error":109419.41152060428},"MedianAbsDev":{"confidence_interval":{"confidence_level":0.95,"lower_bound":5504.472551213531,"upper_bound":412662.2326094579},"point_estimate":100996.43887737129,"standard_error":117807.06878492044},"Slope":{"confidence_interval":{"confidence_level":0.95,"lower_bound":3594479.849498655,"upper_bound":3658198.1010685237},"point_estimate":3621621.274025974,"standard_error":19723.747713917168},"StdDev":{"confidence_interval":{"confidence_level":0.95,"lower_bound":41656.788353130985,"upper_bound":438216.4309897873},"point_estimate":330869.50718762097,"standard_error":101579.1365310027}}