{"Mean":{"confidence_interval":{"confidence_level":0.95,"lower_bound":32726.87428270931,"upper_bound":33833.275831693354},"point_estimate":33263.09342078615,"standard_error":282.85353883918526},"Median":{"confidence_interval":{"confidence_level":0.95,"lower_bound":31349.99025932078,"upper_bound":32741.878048780487},"point_estimate":31869.639654144303,"standard_error":305.5093325197843},"MedianAbsDev":{"confidence_interval":{"confidence_level":0.95,"lower_bound":771.652421876053,"upper_bound":2709.3749706206504},"point_estimate":1418.238985582648,"standard_error":440.00578420545645},"Slope":{"confidence_interval":{"confidence_level":0.95,"lower_bound":32484.209809102886,"upper_bound":33676.53284172551},"point_estimate":33082.153567410474,"standard_error":304.9705486637583},"StdDev":{"confidence_interval":{"confidence_level":0.95,"lower_bound":2350.722404344746,"upper_bound":3346.2594109871543},"point_estimate":2840.389706263954,"standard_error":256.9143084912695}}