{"Mean":{"confidence_interval":{"confidence_level":0.95,"lower_bound":306654.9810864014,"upper_bound":323508.86080456345},"point_estimate":313714.3156797472,"standard_error":4975.887735260598},"Median":{"confidence_interval":{"confidence_level":0.95,"lower_bound":306794.014531893,"upper_bound":317921.56172839506},"point_estimate":312954.4973544974,"standard_error":3284.599213754288},"MedianAbsDev":{"confidence_interval":{"confidence_level":0.95,"lower_bound":2426.6892086444955,"upper_bound":23947.07247093782},"point_estimate":9068.929130892477,"standard_error":4985.863293861775},"Slope":{"confidence_interval":{"confidence_level":0.95,"lower_bound":297142.0257363892,"upper_bound":314086.0577731422},"point_estimate":304810.71505531506,"standard_error":4903.503895100416},"StdDev":{"confidence_interval":{"confidence_level":0.95,"lower_bound":6345.675118915306,"upper_bound":22239.121760059872},"point_estimate":15505.908117598721,"standard_error":4311.406133502228}}