{"Mean":{"confidence_interval":{"confidence_level":0.95,"lower_bound":-0.09355855858013687,"upper_bound":0.062311085024397944},"point_estimate":-0.02387109797857523,"standard_error":0.04529717634622165},"Median":{"confidence_interval":{"confidence_level":0.95,"lower_bound":-0.11902665078439141,"upper_bound":0.17247752888337467},"point_estimate":-0.03797414888056372,"standard_error":0.07622587733724098}}