{"Mean":{"confidence_interval":{"confidence_level":0.95,"lower_bound":1334357395.9531665,"upper_bound":1405209234.959216},"point_estimate":1364368591.7251985,"standard_error":18881403.188347936},"Median":{"confidence_interval":{"confidence_level":0.95,"lower_bound":1317518282.1442857,"upper_bound":1379582933.33125},"point_estimate":1354489831.9583335,"standard_error":16858260.967660394},"MedianAbsDev":{"confidence_interval":{"confidence_level":0.95,"lower_bound":5083040.923874912,"upper_bound":85452919.52047017},"point_estimate":47001579.49424759,"standard_error":21209053.718255427},"Slope":{"confidence_interval":{"confidence_level":0.95,"lower_bound":1316765573.075031,"upper_bound":1342776276.718104},"point_estimate":1327370715.7662337,"standard_error":7303809.002594476},"StdDev":{"confidence_interval":{"confidence_level":0.95,"lower_bound":20424806.864473704,"upper_bound":95236456.01802102},"point_estimate":66361765.42885851,"standard_error":25589835.530659616}}