{"Mean":{"confidence_interval":{"confidence_level":0.95,"lower_bound":-0.04111035781547207,"upper_bound":0.006478468764928695},"point_estimate":-0.017989939429641444,"standard_error":0.01392302186575355},"Median":{"confidence_interval":{"confidence_level":0.95,"lower_bound":-0.030208928532134284,"upper_bound":0.025596160298774113},"point_estimate":-0.003245615833124771,"standard_error":0.015827995627168395}}