{"Mean":{"confidence_interval":{"confidence_level":0.95,"lower_bound":129429316.12640478,"upper_bound":135592862.59541667},"point_estimate":132154710.06523809,"standard_error":1652666.698941958},"Median":{"confidence_interval":{"confidence_level":0.95,"lower_bound":128672067.3095238,"upper_bound":133124506.0},"point_estimate":131000609.41666666,"standard_error":1322943.9440046968},"MedianAbsDev":{"confidence_interval":{"confidence_level":0.95,"lower_bound":669548.0785131565,"upper_bound":5559506.338976773},"point_estimate":2607323.0469107665,"standard_error":1392998.4219942538},"Slope":{"confidence_interval":{"confidence_level":0.95,"lower_bound":128699642.0741086,"upper_bound":134063654.75107868},"point_estimate":130039272.55584416,"standard_error":1575778.5791467484},"StdDev":{"confidence_interval":{"confidence_level":0.95,"lower_bound":1856424.348387267,"upper_bound":7826379.477033382},"point_estimate":5116902.734878678,"standard_error":1942297.686067404}}