{"Mean":{"confidence_interval":{"confidence_level":0.95,"lower_bound":-0.6996117611323392,"upper_bound":-0.6907614039861404},"point_estimate":-0.6951429296703597,"standard_error":0.002274541947768361},"Median":{"confidence_interval":{"confidence_level":0.95,"lower_bound":-0.7003130923876212,"upper_bound":-0.6961756327716719},"point_estimate":-0.6973421249210138,"standard_error":0.0010562638616171277}}