{"Mean":{"confidence_interval":{"confidence_level":0.95,"lower_bound":38012.34738327843,"upper_bound":38882.49294969372},"point_estimate":38379.68532930729,"standard_error":279.7476206797295},"Median":{"confidence_interval":{"confidence_level":0.95,"lower_bound":37721.93756598908,"upper_bound":38558.98578363384},"point_estimate":38108.84243527508,"standard_error":243.44729419849142},"MedianAbsDev":{"confidence_interval":{"confidence_level":0.95,"lower_bound":134.46359097778463,"upper_bound":1316.9486937752279},"point_estimate":703.995581530706,"standard_error":324.9753389748912},"Slope":{"confidence_interval":{"confidence_level":0.95,"lower_bound":37648.97146260463,"upper_bound":38330.39493016018},"point_estimate":37872.120665742026,"standard_error":178.87903477699203},"StdDev":{"confidence_interval":{"confidence_level":0.95,"lower_bound":322.1919829894735,"upper_bound":1173.0943149162972},"point_estimate":928.4811368741834,"standard_error":261.09204161594096}}