{"Mean":{"confidence_interval":{"confidence_level":0.95,"lower_bound":3884463.966012153,"upper_bound":4344484.653174602},"point_estimate":4099207.782212301,"standard_error":133876.2015263371},"Median":{"confidence_interval":{"confidence_level":0.95,"lower_bound":3849523.592767857,"upper_bound":4259642.2609375},"point_estimate":3956336.75,"standard_error":115206.49874611107},"MedianAbsDev":{"confidence_interval":{"confidence_level":0.95,"lower_bound":42828.542140641424,"upper_bound":471573.7653362254},"point_estimate":369813.9408803234,"standard_error":122846.05117495259},"Slope":{"confidence_interval":{"confidence_level":0.95,"lower_bound":3760058.404742604,"upper_bound":4057052.9429803016},"point_estimate":3875505.2948051947,"standard_error":86840.41349693849},"StdDev":{"confidence_interval":{"confidence_level":0.95,"lower_bound":148001.59202498806,"upper_bound":663543.3646106141},"point_estimate":489666.7011918458,"standard_error":166146.01904535556}}