{"Mean":{"confidence_interval":{"confidence_level":0.95,"lower_bound":10870357.441065475,"upper_bound":12003545.202379463},"point_estimate":11487235.843234126,"standard_error":316902.5512835401},"Median":{"confidence_interval":{"confidence_level":0.95,"lower_bound":10482456.0,"upper_bound":12303444.0625},"point_estimate":11567501.194444444,"standard_error":496683.9154771005},"MedianAbsDev":{"confidence_interval":{"confidence_level":0.95,"lower_bound":281697.16590962646,"upper_bound":1972705.4395232268},"point_estimate":1349898.4267657623,"standard_error":392765.2043368618},"Slope":{"confidence_interval":{"confidence_level":0.95,"lower_bound":11319392.99465212,"upper_bound":12535341.011161875},"point_estimate":11953662.096103895,"standard_error":354956.26655335625},"StdDev":{"confidence_interval":{"confidence_level":0.95,"lower_bound":830749.7365006352,"upper_bound":1417412.7404422052},"point_estimate":1155435.2013721832,"standard_error":165243.2202884407}}