{"Mean":{"confidence_interval":{"confidence_level":0.95,"lower_bound":29547.710000673127,"upper_bound":31273.487269520734},"point_estimate":30441.011521655513,"standard_error":509.56887715601823},"Median":{"confidence_interval":{"confidence_level":0.95,"lower_bound":29414.693861066236,"upper_bound":31570.730350026923},"point_estimate":30024.300715439647,"standard_error":644.2426638466228},"MedianAbsDev":{"confidence_interval":{"confidence_level":0.95,"lower_bound":153.79417472921915,"upper_bound":2537.7986865634034},"point_estimate":1234.6187041716012,"standard_error":663.0449183281103},"Slope":{"confidence_interval":{"confidence_level":0.95,"lower_bound":29374.58286594018,"upper_bound":30447.099984864864},"point_estimate":29766.61496758492,"standard_error":311.30172070204554},"StdDev":{"confidence_interval":{"confidence_level":0.95,"lower_bound":632.98185378534,"upper_bound":1859.9197415572116},"point_estimate":1545.9929949386897,"standard_error":343.8280695730607}}