{"Mean":{"confidence_interval":{"confidence_level":0.95,"lower_bound":19353.521201932406,"upper_bound":19715.964944722906},"point_estimate":19527.524136041353,"standard_error":92.66328536821736},"Median":{"confidence_interval":{"confidence_level":0.95,"lower_bound":19040.568775510204,"upper_bound":19272.432173913043},"point_estimate":19108.524290805417,"standard_error":65.38918426586163},"MedianAbsDev":{"confidence_interval":{"confidence_level":0.95,"lower_bound":291.6222565548064,"upper_bound":622.6573001098009},"point_estimate":419.1796485331166,"standard_error":88.76407643279633},"Slope":{"confidence_interval":{"confidence_level":0.95,"lower_bound":19324.385085034482,"upper_bound":19931.10628622497},"point_estimate":19618.249901581203,"standard_error":154.8312688955973},"StdDev":{"confidence_interval":{"confidence_level":0.95,"lower_bound":741.4878317953517,"upper_bound":1088.512341323845},"point_estimate":929.4143238891545,"standard_error":88.66308293514491}}