{"Mean":{"confidence_interval":{"confidence_level":0.95,"lower_bound":65017795.50770833,"upper_bound":69819888.02412699},"point_estimate":67404374.25626984,"standard_error":1380918.471725157},"Median":{"confidence_interval":{"confidence_level":0.95,"lower_bound":62225090.56875001,"upper_bound":70110265.22222222},"point_estimate":69370307.20833334,"standard_error":2037689.502410937},"MedianAbsDev":{"confidence_interval":{"confidence_level":0.95,"lower_bound":90964.96102400903,"upper_bound":7194618.172179248},"point_estimate":1305091.841188308,"standard_error":2152213.4500929257},"Slope":{"confidence_interval":{"confidence_level":0.95,"lower_bound":67053499.16823054,"upper_bound":69822311.77229783},"point_estimate":68403480.24155845,"standard_error":721692.301900606},"StdDev":{"confidence_interval":{"confidence_level":0.95,"lower_bound":2122373.261873051,"upper_bound":5518049.9958023345},"point_estimate":4704913.0227823,"standard_error":941514.24507929}}