{"Mean":{"confidence_interval":{"confidence_level":0.95,"lower_bound":1123.0820000591327,"upper_bound":1154.9859944555294},"point_estimate":1137.4514786123034,"standard_error":8.181634934192875},"Median":{"confidence_interval":{"confidence_level":0.95,"lower_bound":1104.6197952610996,"upper_bound":1119.7079414691066},"point_estimate":1111.6594018092967,"standard_error":4.014242052422883},"MedianAbsDev":{"confidence_interval":{"confidence_level":0.95,"lower_bound":19.559494923809503,"upper_bound":36.261923343450775},"point_estimate":27.307664856066,"standard_error":4.496729244986309},"Slope":{"confidence_interval":{"confidence_level":0.95,"lower_bound":1114.3638094278153,"upper_bound":1141.6168636050966},"point_estimate":1126.2621214846988,"standard_error":6.962321327815649},"StdDev":{"confidence_interval":{"confidence_level":0.95,"lower_bound":46.16845789906454,"upper_bound":117.83286409289266},"point_estimate":82.10008643413863,"standard_error":19.394659913559746}}