{"Mean":{"confidence_interval":{"confidence_level":0.95,"lower_bound":78314085.08995238,"upper_bound":82624724.30806944},"point_estimate":80335681.21960317,"standard_error":1243352.6226318518},"Median":{"confidence_interval":{"confidence_level":0.95,"lower_bound":76706773.58625,"upper_bound":84016005.5},"point_estimate":80120428.3611111,"standard_error":2077635.2329439246},"MedianAbsDev":{"confidence_interval":{"confidence_level":0.95,"lower_bound":2286613.9781168066,"upper_bound":7873977.063204717},"point_estimate":5670573.1373772025,"standard_error":1547108.3544128346},"Slope":{"confidence_interval":{"confidence_level":0.95,"lower_bound":78188498.47407426,"upper_bound":81954667.97863056},"point_estimate":79473598.30909091,"standard_error":1141846.0491304006},"StdDev":{"confidence_interval":{"confidence_level":0.95,"lower_bound":3042183.258266263,"upper_bound":5283498.345336104},"point_estimate":4339859.306039879,"standard_error":615450.3659542943}}