{"Mean":{"confidence_interval":{"confidence_level":0.95,"lower_bound":-0.10907340187056164,"upper_bound":-0.026853951001265995},"point_estimate":-0.05867952708176161,"standard_error":0.02235119194893591},"Median":{"confidence_interval":{"confidence_level":0.95,"lower_bound":-0.10358245428431001,"upper_bound":-0.02047792504953584},"point_estimate":-0.03723845220293831,"standard_error":0.020436158711743656}}