{"Mean":{"confidence_interval":{"confidence_level":0.95,"lower_bound":184810.76622013634,"upper_bound":197224.3134065934},"point_estimate":190925.73047415548,"standard_error":3370.386856038807},"Median":{"confidence_interval":{"confidence_level":0.95,"lower_bound":181077.07645121083,"upper_bound":200147.64957264956},"point_estimate":184295.88150183152,"standard_error":6964.848518472072},"MedianAbsDev":{"confidence_interval":{"confidence_level":0.95,"lower_bound":968.5250815071706,"upper_bound":19775.474067520896},"point_estimate":6844.284263703369,"standard_error":5653.075496234158},"Slope":{"confidence_interval":{"confidence_level":0.95,"lower_bound":180861.2692129685,"upper_bound":186248.22309173562},"point_estimate":182466.5199134199,"standard_error":1570.1843232662704},"StdDev":{"confidence_interval":{"confidence_level":0.95,"lower_bound":8651.481571181424,"upper_bound":14295.31149470675},"point_estimate":12542.764442954342,"standard_error":1562.9810124236983}}