{"Mean":{"confidence_interval":{"confidence_level":0.95,"lower_bound":-0.012948198509238895,"upper_bound":0.00896345862947729},"point_estimate":-0.002748827490977157,"standard_error":0.005905987110909151},"Median":{"confidence_interval":{"confidence_level":0.95,"lower_bound":-0.017362083054556665,"upper_bound":0.006827752120533156},"point_estimate":-0.004750321307715355,"standard_error":0.007923188983896092}}