{"Mean":{"confidence_interval":{"confidence_level":0.95,"lower_bound":4070403.5724542085,"upper_bound":4141463.657181918},"point_estimate":4099249.508379355,"standard_error":18585.67299671064},"Median":{"confidence_interval":{"confidence_level":0.95,"lower_bound":4042403.4348739497,"upper_bound":4082289.7425287357},"point_estimate":4055462.4685897436,"standard_error":10130.981304448855},"MedianAbsDev":{"confidence_interval":{"confidence_level":0.95,"lower_bound":37609.5459572972,"upper_bound":73657.21552323169},"point_estimate":51129.80217052556,"standard_error":9065.709137685762},"Slope":{"confidence_interval":{"confidence_level":0.95,"lower_bound":4047275.1973065427,"upper_bound":4078649.808780698},"point_estimate":4061527.2311216197,"standard_error":8033.249100795829},"StdDev":{"confidence_interval":{"confidence_level":0.95,"lower_bound":62592.9403740042,"upper_bound":301875.0252315863},"point_estimate":187221.4213343543,"standard_error":74999.728083809}}