{"Mean":{"confidence_interval":{"confidence_level":0.95,"lower_bound":28712.90961848993,"upper_bound":31118.341624996323},"point_estimate":29840.924910401383,"standard_error":732.3243088280451},"Median":{"confidence_interval":{"confidence_level":0.95,"lower_bound":28070.38272263451,"upper_bound":31865.610575139148},"point_estimate":30788.257369614512,"standard_error":1106.9271072900922},"MedianAbsDev":{"confidence_interval":{"confidence_level":0.95,"lower_bound":708.9069653364654,"upper_bound":4246.115440182126},"point_estimate":2045.818187488991,"standard_error":1070.9593937866505},"Slope":{"confidence_interval":{"confidence_level":0.95,"lower_bound":27260.576776506055,"upper_bound":30422.823842666512},"point_estimate":29030.925296966485,"standard_error":985.441017404095},"StdDev":{"confidence_interval":{"confidence_level":0.95,"lower_bound":1701.7216136139816,"upper_bound":3350.1379369614574},"point_estimate":2890.459448176817,"standard_error":454.7069364142218}}