{"Mean":{"confidence_interval":{"confidence_level":0.95,"lower_bound":490845.90757663694,"upper_bound":515241.9223046875},"point_estimate":500499.3874255953,"standard_error":7077.7792438171455},"Median":{"confidence_interval":{"confidence_level":0.95,"lower_bound":488784.5677083333,"upper_bound":504376.8205078125},"point_estimate":492370.36160714284,"standard_error":5494.512512641321},"MedianAbsDev":{"confidence_interval":{"confidence_level":0.95,"lower_bound":3316.5478404476517,"upper_bound":21929.460761080518},"point_estimate":12033.206089492902,"standard_error":5407.56569365821},"Slope":{"confidence_interval":{"confidence_level":0.95,"lower_bound":481694.8960671784,"upper_bound":496646.32439710543},"point_estimate":487669.8176948052,"standard_error":4270.003946855686},"StdDev":{"confidence_interval":{"confidence_level":0.95,"lower_bound":7044.315907651455,"upper_bound":33216.46387466894},"point_estimate":24077.126775401684,"standard_error":9097.30540440967}}