{"Mean":{"confidence_interval":{"confidence_level":0.95,"lower_bound":26615.98979848495,"upper_bound":27380.852641295736},"point_estimate":26916.071502150873,"standard_error":201.86387375167925},"Median":{"confidence_interval":{"confidence_level":0.95,"lower_bound":26594.990042674253,"upper_bound":26714.833108108105},"point_estimate":26664.261522790934,"standard_error":33.26876261605459},"MedianAbsDev":{"confidence_interval":{"confidence_level":0.95,"lower_bound":317.1975573618275,"upper_bound":632.0328751617142},"point_estimate":399.9608640575756,"standard_error":78.26719909549588},"Slope":{"confidence_interval":{"confidence_level":0.95,"lower_bound":26414.204534563072,"upper_bound":26852.205748665852},"point_estimate":26602.74739255289,"standard_error":112.43889273728568},"StdDev":{"confidence_interval":{"confidence_level":0.95,"lower_bound":542.1597929469982,"upper_bound":3331.1405386081606},"point_estimate":2029.0982550425756,"standard_error":874.8081986284735}}