{"Mean":{"confidence_interval":{"confidence_level":0.95,"lower_bound":274251.381715796,"upper_bound":328462.0971076759},"point_estimate":301588.3760625444,"standard_error":16111.347521530402},"Median":{"confidence_interval":{"confidence_level":0.95,"lower_bound":260368.55699626866,"upper_bound":315979.41455223877},"point_estimate":286119.4353233831,"standard_error":17443.539937057838},"MedianAbsDev":{"confidence_interval":{"confidence_level":0.95,"lower_bound":7635.716907743035,"upper_bound":53623.709555802256},"point_estimate":41190.27217812945,"standard_error":14282.491811933645},"Slope":{"confidence_interval":{"confidence_level":0.95,"lower_bound":292086.4936930958,"upper_bound":372384.26029453584},"point_estimate":322066.9490211281,"standard_error":21244.60940487609},"StdDev":{"confidence_interval":{"confidence_level":0.95,"lower_bound":22772.039751858927,"upper_bound":74503.09763524264},"point_estimate":58096.51817234098,"standard_error":18876.654111582793}}