{"Mean":{"confidence_interval":{"confidence_level":0.95,"lower_bound":1439668670.0280852,"upper_bound":1530926196.0409722},"point_estimate":1481033311.6898413,"standard_error":27031338.79775283},"Median":{"confidence_interval":{"confidence_level":0.95,"lower_bound":1429448524.65253,"upper_bound":1488229620.8888888},"point_estimate":1454793480.3,"standard_error":18761153.582522843},"MedianAbsDev":{"confidence_interval":{"confidence_level":0.95,"lower_bound":14051144.245963693,"upper_bound":77365359.37519036},"point_estimate":44860426.01957321,"standard_error":21932452.181345608},"Slope":{"confidence_interval":{"confidence_level":0.95,"lower_bound":1423064833.0432441,"upper_bound":1471236625.743487},"point_estimate":1447356398.1922078,"standard_error":12848358.527454624},"StdDev":{"confidence_interval":{"confidence_level":0.95,"lower_bound":22058029.1965504,"upper_bound":131700469.15778778},"point_estimate":90184758.83189827,"standard_error":35983204.49053288}}