{"Mean":{"confidence_interval":{"confidence_level":0.95,"lower_bound":1019728801.2454761,"upper_bound":1048768977.380873},"point_estimate":1032011083.1766269,"standard_error":8804897.007614171},"Median":{"confidence_interval":{"confidence_level":0.95,"lower_bound":1016927766.59375,"upper_bound":1035998278.5},"point_estimate":1027235711.75,"standard_error":8320486.797792735},"MedianAbsDev":{"confidence_interval":{"confidence_level":0.95,"lower_bound":4988068.468507457,"upper_bound":28577575.387067154},"point_estimate":13741302.579776466,"standard_error":7555375.741658862},"Slope":{"confidence_interval":{"confidence_level":0.95,"lower_bound":1018046531.5097097,"upper_bound":1032501180.4630347},"point_estimate":1025341621.9142857,"standard_error":4407789.088948539},"StdDev":{"confidence_interval":{"confidence_level":0.95,"lower_bound":8362208.969250204,"upper_bound":39897427.08255938},"point_estimate":28235031.14376237,"standard_error":11014476.29113466}}