{"Mean":{"confidence_interval":{"confidence_level":0.95,"lower_bound":62554758.99611608,"upper_bound":69550514.66345437},"point_estimate":66030231.86670636,"standard_error":1844271.730018463},"Median":{"confidence_interval":{"confidence_level":0.95,"lower_bound":59567434.54166667,"upper_bound":70536382.325},"point_estimate":67479279.55,"standard_error":3116940.9018748445},"MedianAbsDev":{"confidence_interval":{"confidence_level":0.95,"lower_bound":1439025.0525210137,"upper_bound":10628848.92944927},"point_estimate":7019008.932937682,"standard_error":2622501.002466488},"Slope":{"confidence_interval":{"confidence_level":0.95,"lower_bound":64625412.751695134,"upper_bound":71823866.90553215},"point_estimate":68707318.81558442,"standard_error":1979108.3446180762},"StdDev":{"confidence_interval":{"confidence_level":0.95,"lower_bound":4191648.68798485,"upper_bound":7424133.42575998},"point_estimate":6072930.956159099,"standard_error":883922.5745242233}}