{"Mean":{"confidence_interval":{"confidence_level":0.95,"lower_bound":34987315.860009916,"upper_bound":38369779.081029765},"point_estimate":36609682.867063485,"standard_error":955611.6145489863},"Median":{"confidence_interval":{"confidence_level":0.95,"lower_bound":33459408.0,"upper_bound":40146221.561249994},"point_estimate":35691021.8,"standard_error":2228190.3151561823},"MedianAbsDev":{"confidence_interval":{"confidence_level":0.95,"lower_bound":142942.66421126248,"upper_bound":4775652.750278293},"point_estimate":3436582.5696684597,"standard_error":1410236.6523377998},"Slope":{"confidence_interval":{"confidence_level":0.95,"lower_bound":35653888.576253965,"upper_bound":39118429.44468194},"point_estimate":37756303.21298701,"standard_error":893458.9594462496},"StdDev":{"confidence_interval":{"confidence_level":0.95,"lower_bound":2417411.724364317,"upper_bound":3447520.9676380777},"point_estimate":3138930.885344807,"standard_error":293225.82797498244}}