{"Mean":{"confidence_interval":{"confidence_level":0.95,"lower_bound":-0.1576690118215045,"upper_bound":-0.02222309318741201},"point_estimate":-0.08599481235518391,"standard_error":0.04115036542730134},"Median":{"confidence_interval":{"confidence_level":0.95,"lower_bound":-0.17812654059281813,"upper_bound":0.011892376769726772},"point_estimate":-0.13167177852098078,"standard_error":0.05470608438333416}}