{"Mean":{"confidence_interval":{"confidence_level":0.95,"lower_bound":4307.052799493052,"upper_bound":4443.900340849555},"point_estimate":4373.469367813468,"standard_error":34.9921339901084},"Median":{"confidence_interval":{"confidence_level":0.95,"lower_bound":4151.669952100221,"upper_bound":4366.078788995333},"point_estimate":4209.918684422922,"standard_error":53.91636088762478},"MedianAbsDev":{"confidence_interval":{"confidence_level":0.95,"lower_bound":142.04001785477928,"upper_bound":382.1917096342326},"point_estimate":233.57093492337032,"standard_error":62.94704034400705},"Slope":{"confidence_interval":{"confidence_level":0.95,"lower_bound":4323.54556628907,"upper_bound":4494.626391723724},"point_estimate":4404.027126108007,"standard_error":43.66108095992598},"StdDev":{"confidence_interval":{"confidence_level":0.95,"lower_bound":290.1836744622118,"upper_bound":407.2024663056331},"point_estimate":351.61634766882594,"standard_error":29.869122433548362}}