{"Mean":{"confidence_interval":{"confidence_level":0.95,"lower_bound":1165298.1467749998,"upper_bound":1286647.0339791668},"point_estimate":1238826.2300238092,"standard_error":33632.24935678687},"Median":{"confidence_interval":{"confidence_level":0.95,"lower_bound":1113585.75,"upper_bound":1321208.6757499997},"point_estimate":1287691.45,"standard_error":66319.7916660495},"MedianAbsDev":{"confidence_interval":{"confidence_level":0.95,"lower_bound":7563.900623413734,"upper_bound":190911.449957519},"point_estimate":150111.1743424939,"standard_error":54051.32307424273},"Slope":{"confidence_interval":{"confidence_level":0.95,"lower_bound":1269636.9203502187,"upper_bound":1350171.1005892376},"point_estimate":1309471.3705627706,"standard_error":21705.975827380375},"StdDev":{"confidence_interval":{"confidence_level":0.95,"lower_bound":90647.94940586027,"upper_bound":146202.32980405848},"point_estimate":121690.44017085231,"standard_error":15145.437331546498}}