{"Mean":{"confidence_interval":{"confidence_level":0.95,"lower_bound":325903.6650455182,"upper_bound":354280.4476981209},"point_estimate":338522.12466153124,"standard_error":8795.731137115245},"Median":{"confidence_interval":{"confidence_level":0.95,"lower_bound":321126.1111111111,"upper_bound":360595.06862745096},"point_estimate":335293.0326797386,"standard_error":11527.691185366413},"MedianAbsDev":{"confidence_interval":{"confidence_level":0.95,"lower_bound":9952.040352690976,"upper_bound":60127.5424428536},"point_estimate":33770.306085751334,"standard_error":12278.443251555016},"Slope":{"confidence_interval":{"confidence_level":0.95,"lower_bound":318460.004600567,"upper_bound":357901.63253800577},"point_estimate":339436.7209065444,"standard_error":11790.632476350183},"StdDev":{"confidence_interval":{"confidence_level":0.95,"lower_bound":21681.938086039325,"upper_bound":42796.40159981751},"point_estimate":32871.9551288606,"standard_error":6145.826075415751}}