{"Mean":{"confidence_interval":{"confidence_level":0.95,"lower_bound":78859246.76283334,"upper_bound":93319183.60829166},"point_estimate":85270932.17166667,"standard_error":3576573.3361217827},"Median":{"confidence_interval":{"confidence_level":0.95,"lower_bound":74165329.3,"upper_bound":96117901.659375},"point_estimate":83700219.16666666,"standard_error":7117624.768843869},"MedianAbsDev":{"confidence_interval":{"confidence_level":0.95,"lower_bound":2633398.842277817,"upper_bound":20132516.61069238},"point_estimate":15382470.82957654,"standard_error":5588642.723495126},"Slope":{"confidence_interval":{"confidence_level":0.95,"lower_bound":78025305.28450744,"upper_bound":96522128.71033835},"point_estimate":85617222.98441559,"standard_error":5628745.263356076},"StdDev":{"confidence_interval":{"confidence_level":0.95,"lower_bound":7818407.452324568,"upper_bound":13656553.029436888},"point_estimate":12232750.65107059,"standard_error":1530341.6795306308}}