{"Mean":{"confidence_interval":{"confidence_level":0.95,"lower_bound":46285.260541387426,"upper_bound":46862.59882227653},"point_estimate":46558.31588016954,"standard_error":147.26064791490322},"Median":{"confidence_interval":{"confidence_level":0.95,"lower_bound":45792.44743589743,"upper_bound":46430.38367346939},"point_estimate":46012.896620370375,"standard_error":155.32550562221635},"MedianAbsDev":{"confidence_interval":{"confidence_level":0.95,"lower_bound":416.00777609124054,"upper_bound":1087.19313212088},"point_estimate":701.9716686556186,"standard_error":160.7419113330878},"Slope":{"confidence_interval":{"confidence_level":0.95,"lower_bound":46054.90581659971,"upper_bound":46385.271098369936},"point_estimate":46215.003507019355,"standard_error":84.40209483107164},"StdDev":{"confidence_interval":{"confidence_level":0.95,"lower_bound":1101.5036675683161,"upper_bound":1798.2714047772095},"point_estimate":1483.1884269256777,"standard_error":178.19883858408954}}