{"Mean":{"confidence_interval":{"confidence_level":0.95,"lower_bound":3362.5050667040223,"upper_bound":3687.8028927345526},"point_estimate":3500.9001419150327,"standard_error":94.96156537955603},"Median":{"confidence_interval":{"confidence_level":0.95,"lower_bound":3305.9499391875456,"upper_bound":3789.2265428626447},"point_estimate":3391.003422389794,"standard_error":125.06909802659018},"MedianAbsDev":{"confidence_interval":{"confidence_level":0.95,"lower_bound":63.406572144396684,"upper_bound":325.31042268739867},"point_estimate":149.6113287425546,"standard_error":88.96802555805506},"Slope":{"confidence_interval":{"confidence_level":0.95,"lower_bound":3296.181386890232,"upper_bound":3430.361626807218},"point_estimate":3355.3187059109705,"standard_error":39.245256549047035},"StdDev":{"confidence_interval":{"confidence_level":0.95,"lower_bound":118.30047696035545,"upper_bound":351.4603335345271},"point_estimate":276.331897554785,"standard_error":63.65579577781174}}