{"Mean":{"confidence_interval":{"confidence_level":0.95,"lower_bound":29855916.78907738,"upper_bound":32896547.154092263},"point_estimate":31616393.086706348,"standard_error":861866.8652739765},"Median":{"confidence_interval":{"confidence_level":0.95,"lower_bound":29331488.29910714,"upper_bound":34355380.0},"point_estimate":30790870.479166664,"standard_error":1457673.0973711584},"MedianAbsDev":{"confidence_interval":{"confidence_level":0.95,"lower_bound":614728.0885717084,"upper_bound":4071205.6005479028},"point_estimate":2853298.274231326,"standard_error":1114517.80256884},"Slope":{"confidence_interval":{"confidence_level":0.95,"lower_bound":29847565.275940027,"upper_bound":33418679.29113933},"point_estimate":32095893.358441558,"standard_error":1064434.137131971},"StdDev":{"confidence_interval":{"confidence_level":0.95,"lower_bound":1403864.4286178555,"upper_bound":2978080.385946758},"point_estimate":2645700.538040329,"standard_error":461739.808804734}}