{"Mean":{"confidence_interval":{"confidence_level":0.95,"lower_bound":5339848.743382937,"upper_bound":5485718.767234127},"point_estimate":5416468.111322751,"standard_error":40736.47275746694},"Median":{"confidence_interval":{"confidence_level":0.95,"lower_bound":5374770.029761905,"upper_bound":5522575.663888888},"point_estimate":5404467.625,"standard_error":42277.136667106126},"MedianAbsDev":{"confidence_interval":{"confidence_level":0.95,"lower_bound":26203.97165041155,"upper_bound":186662.68626385275},"point_estimate":91638.18101531923,"standard_error":46249.079872126946},"Slope":{"confidence_interval":{"confidence_level":0.95,"lower_bound":5248707.945175342,"upper_bound":5442164.053756048},"point_estimate":5345496.935930736,"standard_error":56384.22540658055},"StdDev":{"confidence_interval":{"confidence_level":0.95,"lower_bound":76908.63542649636,"upper_bound":182872.58254956754},"point_estimate":134902.1646295919,"standard_error":27812.921201541827}}