{"Mean":{"confidence_interval":{"confidence_level":0.95,"lower_bound":4057.3097491887847,"upper_bound":4173.302980651253},"point_estimate":4116.839530255786,"standard_error":31.742023481674043},"Median":{"confidence_interval":{"confidence_level":0.95,"lower_bound":4045.76586305676,"upper_bound":4131.579283595711},"point_estimate":4074.7916723705225,"standard_error":28.534504613063252},"MedianAbsDev":{"confidence_interval":{"confidence_level":0.95,"lower_bound":19.24944483279206,"upper_bound":158.83127823368318},"point_estimate":103.08131773416616,"standard_error":36.99876081158617},"Slope":{"confidence_interval":{"confidence_level":0.95,"lower_bound":4044.1649134103736,"upper_bound":4311.97226885662},"point_estimate":4161.572306224462,"standard_error":73.57197220182414},"StdDev":{"confidence_interval":{"confidence_level":0.95,"lower_bound":44.15759778334164,"upper_bound":180.2968281700076},"point_estimate":135.37780916736813,"standard_error":42.097558915136425}}