{"Mean":{"confidence_interval":{"confidence_level":0.95,"lower_bound":141949.16673125,"upper_bound":164314.45846388888},"point_estimate":154683.24187268518,"standard_error":5894.451066660666},"Median":{"confidence_interval":{"confidence_level":0.95,"lower_bound":133822.12703125,"upper_bound":170240.50833333333},"point_estimate":153283.27041666667,"standard_error":9124.702999729656},"MedianAbsDev":{"confidence_interval":{"confidence_level":0.95,"lower_bound":1501.1710055051203,"upper_bound":32438.542371269497},"point_estimate":24006.030206307758,"standard_error":8612.376861160612},"Slope":{"confidence_interval":{"confidence_level":0.95,"lower_bound":148861.3012728727,"upper_bound":175280.11053627427},"point_estimate":163362.42852813852,"standard_error":7516.940191591766},"StdDev":{"confidence_interval":{"confidence_level":0.95,"lower_bound":10005.233664326654,"upper_bound":23700.661986729512},"point_estimate":19598.980583574743,"standard_error":3814.912730509367}}