{"Mean":{"confidence_interval":{"confidence_level":0.95,"lower_bound":-0.009428647199167306,"upper_bound":0.027456434257955672},"point_estimate":0.012661252168447712,"standard_error":0.009703830637154853},"Median":{"confidence_interval":{"confidence_level":0.95,"lower_bound":0.02248550709632041,"upper_bound":0.03170456622084772},"point_estimate":0.027264158691072016,"standard_error":0.002297524120415065}}