{"Mean":{"confidence_interval":{"confidence_level":0.95,"lower_bound":0.011507702402534483,"upper_bound":0.05667564215062581},"point_estimate":0.02862074181348806,"standard_error":0.013291117215581382},"Median":{"confidence_interval":{"confidence_level":0.95,"lower_bound":0.01607394532828927,"upper_bound":0.04987312764318456},"point_estimate":0.03447610462126782,"standard_error":0.009199277750765724}}