{"Mean":{"confidence_interval":{"confidence_level":0.95,"lower_bound":499909.73255069123,"upper_bound":544062.7075738286},"point_estimate":523562.3696761393,"standard_error":12184.698527826204},"Median":{"confidence_interval":{"confidence_level":0.95,"lower_bound":492050.56451612903,"upper_bound":548210.5697681452},"point_estimate":497806.05309139786,"standard_error":16974.281317895762},"MedianAbsDev":{"confidence_interval":{"confidence_level":0.95,"lower_bound":4432.773650738034,"upper_bound":67802.3886350169},"point_estimate":17089.789218504236,"standard_error":16181.451270095231},"Slope":{"confidence_interval":{"confidence_level":0.95,"lower_bound":490892.86647564487,"upper_bound":511140.91890598903},"point_estimate":496851.65018852113,"standard_error":6701.679262199007},"StdDev":{"confidence_interval":{"confidence_level":0.95,"lower_bound":14902.787482375392,"upper_bound":52462.78761336595},"point_estimate":45569.196751633775,"standard_error":8815.54357756669}}