{"Mean":{"confidence_interval":{"confidence_level":0.95,"lower_bound":108292.25188184158,"upper_bound":110059.29342414011},"point_estimate":109123.95432782288,"standard_error":452.9043997876418},"Median":{"confidence_interval":{"confidence_level":0.95,"lower_bound":107516.249845679,"upper_bound":108340.61735159816},"point_estimate":107913.81998910675,"standard_error":212.2923440363012},"MedianAbsDev":{"confidence_interval":{"confidence_level":0.95,"lower_bound":1452.6893428762694,"upper_bound":2649.9898257637187},"point_estimate":2172.9043624580954,"standard_error":300.2312194716772},"Slope":{"confidence_interval":{"confidence_level":0.95,"lower_bound":107564.2859818612,"upper_bound":109913.2500799467},"point_estimate":108583.54209579166,"standard_error":603.4348760716477},"StdDev":{"confidence_interval":{"confidence_level":0.95,"lower_bound":3038.676621179989,"upper_bound":5830.890934637323},"point_estimate":4544.892308110598,"standard_error":714.606084311444}}