{"Mean":{"confidence_interval":{"confidence_level":0.95,"lower_bound":368778.3537169428,"upper_bound":379261.85535654024},"point_estimate":373819.0620829638,"standard_error":2673.9670901498203},"Median":{"confidence_interval":{"confidence_level":0.95,"lower_bound":359935.7254901961,"upper_bound":371498.6684262387},"point_estimate":364303.43270419055,"standard_error":3011.300145862883},"MedianAbsDev":{"confidence_interval":{"confidence_level":0.95,"lower_bound":14010.771497461596,"upper_bound":26515.653028974626},"point_estimate":18714.523577205957,"standard_error":3185.5674014211872},"Slope":{"confidence_interval":{"confidence_level":0.95,"lower_bound":367492.6784062377,"upper_bound":381265.4619399467},"point_estimate":374370.24414560857,"standard_error":3529.5935318492902},"StdDev":{"confidence_interval":{"confidence_level":0.95,"lower_bound":21333.144719953154,"upper_bound":32436.748984869893},"point_estimate":26876.80905112819,"standard_error":2861.06340617988}}