{"Mean":{"confidence_interval":{"confidence_level":0.95,"lower_bound":-0.03042859991922741,"upper_bound":0.06600237199095109},"point_estimate":0.018315923203185314,"standard_error":0.025703901669405636},"Median":{"confidence_interval":{"confidence_level":0.95,"lower_bound":-0.02022312964925211,"upper_bound":0.013914520140598342},"point_estimate":0.0016220752128410787,"standard_error":0.010405496852206063}}