{"Mean":{"confidence_interval":{"confidence_level":0.95,"lower_bound":10130566.897494048,"upper_bound":10862491.936805556},"point_estimate":10532592.381984128,"standard_error":231183.35178360838},"Median":{"confidence_interval":{"confidence_level":0.95,"lower_bound":9898499.209375,"upper_bound":11045795.916666668},"point_estimate":10177330.55,"standard_error":369689.4396350337},"MedianAbsDev":{"confidence_interval":{"confidence_level":0.95,"lower_bound":65675.35187277957,"upper_bound":1305753.9607908577},"point_estimate":504691.5869949341,"standard_error":361309.2196154835},"Slope":{"confidence_interval":{"confidence_level":0.95,"lower_bound":9919072.814827764,"upper_bound":11032449.501499606},"point_estimate":10399371.177922077,"standard_error":362737.15832091705},"StdDev":{"confidence_interval":{"confidence_level":0.95,"lower_bound":369495.11600646196,"upper_bound":966004.3405419849},"point_estimate":796280.701500814,"standard_error":133044.16806296236}}