{"Mean":{"confidence_interval":{"confidence_level":0.95,"lower_bound":23664.064945616035,"upper_bound":24555.789779515824},"point_estimate":24124.544651028897,"standard_error":268.0853824776823},"Median":{"confidence_interval":{"confidence_level":0.95,"lower_bound":23925.01281166425,"upper_bound":24553.79461778471},"point_estimate":24119.239989599584,"standard_error":230.54068145554103},"MedianAbsDev":{"confidence_interval":{"confidence_level":0.95,"lower_bound":217.19867055054226,"upper_bound":1248.0593246412727},"point_estimate":644.270680309179,"standard_error":268.2480419163898},"Slope":{"confidence_interval":{"confidence_level":0.95,"lower_bound":23145.28449019131,"upper_bound":24170.24846182032},"point_estimate":23567.718637680573,"standard_error":294.5634476270058},"StdDev":{"confidence_interval":{"confidence_level":0.95,"lower_bound":449.7514268342072,"upper_bound":1150.974938574821},"point_estimate":861.8213884207559,"standard_error":205.70106461124522}}