{"Mean":{"confidence_interval":{"confidence_level":0.95,"lower_bound":0.6714605364464373,"upper_bound":0.7523059116470601},"point_estimate":0.7212826298130111,"standard_error":0.024147474296696225},"Median":{"confidence_interval":{"confidence_level":0.95,"lower_bound":0.717992535476234,"upper_bound":0.7628484106772225},"point_estimate":0.729003316991623,"standard_error":0.02134755716878681}}