{"Mean":{"confidence_interval":{"confidence_level":0.95,"lower_bound":-0.09107115387354932,"upper_bound":-0.013786936217979388},"point_estimate":-0.06060927932332827,"standard_error":0.0206560647485867},"Median":{"confidence_interval":{"confidence_level":0.95,"lower_bound":-0.10638909179941684,"upper_bound":-0.0035561546305087513},"point_estimate":-0.026407957978764385,"standard_error":0.03154421642966184}}