{"Mean":{"confidence_interval":{"confidence_level":0.95,"lower_bound":65503930.9838125,"upper_bound":71396066.9027768},"point_estimate":67977565.29797618,"standard_error":1531038.500360729},"Median":{"confidence_interval":{"confidence_level":0.95,"lower_bound":65180218.4125,"upper_bound":74707166.15714285},"point_estimate":66355570.1875,"standard_error":2184137.42369779},"MedianAbsDev":{"confidence_interval":{"confidence_level":0.95,"lower_bound":93670.99760544291,"upper_bound":5992370.602219468},"point_estimate":1855397.7911476046,"standard_error":1852800.5337767305},"Slope":{"confidence_interval":{"confidence_level":0.95,"lower_bound":66184710.188321926,"upper_bound":71219458.79237224},"point_estimate":68109146.10389611,"standard_error":1328174.6318066006},"StdDev":{"confidence_interval":{"confidence_level":0.95,"lower_bound":1870064.6487613071,"upper_bound":5595571.597378266},"point_estimate":4532378.130317903,"standard_error":945091.2953229742}}