{"Mean":{"confidence_interval":{"confidence_level":0.95,"lower_bound":3571157.123517857,"upper_bound":3794710.73321012},"point_estimate":3710437.7221507938,"standard_error":69907.6247767855},"Median":{"confidence_interval":{"confidence_level":0.95,"lower_bound":3524874.9555555554,"upper_bound":3804610.7333333334},"point_estimate":3697443.6416666666,"standard_error":84064.94117351594},"MedianAbsDev":{"confidence_interval":{"confidence_level":0.95,"lower_bound":26373.98753159309,"upper_bound":402253.1277111798},"point_estimate":211483.09202509123,"standard_error":100607.63175599933},"Slope":{"confidence_interval":{"confidence_level":0.95,"lower_bound":3521313.0189795005,"upper_bound":3677156.5091077443},"point_estimate":3574027.7511688313,"standard_error":37879.13913330397},"StdDev":{"confidence_interval":{"confidence_level":0.95,"lower_bound":102918.67430776084,"upper_bound":286276.3731239394},"point_estimate":219749.0647959272,"standard_error":58118.429508888796}}