{"Mean":{"confidence_interval":{"confidence_level":0.95,"lower_bound":1967126.0398685515,"upper_bound":2101771.546587798},"point_estimate":2018140.2935317464,"standard_error":34341.582215355935},"Median":{"confidence_interval":{"confidence_level":0.95,"lower_bound":1963563.1770833335,"upper_bound":2068935.3596354164},"point_estimate":1975539.40625,"standard_error":29976.913029555188},"MedianAbsDev":{"confidence_interval":{"confidence_level":0.95,"lower_bound":14556.610163287263,"upper_bound":129842.87653540105},"point_estimate":61781.3734948279,"standard_error":32296.701517476347},"Slope":{"confidence_interval":{"confidence_level":0.95,"lower_bound":1934214.9794466982,"upper_bound":1987427.4380463643},"point_estimate":1961311.223051948,"standard_error":15662.175130672584},"StdDev":{"confidence_interval":{"confidence_level":0.95,"lower_bound":45654.05138910816,"upper_bound":161646.76485068406},"point_estimate":114094.4331673006,"standard_error":34658.83375295179}}