{"Mean":{"confidence_interval":{"confidence_level":0.95,"lower_bound":8613.724874281519,"upper_bound":8935.5499285997},"point_estimate":8746.878138548367,"standard_error":83.7424651841049},"Median":{"confidence_interval":{"confidence_level":0.95,"lower_bound":8647.428750551146,"upper_bound":8763.028405828309},"point_estimate":8709.68349159108,"standard_error":29.212473858134206},"MedianAbsDev":{"confidence_interval":{"confidence_level":0.95,"lower_bound":195.1016342742108,"upper_bound":387.54524442311623},"point_estimate":265.9893631307798,"standard_error":50.48178533186581},"Slope":{"confidence_interval":{"confidence_level":0.95,"lower_bound":8346.405011519337,"upper_bound":8511.050772983157},"point_estimate":8424.857671762202,"standard_error":42.02275837348727},"StdDev":{"confidence_interval":{"confidence_level":0.95,"lower_bound":325.91611897430056,"upper_bound":1356.0778965206662},"point_estimate":846.5209071338027,"standard_error":329.9412119021758}}