{"Mean":{"confidence_interval":{"confidence_level":0.95,"lower_bound":39558.374429616575,"upper_bound":41044.50035053933},"point_estimate":40274.90192346636,"standard_error":379.87589259076935},"Median":{"confidence_interval":{"confidence_level":0.95,"lower_bound":38034.70461538462,"upper_bound":38835.14981818182},"point_estimate":38290.36125071716,"standard_error":203.850816132258},"MedianAbsDev":{"confidence_interval":{"confidence_level":0.95,"lower_bound":911.9040468373097,"upper_bound":2245.201058313589},"point_estimate":1301.6829121289823,"standard_error":338.5909252160377},"Slope":{"confidence_interval":{"confidence_level":0.95,"lower_bound":38562.16638438306,"upper_bound":40139.78570514529},"point_estimate":39256.152355016995,"standard_error":403.86731297458493},"StdDev":{"confidence_interval":{"confidence_level":0.95,"lower_bound":3035.9876091168267,"upper_bound":4608.515292681425},"point_estimate":3807.448239534004,"standard_error":407.6709074508503}}