{"Mean":{"confidence_interval":{"confidence_level":0.95,"lower_bound":79469877.05809523,"upper_bound":85634615.6792351},"point_estimate":82922945.78376983,"standard_error":1723573.6064303326},"Median":{"confidence_interval":{"confidence_level":0.95,"lower_bound":76864698.66666666,"upper_bound":87755359.62120536},"point_estimate":82952828.9,"standard_error":3472068.11294034},"MedianAbsDev":{"confidence_interval":{"confidence_level":0.95,"lower_bound":1591185.2498108018,"upper_bound":10543628.122250676},"point_estimate":9026261.723691834,"standard_error":3085940.913227546},"Slope":{"confidence_interval":{"confidence_level":0.95,"lower_bound":81809366.95947762,"upper_bound":89271719.52988257},"point_estimate":86280037.27792208,"standard_error":2235628.1327808425},"StdDev":{"confidence_interval":{"confidence_level":0.95,"lower_bound":4799209.313349283,"upper_bound":8027833.64705584},"point_estimate":6655249.125106347,"standard_error":911887.3929173058}}