{"Mean":{"confidence_interval":{"confidence_level":0.95,"lower_bound":26770.36213358267,"upper_bound":28571.515779472185},"point_estimate":27531.79655323781,"standard_error":484.99291080248554},"Median":{"confidence_interval":{"confidence_level":0.95,"lower_bound":26411.719174041296,"upper_bound":28862.386061946905},"point_estimate":27953.646902654866,"standard_error":791.1587757461336},"MedianAbsDev":{"confidence_interval":{"confidence_level":0.95,"lower_bound":578.9536857582442,"upper_bound":3159.1506292583326},"point_estimate":2081.0458987708657,"standard_error":736.6024360972855},"Slope":{"confidence_interval":{"confidence_level":0.95,"lower_bound":25506.33911280114,"upper_bound":30154.249309702787},"point_estimate":27224.083149063325,"standard_error":1257.2550131601265},"StdDev":{"confidence_interval":{"confidence_level":0.95,"lower_bound":1315.0539445412724,"upper_bound":2369.1405779868714},"point_estimate":2084.5440064663353,"standard_error":286.6951832206746}}