{"Mean":{"confidence_interval":{"confidence_level":0.95,"lower_bound":783721.9754041354,"upper_bound":832672.3817048873},"point_estimate":809303.0866353384,"standard_error":15247.5422908918},"Median":{"confidence_interval":{"confidence_level":0.95,"lower_bound":779740.9151315789,"upper_bound":810563.2302005012},"point_estimate":796162.8101503759,"standard_error":17666.116979253417},"MedianAbsDev":{"confidence_interval":{"confidence_level":0.95,"lower_bound":7647.877494683659,"upper_bound":71820.88360062183},"point_estimate":27334.791628526167,"standard_error":17114.510090239935},"Slope":{"confidence_interval":{"confidence_level":0.95,"lower_bound":762486.3076157832,"upper_bound":800561.6272840367},"point_estimate":776500.804101162,"standard_error":10213.095794904233},"StdDev":{"confidence_interval":{"confidence_level":0.95,"lower_bound":19780.958263400873,"upper_bound":67366.91196961493},"point_estimate":53609.46790255764,"standard_error":12297.744354001727}}