{"Mean":{"confidence_interval":{"confidence_level":0.95,"lower_bound":115519.23781947474,"upper_bound":125737.321510269},"point_estimate":120411.44519265721,"standard_error":3079.188955561598},"Median":{"confidence_interval":{"confidence_level":0.95,"lower_bound":112082.96877862595,"upper_bound":119188.25197201018},"point_estimate":117568.06597600871,"standard_error":1932.9786478474189},"MedianAbsDev":{"confidence_interval":{"confidence_level":0.95,"lower_bound":1044.7686045623375,"upper_bound":11267.589451861062},"point_estimate":4938.559374918461,"standard_error":3283.7495301671433},"Slope":{"confidence_interval":{"confidence_level":0.95,"lower_bound":112578.18097236674,"upper_bound":118118.10501991649},"point_estimate":114204.97390700901,"standard_error":1493.6762715951425},"StdDev":{"confidence_interval":{"confidence_level":0.95,"lower_bound":2988.6067330999545,"upper_bound":14917.733806191363},"point_estimate":10878.173365992232,"standard_error":3314.2902668445417}}