{"Mean":{"confidence_interval":{"confidence_level":0.95,"lower_bound":48782125.881589286,"upper_bound":52047932.17530159},"point_estimate":50614524.48230158,"standard_error":899488.7369070967},"Median":{"confidence_interval":{"confidence_level":0.95,"lower_bound":47934710.115625,"upper_bound":53135674.25},"point_estimate":48703995.35,"standard_error":1735648.5816174713},"MedianAbsDev":{"confidence_interval":{"confidence_level":0.95,"lower_bound":182606.1678130925,"upper_bound":4828835.602842448},"point_estimate":1512033.490866044,"standard_error":1557686.2099305273},"Slope":{"confidence_interval":{"confidence_level":0.95,"lower_bound":48059230.8256524,"upper_bound":53905672.188798055},"point_estimate":51826327.535064936,"standard_error":1634754.817565661},"StdDev":{"confidence_interval":{"confidence_level":0.95,"lower_bound":2037445.1058617553,"upper_bound":3868218.280203339},"point_estimate":3385089.738763669,"standard_error":525924.43484321}}