{"Mean":{"confidence_interval":{"confidence_level":0.95,"lower_bound":821285.2848165786,"upper_bound":866305.0414689153},"point_estimate":842589.9337389771,"standard_error":12096.746455957093},"Median":{"confidence_interval":{"confidence_level":0.95,"lower_bound":825837.8405555555,"upper_bound":866717.9303075396},"point_estimate":834009.9151234569,"standard_error":12802.521863841204},"MedianAbsDev":{"confidence_interval":{"confidence_level":0.95,"lower_bound":1761.8758206649893,"upper_bound":72288.24429890497},"point_estimate":15710.020562758029,"standard_error":18472.705683764187},"Slope":{"confidence_interval":{"confidence_level":0.95,"lower_bound":808520.2250538836,"upper_bound":842725.3515838386},"point_estimate":824556.8978354979,"standard_error":11538.01024374069},"StdDev":{"confidence_interval":{"confidence_level":0.95,"lower_bound":9134.35747665211,"upper_bound":47955.69605953472},"point_estimate":36493.754851472666,"standard_error":10818.102185204834}}