{"Mean":{"confidence_interval":{"confidence_level":0.95,"lower_bound":959745048.8243531,"upper_bound":1034462218.9365159},"point_estimate":993061285.0731745,"standard_error":20069290.065859538},"Median":{"confidence_interval":{"confidence_level":0.95,"lower_bound":960176993.8111111,"upper_bound":1032098722.73375},"point_estimate":987363753.0714285,"standard_error":17931776.24712124},"MedianAbsDev":{"confidence_interval":{"confidence_level":0.95,"lower_bound":4075587.8438105485,"upper_bound":97418456.88618739},"point_estimate":71538692.73286434,"standard_error":28905587.432059556},"Slope":{"confidence_interval":{"confidence_level":0.95,"lower_bound":955776134.5000197,"upper_bound":1035103128.8871921},"point_estimate":994685631.6441559,"standard_error":23769257.20712418},"StdDev":{"confidence_interval":{"confidence_level":0.95,"lower_bound":41582030.7984885,"upper_bound":86440115.91029087},"point_estimate":66513852.04360693,"standard_error":12777732.407736212}}