{"Mean":{"confidence_interval":{"confidence_level":0.95,"lower_bound":64652.90371595579,"upper_bound":66140.23422795895},"point_estimate":65354.40963672141,"standard_error":379.9299434557876},"Median":{"confidence_interval":{"confidence_level":0.95,"lower_bound":63351.01739130435,"upper_bound":64404.230128205134},"point_estimate":63766.6195,"standard_error":243.99684368326737},"MedianAbsDev":{"confidence_interval":{"confidence_level":0.95,"lower_bound":881.0052191389315,"upper_bound":2161.468045852907},"point_estimate":1420.0658813701652,"standard_error":303.9165817771181},"Slope":{"confidence_interval":{"confidence_level":0.95,"lower_bound":64335.5170983785,"upper_bound":66887.24333275965},"point_estimate":65540.88530732476,"standard_error":654.24339677785},"StdDev":{"confidence_interval":{"confidence_level":0.95,"lower_bound":2643.2657672534174,"upper_bound":4930.1126968310555},"point_estimate":3828.7030578835697,"standard_error":588.0995056554567}}