{"Mean":{"confidence_interval":{"confidence_level":0.95,"lower_bound":-0.10344065399785216,"upper_bound":0.0001983690570702152},"point_estimate":-0.04767218897369052,"standard_error":0.02694057436049931},"Median":{"confidence_interval":{"confidence_level":0.95,"lower_bound":-0.13033179979411802,"upper_bound":0.03625706786206306},"point_estimate":-0.0744674659508534,"standard_error":0.04652684522026479}}