{"Mean":{"confidence_interval":{"confidence_level":0.95,"lower_bound":99914.00573694754,"upper_bound":102703.8022290694},"point_estimate":101381.21877036,"standard_error":772.6509932148153},"Median":{"confidence_interval":{"confidence_level":0.95,"lower_bound":99914.76405228759,"upper_bound":103272.79248366013},"point_estimate":100952.12278244631,"standard_error":788.8126254675668},"MedianAbsDev":{"confidence_interval":{"confidence_level":0.95,"lower_bound":320.29052980389525,"upper_bound":3897.581192789402},"point_estimate":1811.1659307865464,"standard_error":1061.6828451030196},"Slope":{"confidence_interval":{"confidence_level":0.95,"lower_bound":99444.43288684102,"upper_bound":100845.84083892699},"point_estimate":100316.10934555641,"standard_error":417.811267343233},"StdDev":{"confidence_interval":{"confidence_level":0.95,"lower_bound":739.1639306099662,"upper_bound":3345.9776521842437},"point_estimate":2640.984230517277,"standard_error":724.4009958471696}}