{"Mean":{"confidence_interval":{"confidence_level":0.95,"lower_bound":451621808.1132916,"upper_bound":478725985.1930913},"point_estimate":466517580.3626587,"standard_error":7717352.330754583},"Median":{"confidence_interval":{"confidence_level":0.95,"lower_bound":449272507.8,"upper_bound":466186928.5833334},"point_estimate":453646642.575,"standard_error":6414668.599045474},"MedianAbsDev":{"confidence_interval":{"confidence_level":0.95,"lower_bound":1396958.2556855786,"upper_bound":23685439.274933316},"point_estimate":9575229.118560676,"standard_error":6786575.089273},"Slope":{"confidence_interval":{"confidence_level":0.95,"lower_bound":451822492.2844403,"upper_bound":479448831.0737864},"point_estimate":463799344.0337662,"standard_error":8571299.627475724},"StdDev":{"confidence_interval":{"confidence_level":0.95,"lower_bound":4980235.2409447115,"upper_bound":35426819.17922212},"point_estimate":27400961.038760304,"standard_error":8921102.48768993}}