{"Mean":{"confidence_interval":{"confidence_level":0.95,"lower_bound":3685.7143494069037,"upper_bound":3960.2098230214056},"point_estimate":3800.9768449302364,"standard_error":69.1696376175883},"Median":{"confidence_interval":{"confidence_level":0.95,"lower_bound":3794.330039914549,"upper_bound":3881.0805177647853},"point_estimate":3848.3727553085546,"standard_error":38.268608591834884},"MedianAbsDev":{"confidence_interval":{"confidence_level":0.95,"lower_bound":8.67609727007454,"upper_bound":414.85568323946023},"point_estimate":95.17463765425231,"standard_error":115.96881287666915},"Slope":{"confidence_interval":{"confidence_level":0.95,"lower_bound":3470.0744408821492,"upper_bound":3984.0529333850327},"point_estimate":3651.75498205415,"standard_error":123.82572636881828},"StdDev":{"confidence_interval":{"confidence_level":0.95,"lower_bound":92.9546425858157,"upper_bound":313.38571964564426},"point_estimate":253.5904850341397,"standard_error":63.67156826891224}}