{"Mean":{"confidence_interval":{"confidence_level":0.95,"lower_bound":-0.025056420674912976,"upper_bound":0.022752059079812915},"point_estimate":-0.002167805040135251,"standard_error":0.012500010987784709},"Median":{"confidence_interval":{"confidence_level":0.95,"lower_bound":-0.01738497832560982,"upper_bound":0.022174558125613197},"point_estimate":-0.0003936551631437135,"standard_error":0.011006268597768598}}