{"Mean":{"confidence_interval":{"confidence_level":0.95,"lower_bound":109275.05407876299,"upper_bound":118371.38400883962},"point_estimate":112225.28061357416,"standard_error":2417.5779430363445},"Median":{"confidence_interval":{"confidence_level":0.95,"lower_bound":106085.77145566502,"upper_bound":124542.04698275862},"point_estimate":107088.37155172414,"standard_error":5424.358946717514},"MedianAbsDev":{"confidence_interval":{"confidence_level":0.95,"lower_bound":715.3931955750916,"upper_bound":12791.82954645997},"point_estimate":4234.2631769992095,"standard_error":3826.7856771922834},"Slope":{"confidence_interval":{"confidence_level":0.95,"lower_bound":105279.73694100781,"upper_bound":111090.96702715797},"point_estimate":107796.2587012987,"standard_error":1760.052401318985},"StdDev":{"confidence_interval":{"confidence_level":0.95,"lower_bound":6679.330965898951,"upper_bound":9995.102579269042},"point_estimate":8971.679166819324,"standard_error":801.8120755901631}}