{"Mean":{"confidence_interval":{"confidence_level":0.95,"lower_bound":-0.6190994893601822,"upper_bound":-0.6078691589616639},"point_estimate":-0.6129898632166033,"standard_error":0.002863143076690805},"Median":{"confidence_interval":{"confidence_level":0.95,"lower_bound":-0.6118927551666538,"upper_bound":-0.6069231545254165},"point_estimate":-0.6088266551531273,"standard_error":0.0013538453037097423}}