{"Mean":{"confidence_interval":{"confidence_level":0.95,"lower_bound":1491554984.6545358,"upper_bound":1531525469.7733648},"point_estimate":1507723692.764127,"standard_error":11357297.036109539},"Median":{"confidence_interval":{"confidence_level":0.95,"lower_bound":1478644068.392857,"upper_bound":1549736687.571875},"point_estimate":1490312810.775,"standard_error":18101055.159741648},"MedianAbsDev":{"confidence_interval":{"confidence_level":0.95,"lower_bound":1410011.7144396992,"upper_bound":50163998.88293067},"point_estimate":18611519.07257941,"standard_error":13546369.432576902},"Slope":{"confidence_interval":{"confidence_level":0.95,"lower_bound":1487192850.4288247,"upper_bound":1523120168.629056},"point_estimate":1500571847.3402598,"standard_error":10837662.499763833},"StdDev":{"confidence_interval":{"confidence_level":0.95,"lower_bound":22776747.769871905,"upper_bound":47246617.54441973},"point_estimate":38418420.463405736,"standard_error":6098297.884836053}}