{"Mean":{"confidence_interval":{"confidence_level":0.95,"lower_bound":2362625.9300008505,"upper_bound":2718015.7297134353},"point_estimate":2545123.7021088437,"standard_error":95635.11377050898},"Median":{"confidence_interval":{"confidence_level":0.95,"lower_bound":2311431.5654761903,"upper_bound":2650216.761904762},"point_estimate":2558781.9464285714,"standard_error":87832.92239563318},"MedianAbsDev":{"confidence_interval":{"confidence_level":0.95,"lower_bound":45665.21629053052,"upper_bound":394522.50553868274},"point_estimate":163588.95855571536,"standard_error":106838.69966497146},"Slope":{"confidence_interval":{"confidence_level":0.95,"lower_bound":2219222.759715909,"upper_bound":2617763.2200444466},"point_estimate":2413184.7120593693,"standard_error":120633.07679008902},"StdDev":{"confidence_interval":{"confidence_level":0.95,"lower_bound":96667.59067462613,"upper_bound":376882.47769823327},"point_estimate":291481.70293081313,"standard_error":74080.80968541752}}