{"Mean":{"confidence_interval":{"confidence_level":0.95,"lower_bound":501259366.0793541,"upper_bound":549311000.4528393},"point_estimate":523019783.7261508,"standard_error":11680564.043175308},"Median":{"confidence_interval":{"confidence_level":0.95,"lower_bound":491053524.26111114,"upper_bound":548511978.7142857},"point_estimate":513337967.0,"standard_error":18284652.193103798},"MedianAbsDev":{"confidence_interval":{"confidence_level":0.95,"lower_bound":6724384.857190434,"upper_bound":64493821.18163075},"point_estimate":39011887.13581055,"standard_error":17450251.845800065},"Slope":{"confidence_interval":{"confidence_level":0.95,"lower_bound":496628844.33312297,"upper_bound":546072888.9886842},"point_estimate":514037121.4779221,"standard_error":13118558.933578841},"StdDev":{"confidence_interval":{"confidence_level":0.95,"lower_bound":16131742.857128344,"upper_bound":47889352.5898771},"point_estimate":39369060.098678775,"standard_error":7749258.246302315}}