{"Mean":{"confidence_interval":{"confidence_level":0.95,"lower_bound":378292.32229650294,"upper_bound":398646.52324650297},"point_estimate":386646.002608135,"standard_error":5789.181834968057},"Median":{"confidence_interval":{"confidence_level":0.95,"lower_bound":378596.2184375,"upper_bound":389778.25543749996},"point_estimate":381625.90654761903,"standard_error":2997.0337485444197},"MedianAbsDev":{"confidence_interval":{"confidence_level":0.95,"lower_bound":1269.5393703361817,"upper_bound":18482.673964554466},"point_estimate":8853.627436816696,"standard_error":5828.537082757639},"Slope":{"confidence_interval":{"confidence_level":0.95,"lower_bound":376117.33351405896,"upper_bound":411577.41671899223},"point_estimate":392675.3977922078,"standard_error":10362.822041093332},"StdDev":{"confidence_interval":{"confidence_level":0.95,"lower_bound":4344.8203811548265,"upper_bound":27792.725937732255},"point_estimate":18444.060065416885,"standard_error":7633.460754006204}}