{"Mean":{"confidence_interval":{"confidence_level":0.95,"lower_bound":163269.33795253508,"upper_bound":168223.13345487555},"point_estimate":165540.16614848207,"standard_error":1423.7222525581496},"Median":{"confidence_interval":{"confidence_level":0.95,"lower_bound":162894.20509708737,"upper_bound":168132.19312297736},"point_estimate":164067.0353675451,"standard_error":1421.749027699376},"MedianAbsDev":{"confidence_interval":{"confidence_level":0.95,"lower_bound":575.8600506168692,"upper_bound":7768.10061228385},"point_estimate":2165.8478120744317,"standard_error":1750.7072277983523},"Slope":{"confidence_interval":{"confidence_level":0.95,"lower_bound":163071.06949511325,"upper_bound":171563.4693647651},"point_estimate":166847.19319127474,"standard_error":2499.3871590366703},"StdDev":{"confidence_interval":{"confidence_level":0.95,"lower_bound":875.090007500001,"upper_bound":5347.694948141181},"point_estimate":4002.83210887031,"standard_error":1310.6610522933531}}