{"Mean":{"confidence_interval":{"confidence_level":0.95,"lower_bound":9677.476067706277,"upper_bound":9964.227859510307},"point_estimate":9807.261636963463,"standard_error":82.71291081971894},"Median":{"confidence_interval":{"confidence_level":0.95,"lower_bound":9670.514228550295,"upper_bound":9998.225919038226},"point_estimate":9731.358520710059,"standard_error":74.900365413819},"MedianAbsDev":{"confidence_interval":{"confidence_level":0.95,"lower_bound":17.99169610883832,"upper_bound":473.7455961179584},"point_estimate":159.46241213446007,"standard_error":114.85734750405716},"Slope":{"confidence_interval":{"confidence_level":0.95,"lower_bound":9566.992960677411,"upper_bound":9892.407450467099},"point_estimate":9755.735635134097,"standard_error":90.50272603641959},"StdDev":{"confidence_interval":{"confidence_level":0.95,"lower_bound":70.3383444453348,"upper_bound":354.90516936767966},"point_estimate":276.69719209701043,"standard_error":83.1364561298344}}