{"Mean":{"confidence_interval":{"confidence_level":0.95,"lower_bound":-0.059570081611291875,"upper_bound":0.026596137475051178},"point_estimate":-0.016612626949651377,"standard_error":0.023609517119691656},"Median":{"confidence_interval":{"confidence_level":0.95,"lower_bound":-0.048416742405930156,"upper_bound":0.02224694789719067},"point_estimate":-0.009688110390735027,"standard_error":0.01617556086538495}}