{"Mean":{"confidence_interval":{"confidence_level":0.95,"lower_bound":-0.05315286930508144,"upper_bound":-0.013591593056595035},"point_estimate":-0.03337989757061699,"standard_error":0.01079256246103804},"Median":{"confidence_interval":{"confidence_level":0.95,"lower_bound":-0.06496836209028255,"upper_bound":0.013908742067649816},"point_estimate":-0.02182083862508899,"standard_error":0.021488762255564575}}