{"Mean":{"confidence_interval":{"confidence_level":0.95,"lower_bound":178868929.681875,"upper_bound":194965337.97304168},"point_estimate":186288303.4066667,"standard_error":5005167.909538388},"Median":{"confidence_interval":{"confidence_level":0.95,"lower_bound":177144139.0,"upper_bound":195898093.33333334},"point_estimate":178887991.0416667,"standard_error":6711735.581617246},"MedianAbsDev":{"confidence_interval":{"confidence_level":0.95,"lower_bound":1451920.5988314084,"upper_bound":24262687.055250578},"point_estimate":7518522.809569538,"standard_error":6786355.97328982},"Slope":{"confidence_interval":{"confidence_level":0.95,"lower_bound":174204015.23493525,"upper_bound":186218631.20924836},"point_estimate":179648081.7948052,"standard_error":3125854.9775808994},"StdDev":{"confidence_interval":{"confidence_level":0.95,"lower_bound":6515952.218697838,"upper_bound":18599315.556644727},"point_estimate":15290627.71168046,"standard_error":3434136.741021206}}