{"Mean":{"confidence_interval":{"confidence_level":0.95,"lower_bound":389330802.6942222,"upper_bound":417229721.9014583},"point_estimate":399868888.28555554,"standard_error":7336130.073016186},"Median":{"confidence_interval":{"confidence_level":0.95,"lower_bound":384702904.25,"upper_bound":417208150.21666664},"point_estimate":387567590.84444445,"standard_error":9132752.102724576},"MedianAbsDev":{"confidence_interval":{"confidence_level":0.95,"lower_bound":1612995.5741660977,"upper_bound":47012632.32956011},"point_estimate":8026288.467004895,"standard_error":12278406.148942461},"Slope":{"confidence_interval":{"confidence_level":0.95,"lower_bound":383587410.8212121,"upper_bound":390891016.749025},"point_estimate":387219740.5714286,"standard_error":2401324.3436386837},"StdDev":{"confidence_interval":{"confidence_level":0.95,"lower_bound":9800639.615742125,"upper_bound":34799266.92030313},"point_estimate":25173670.007515848,"standard_error":7165638.707191447}}