{"Mean":{"confidence_interval":{"confidence_level":0.95,"lower_bound":-0.015955469025369096,"upper_bound":0.09048303846995266},"point_estimate":0.047952824794409654,"standard_error":0.030249463613048564},"Median":{"confidence_interval":{"confidence_level":0.95,"lower_bound":-0.007111660745550682,"upper_bound":0.07207004378961368},"point_estimate":0.0645187204466664,"standard_error":0.02482064218624876}}