{"Mean":{"confidence_interval":{"confidence_level":0.95,"lower_bound":18892.567348732813,"upper_bound":19154.376498707235},"point_estimate":19013.982418030457,"standard_error":65.617659989754},"Median":{"confidence_interval":{"confidence_level":0.95,"lower_bound":18880.386452739658,"upper_bound":19070.109069212413},"point_estimate":19036.156026252982,"standard_error":56.470382428211984},"MedianAbsDev":{"confidence_interval":{"confidence_level":0.95,"lower_bound":20.639344117469868,"upper_bound":228.32644904864745},"point_estimate":122.49868020886629,"standard_error":59.45413438659628},"Slope":{"confidence_interval":{"confidence_level":0.95,"lower_bound":18827.003811682054,"upper_bound":19015.331339191624},"point_estimate":18895.067296903573,"standard_error":52.07843112085347},"StdDev":{"confidence_interval":{"confidence_level":0.95,"lower_bound":69.94206229045098,"upper_bound":312.68932753342347},"point_estimate":241.14838685171594,"standard_error":67.62381573868734}}