{"Mean":{"confidence_interval":{"confidence_level":0.95,"lower_bound":6250620.7940929225,"upper_bound":6771387.433330357},"point_estimate":6549564.028082011,"standard_error":157315.36078703532},"Median":{"confidence_interval":{"confidence_level":0.95,"lower_bound":6274704.142857143,"upper_bound":6818892.79625},"point_estimate":6645809.0,"standard_error":157626.51699098514},"MedianAbsDev":{"confidence_interval":{"confidence_level":0.95,"lower_bound":48332.63559192465,"upper_bound":908107.2209218751},"point_estimate":426204.1840400299,"standard_error":218445.90644693232},"Slope":{"confidence_interval":{"confidence_level":0.95,"lower_bound":5973238.704518394,"upper_bound":6637113.776294881},"point_estimate":6268028.6095238095,"standard_error":183842.23564385375},"StdDev":{"confidence_interval":{"confidence_level":0.95,"lower_bound":254663.9358241427,"upper_bound":678386.502096123},"point_estimate":561390.4614306695,"standard_error":110412.56120290789}}