{"Mean":{"confidence_interval":{"confidence_level":0.95,"lower_bound":8927.912036747233,"upper_bound":9181.198857345726},"point_estimate":9050.700271137692,"standard_error":64.5860725859521},"Median":{"confidence_interval":{"confidence_level":0.95,"lower_bound":8683.281872940279,"upper_bound":8979.830357142857},"point_estimate":8754.448348126232,"standard_error":73.67198944187362},"MedianAbsDev":{"confidence_interval":{"confidence_level":0.95,"lower_bound":259.0533535025725,"upper_bound":618.0707285487528},"point_estimate":391.9588735502138,"standard_error":85.94599727905077},"Slope":{"confidence_interval":{"confidence_level":0.95,"lower_bound":8724.642384994255,"upper_bound":9024.122013658964},"point_estimate":8866.455833570153,"standard_error":76.5227143125602},"StdDev":{"confidence_interval":{"confidence_level":0.95,"lower_bound":539.5037997341054,"upper_bound":744.2934232554707},"point_estimate":649.7659887670208,"standard_error":52.26735095906893}}