{"Mean":{"confidence_interval":{"confidence_level":0.95,"lower_bound":134077.527802736,"upper_bound":138979.5814871554},"point_estimate":135923.65863826234,"standard_error":1369.0232089153212},"Median":{"confidence_interval":{"confidence_level":0.95,"lower_bound":133858.52418311403,"upper_bound":137143.45797697367},"point_estimate":134622.9837719298,"standard_error":865.6993767061894},"MedianAbsDev":{"confidence_interval":{"confidence_level":0.95,"lower_bound":318.5652159233081,"upper_bound":4258.635007811892},"point_estimate":1893.5814704611369,"standard_error":1217.903516488202},"Slope":{"confidence_interval":{"confidence_level":0.95,"lower_bound":132772.06601784096,"upper_bound":135275.13063530833},"point_estimate":134043.8480747323,"standard_error":662.052017536832},"StdDev":{"confidence_interval":{"confidence_level":0.95,"lower_bound":1434.9656577753524,"upper_bound":5874.932670889973},"point_estimate":4277.3899319614775,"standard_error":1346.9446277388506}}