{"Mean":{"confidence_interval":{"confidence_level":0.95,"lower_bound":103999.06445565475,"upper_bound":105792.09284318578},"point_estimate":104865.56560391866,"standard_error":512.514682317523},"Median":{"confidence_interval":{"confidence_level":0.95,"lower_bound":103085.65413839286,"upper_bound":106624.73894531249},"point_estimate":105087.81315104166,"standard_error":944.3731270863332},"MedianAbsDev":{"confidence_interval":{"confidence_level":0.95,"lower_bound":413.6580999666601,"upper_bound":2972.542166590122},"point_estimate":2674.933706026073,"standard_error":670.4836137751969},"Slope":{"confidence_interval":{"confidence_level":0.95,"lower_bound":103032.81463527391,"upper_bound":105268.93819627665},"point_estimate":103736.21347402598,"standard_error":572.9179960086548},"StdDev":{"confidence_interval":{"confidence_level":0.95,"lower_bound":1139.5373603692767,"upper_bound":2053.99150125555},"point_estimate":1788.4434450595627,"standard_error":235.03488594193323}}