{"Mean":{"confidence_interval":{"confidence_level":0.95,"lower_bound":-0.00921078939669572,"upper_bound":0.11052610721864896},"point_estimate":0.03248957344609549,"standard_error":0.0323450685671254},"Median":{"confidence_interval":{"confidence_level":0.95,"lower_bound":-0.012834567824822687,"upper_bound":0.05467029995078911},"point_estimate":0.02657850203749046,"standard_error":0.017801333690821725}}