{"Mean":{"confidence_interval":{"confidence_level":0.95,"lower_bound":0.03840302861715885,"upper_bound":0.18600664691738097},"point_estimate":0.10774192367336655,"standard_error":0.045216798825029235},"Median":{"confidence_interval":{"confidence_level":0.95,"lower_bound":0.0012368398327014729,"upper_bound":0.1699866456167085},"point_estimate":0.02688978140941023,"standard_error":0.05405707529912862}}