{"Mean":{"confidence_interval":{"confidence_level":0.95,"lower_bound":28536880.228678573,"upper_bound":30156997.06340476},"point_estimate":29335407.839920633,"standard_error":449578.5085130974},"Median":{"confidence_interval":{"confidence_level":0.95,"lower_bound":28278556.778125,"upper_bound":30098135.0},"point_estimate":28874802.166666664,"standard_error":488525.50758913276},"MedianAbsDev":{"confidence_interval":{"confidence_level":0.95,"lower_bound":436398.8390086207,"upper_bound":2419294.383095189},"point_estimate":1134078.843866076,"standard_error":528136.5495053871},"Slope":{"confidence_interval":{"confidence_level":0.95,"lower_bound":29030939.83721995,"upper_bound":31186410.161724314},"point_estimate":30193181.33766234,"standard_error":708654.4101348341},"StdDev":{"confidence_interval":{"confidence_level":0.95,"lower_bound":804969.8139937549,"upper_bound":2031108.1900687634},"point_estimate":1706884.3953805426,"standard_error":330065.9829031334}}