{"Mean":{"confidence_interval":{"confidence_level":0.95,"lower_bound":25800.75535018979,"upper_bound":26456.269950786747},"point_estimate":26135.0407084196,"standard_error":196.97756685765594},"Median":{"confidence_interval":{"confidence_level":0.95,"lower_bound":25698.167838164252,"upper_bound":26713.11682826087},"point_estimate":26317.35751552795,"standard_error":307.1464657835292},"MedianAbsDev":{"confidence_interval":{"confidence_level":0.95,"lower_bound":246.2677290626579,"upper_bound":1045.2280571446531},"point_estimate":668.6083357428732,"standard_error":247.40567493497713},"Slope":{"confidence_interval":{"confidence_level":0.95,"lower_bound":25355.335315281332,"upper_bound":26330.583296414694},"point_estimate":25706.498055335967,"standard_error":270.7172935769149},"StdDev":{"confidence_interval":{"confidence_level":0.95,"lower_bound":406.1555124955317,"upper_bound":810.0109968517729},"point_estimate":649.977287855836,"standard_error":114.2064045879779}}