{"Mean":{"confidence_interval":{"confidence_level":0.95,"lower_bound":-0.00906674838702007,"upper_bound":0.11820570260231043},"point_estimate":0.06480702458739329,"standard_error":0.035128937294441664},"Median":{"confidence_interval":{"confidence_level":0.95,"lower_bound":-0.052167168761667514,"upper_bound":0.16324474746763462},"point_estimate":0.10948889952740415,"standard_error":0.05858559710577704}}