{"Mean":{"confidence_interval":{"confidence_level":0.95,"lower_bound":187809295.44361806,"upper_bound":193794357.73368752},"point_estimate":190545133.4002778,"standard_error":1870726.4977770138},"Median":{"confidence_interval":{"confidence_level":0.95,"lower_bound":188736045.76666665,"upper_bound":194628330.953125},"point_estimate":189500999.7222222,"standard_error":1465139.0062136895},"MedianAbsDev":{"confidence_interval":{"confidence_level":0.95,"lower_bound":536434.8984253024,"upper_bound":9886572.907665744},"point_estimate":3219741.359338157,"standard_error":3202621.7118550916},"Slope":{"confidence_interval":{"confidence_level":0.95,"lower_bound":186915484.22108775,"upper_bound":190256320.2741815},"point_estimate":188675829.66753247,"standard_error":799825.8937325781},"StdDev":{"confidence_interval":{"confidence_level":0.95,"lower_bound":2698336.9070606376,"upper_bound":6902363.410247867},"point_estimate":5462276.849509146,"standard_error":1178541.4514826701}}