{"Mean":{"confidence_interval":{"confidence_level":0.95,"lower_bound":8198094.030479167,"upper_bound":8505670.10453125},"point_estimate":8348474.785892857,"standard_error":85818.96948376222},"Median":{"confidence_interval":{"confidence_level":0.95,"lower_bound":8248883.210416667,"upper_bound":8607642.258333333},"point_estimate":8302220.520833334,"standard_error":103020.99843034605},"MedianAbsDev":{"confidence_interval":{"confidence_level":0.95,"lower_bound":24325.944393128313,"upper_bound":567340.2104919484},"point_estimate":222963.78430410093,"standard_error":154883.87821925702},"Slope":{"confidence_interval":{"confidence_level":0.95,"lower_bound":8057892.585036363,"upper_bound":8690474.509869568},"point_estimate":8442906.028571429,"standard_error":145187.62466277313},"StdDev":{"confidence_interval":{"confidence_level":0.95,"lower_bound":142303.47509170903,"upper_bound":382214.19673618465},"point_estimate":276200.51656746335,"standard_error":59316.087443938115}}