{"Mean":{"confidence_interval":{"confidence_level":0.95,"lower_bound":-0.08351545546604117,"upper_bound":0.004578167395597074},"point_estimate":-0.036600503664696804,"standard_error":0.022470949567736064},"Median":{"confidence_interval":{"confidence_level":0.95,"lower_bound":-0.07684517468399799,"upper_bound":0.04278870352373161},"point_estimate":-0.036599149239199935,"standard_error":0.03316744123465486}}