{"Mean":{"confidence_interval":{"confidence_level":0.95,"lower_bound":-0.030938151197191358,"upper_bound":0.0001586141699118093},"point_estimate":-0.013453726631216134,"standard_error":0.009180245804225466},"Median":{"confidence_interval":{"confidence_level":0.95,"lower_bound":-0.0440890875680972,"upper_bound":-0.009933370871990066},"point_estimate":-0.02127128992201588,"standard_error":0.009181113740656669}}