{"Mean":{"confidence_interval":{"confidence_level":0.95,"lower_bound":916097471.4706032,"upper_bound":957821007.5035793},"point_estimate":932331224.1734921,"standard_error":12641459.054069092},"Median":{"confidence_interval":{"confidence_level":0.95,"lower_bound":916805735.0,"upper_bound":937558602.4504167},"point_estimate":919292105.7,"standard_error":11115523.470351338},"MedianAbsDev":{"confidence_interval":{"confidence_level":0.95,"lower_bound":1429271.0039740948,"upper_bound":41566121.84005162},"point_estimate":7386026.334031856,"standard_error":11028874.458232481},"Slope":{"confidence_interval":{"confidence_level":0.95,"lower_bound":912080482.6796962,"upper_bound":922113917.9992148},"point_estimate":917230003.7792208,"standard_error":2714835.2746814},"StdDev":{"confidence_interval":{"confidence_level":0.95,"lower_bound":4719860.575583764,"upper_bound":56559008.80315937},"point_estimate":37948159.65381609,"standard_error":16831363.755506888}}