{"Mean":{"confidence_interval":{"confidence_level":0.95,"lower_bound":0.087261313383973,"upper_bound":0.13310887996397633},"point_estimate":0.10491064097732994,"standard_error":0.013202339073548458},"Median":{"confidence_interval":{"confidence_level":0.95,"lower_bound":0.08414543240336486,"upper_bound":0.14370697237233054},"point_estimate":0.1303820663352584,"standard_error":0.01863188381912036}}