{"Mean":{"confidence_interval":{"confidence_level":0.95,"lower_bound":-0.009570113995287908,"upper_bound":0.04051851640789978},"point_estimate":0.006428854659412231,"standard_error":0.013493367538877993},"Median":{"confidence_interval":{"confidence_level":0.95,"lower_bound":-0.006492799118221967,"upper_bound":0.03011403278118996},"point_estimate":0.016076883667108577,"standard_error":0.009393558559669954}}