{"Mean":{"confidence_interval":{"confidence_level":0.95,"lower_bound":-0.03863537717755399,"upper_bound":0.0366818748991834},"point_estimate":-0.009895921038392208,"standard_error":0.02297431393709196},"Median":{"confidence_interval":{"confidence_level":0.95,"lower_bound":-0.01960396194230455,"upper_bound":0.009174559357018941},"point_estimate":-0.013176136195568788,"standard_error":0.008415348170312498}}