{"Mean":{"confidence_interval":{"confidence_level":0.95,"lower_bound":0.02267105348678737,"upper_bound":0.0845217462922811},"point_estimate":0.05443082805137123,"standard_error":0.015757982226638635},"Median":{"confidence_interval":{"confidence_level":0.95,"lower_bound":0.024564655342199426,"upper_bound":0.062332139140776066},"point_estimate":0.042630967488119786,"standard_error":0.009761923834425599}}