{"Mean":{"confidence_interval":{"confidence_level":0.95,"lower_bound":2771.2219014022544,"upper_bound":3056.0924162043316},"point_estimate":2930.6714717252494,"standard_error":70.37181780094336},"Median":{"confidence_interval":{"confidence_level":0.95,"lower_bound":2710.8203598395003,"upper_bound":3151.7161424731185},"point_estimate":2897.871612903226,"standard_error":127.42632037667086},"MedianAbsDev":{"confidence_interval":{"confidence_level":0.95,"lower_bound":23.043273752664724,"upper_bound":351.0238887158981},"point_estimate":351.0238887158981,"standard_error":96.61156312592482},"Slope":{"confidence_interval":{"confidence_level":0.95,"lower_bound":2724.0197165636573,"upper_bound":2879.0394079970238},"point_estimate":2794.6066127800095,"standard_error":43.83361666648097},"StdDev":{"confidence_interval":{"confidence_level":0.95,"lower_bound":125.14450583889301,"upper_bound":260.6864843579923},"point_estimate":222.98343112419053,"standard_error":30.146693665196345}}