{"Mean":{"confidence_interval":{"confidence_level":0.95,"lower_bound":2491.3718474635266,"upper_bound":2750.9233605208105},"point_estimate":2614.3248387025105,"standard_error":68.35007001691457},"Median":{"confidence_interval":{"confidence_level":0.95,"lower_bound":2375.2322550544322,"upper_bound":2838.4265788158186},"point_estimate":2581.0164852255057,"standard_error":123.93824370749415},"MedianAbsDev":{"confidence_interval":{"confidence_level":0.95,"lower_bound":67.78073547472302,"upper_bound":367.0523550601898},"point_estimate":323.9194279592344,"standard_error":94.18390513836549},"Slope":{"confidence_interval":{"confidence_level":0.95,"lower_bound":2517.261696096242,"upper_bound":2865.398102822402},"point_estimate":2773.844086364646,"standard_error":89.33572899318047},"StdDev":{"confidence_interval":{"confidence_level":0.95,"lower_bound":161.66923003737736,"upper_bound":278.5163164716501},"point_estimate":243.61385267464607,"standard_error":31.897801161132634}}