{"Mean":{"confidence_interval":{"confidence_level":0.95,"lower_bound":79471.63943760782,"upper_bound":87025.95304031875},"point_estimate":82763.22706953071,"standard_error":2060.166943912972},"Median":{"confidence_interval":{"confidence_level":0.95,"lower_bound":78730.29198369566,"upper_bound":86744.52165987318},"point_estimate":80101.42904589372,"standard_error":2453.1136207734517},"MedianAbsDev":{"confidence_interval":{"confidence_level":0.95,"lower_bound":908.5424957202375,"upper_bound":6740.16348333071},"point_estimate":3104.8648265352376,"standard_error":1785.5174652813264},"Slope":{"confidence_interval":{"confidence_level":0.95,"lower_bound":78324.03555834846,"upper_bound":81044.96330152763},"point_estimate":79565.82848673066,"standard_error":781.8271296890142},"StdDev":{"confidence_interval":{"confidence_level":0.95,"lower_bound":1797.6220172852447,"upper_bound":8396.943490506252},"point_estimate":6815.246239452834,"standard_error":1809.291793815303}}