{"Mean":{"confidence_interval":{"confidence_level":0.95,"lower_bound":84297119.50376786,"upper_bound":90991990.3845139},"point_estimate":88014879.29103175,"standard_error":1994746.9418785826},"Median":{"confidence_interval":{"confidence_level":0.95,"lower_bound":83733482.11875,"upper_bound":89793472.08333334},"point_estimate":85258875.53571428,"standard_error":2246920.95043901},"MedianAbsDev":{"confidence_interval":{"confidence_level":0.95,"lower_bound":591416.8456389991,"upper_bound":8731046.729926273},"point_estimate":4365523.364963137,"standard_error":2294977.6214330522},"Slope":{"confidence_interval":{"confidence_level":0.95,"lower_bound":82745115.96789216,"upper_bound":90817980.6657423},"point_estimate":84857364.71168831,"standard_error":2044475.6301828527},"StdDev":{"confidence_interval":{"confidence_level":0.95,"lower_bound":2734532.992451227,"upper_bound":7932580.555723747},"point_estimate":6417952.766284523,"standard_error":1467502.7261392076}}