{"Mean":{"confidence_interval":{"confidence_level":0.95,"lower_bound":932308.6126918767,"upper_bound":982057.2652696078},"point_estimate":959884.810242764,"standard_error":15776.914420659017},"Median":{"confidence_interval":{"confidence_level":0.95,"lower_bound":914982.3661239496,"upper_bound":994922.294117647},"point_estimate":956513.0901960784,"standard_error":23259.747284477693},"MedianAbsDev":{"confidence_interval":{"confidence_level":0.95,"lower_bound":12314.249829951863,"upper_bound":86462.71078904862},"point_estimate":62918.56813120739,"standard_error":21266.50390961325},"Slope":{"confidence_interval":{"confidence_level":0.95,"lower_bound":907606.6827773208,"upper_bound":956838.805795743},"point_estimate":930198.957066463,"standard_error":15016.581560298919},"StdDev":{"confidence_interval":{"confidence_level":0.95,"lower_bound":33627.322525280586,"upper_bound":65445.058761599386},"point_estimate":52787.31099004022,"standard_error":8501.882615030847}}