{"Mean":{"confidence_interval":{"confidence_level":0.95,"lower_bound":1044052.1623488095,"upper_bound":1074873.6468623017},"point_estimate":1061693.2385238097,"standard_error":8287.04733156104},"Median":{"confidence_interval":{"confidence_level":0.95,"lower_bound":1037299.3430833333,"upper_bound":1086128.7539880953},"point_estimate":1068538.2383333333,"standard_error":11396.971690659908},"MedianAbsDev":{"confidence_interval":{"confidence_level":0.95,"lower_bound":4464.814138317029,"upper_bound":41071.299338013785},"point_estimate":26578.707045133793,"standard_error":11014.258156641226},"Slope":{"confidence_interval":{"confidence_level":0.95,"lower_bound":1060264.4039762844,"upper_bound":1076371.2720296716},"point_estimate":1070632.4739393939,"standard_error":4403.62037869011},"StdDev":{"confidence_interval":{"confidence_level":0.95,"lower_bound":17256.538160721277,"upper_bound":32573.75833650724},"point_estimate":26920.948837039665,"standard_error":5132.935455142541}}