{"Mean":{"confidence_interval":{"confidence_level":0.95,"lower_bound":-0.3381432292605047,"upper_bound":-0.3217308218921633},"point_estimate":-0.32985947588313347,"standard_error":0.004167761856875685},"Median":{"confidence_interval":{"confidence_level":0.95,"lower_bound":-0.33017700047110776,"upper_bound":-0.3151136654929495},"point_estimate":-0.32613146941304383,"standard_error":0.0034960538886839986}}