{"Mean":{"confidence_interval":{"confidence_level":0.95,"lower_bound":318097.2870865385,"upper_bound":349524.3111164148},"point_estimate":334093.13856990234,"standard_error":8131.389078101932},"Median":{"confidence_interval":{"confidence_level":0.95,"lower_bound":316592.12236950547,"upper_bound":353462.43629807694},"point_estimate":326093.2091346154,"standard_error":12942.285063380183},"MedianAbsDev":{"confidence_interval":{"confidence_level":0.95,"lower_bound":1904.5198321399787,"upper_bound":43272.2037167552},"point_estimate":31664.181306694576,"standard_error":10660.137659261685},"Slope":{"confidence_interval":{"confidence_level":0.95,"lower_bound":309662.2976639276,"upper_bound":327234.5914802831},"point_estimate":316797.47232767235,"standard_error":5376.753620893077},"StdDev":{"confidence_interval":{"confidence_level":0.95,"lower_bound":11543.868478479575,"upper_bound":31627.385550967207},"point_estimate":26614.879455846643,"standard_error":5106.024758024812}}