{"Mean":{"confidence_interval":{"confidence_level":0.95,"lower_bound":3733.442159198242,"upper_bound":4020.236739187574},"point_estimate":3852.5642555384884,"standard_error":82.42801136274993},"Median":{"confidence_interval":{"confidence_level":0.95,"lower_bound":3672.4074193548386,"upper_bound":4182.630991636798},"point_estimate":3712.97178187404,"standard_error":146.26639533446232},"MedianAbsDev":{"confidence_interval":{"confidence_level":0.95,"lower_bound":3.879328778574361,"upper_bound":364.21678555294517},"point_estimate":78.79477441616685,"standard_error":95.7185770593416},"Slope":{"confidence_interval":{"confidence_level":0.95,"lower_bound":3846.3332735614163,"upper_bound":4148.391170183198},"point_estimate":4018.778873341712,"standard_error":85.91208452314447},"StdDev":{"confidence_interval":{"confidence_level":0.95,"lower_bound":155.7575459606456,"upper_bound":278.4520096475363},"point_estimate":250.43135026625222,"standard_error":40.86487269800074}}