{"Mean":{"confidence_interval":{"confidence_level":0.95,"lower_bound":65689.63052917273,"upper_bound":71092.76811048294},"point_estimate":68375.33243068552,"standard_error":1496.318247272648},"Median":{"confidence_interval":{"confidence_level":0.95,"lower_bound":64800.6791172801,"upper_bound":73550.72489082969},"point_estimate":65785.82108199902,"standard_error":2364.431489678034},"MedianAbsDev":{"confidence_interval":{"confidence_level":0.95,"lower_bound":241.34958974720908,"upper_bound":6696.316998955041},"point_estimate":2815.965919213292,"standard_error":1946.643297964231},"Slope":{"confidence_interval":{"confidence_level":0.95,"lower_bound":65277.432075064324,"upper_bound":67859.46163819701},"point_estimate":66225.35820336868,"standard_error":733.6497083470339},"StdDev":{"confidence_interval":{"confidence_level":0.95,"lower_bound":2956.0438559311406,"upper_bound":5432.800760577475},"point_estimate":4768.30593049259,"standard_error":746.0789711047738}}