{"Mean":{"confidence_interval":{"confidence_level":0.95,"lower_bound":11746.23465966334,"upper_bound":12227.424517907202},"point_estimate":11982.194838383659,"standard_error":122.3427851762251},"Median":{"confidence_interval":{"confidence_level":0.95,"lower_bound":11464.318188080617,"upper_bound":12362.396825396825},"point_estimate":12084.128834933183,"standard_error":263.20855772305424},"MedianAbsDev":{"confidence_interval":{"confidence_level":0.95,"lower_bound":967.1325675897704,"upper_bound":1761.8123355222763},"point_estimate":1391.764080329767,"standard_error":199.5585244872819},"Slope":{"confidence_interval":{"confidence_level":0.95,"lower_bound":11514.932168787798,"upper_bound":12112.668272361941},"point_estimate":11813.74657655851,"standard_error":152.72922104143495},"StdDev":{"confidence_interval":{"confidence_level":0.95,"lower_bound":1038.8882592179164,"upper_bound":1420.325884921139},"point_estimate":1233.3382802694168,"standard_error":97.89160304262722}}