{"Mean":{"confidence_interval":{"confidence_level":0.95,"lower_bound":184225954.27549702,"upper_bound":195428783.8339375},"point_estimate":189656115.94178572,"standard_error":3255326.3030024166},"Median":{"confidence_interval":{"confidence_level":0.95,"lower_bound":181183986.68802083,"upper_bound":190762177.26875},"point_estimate":187401983.36666667,"standard_error":2331019.6979419873},"MedianAbsDev":{"confidence_interval":{"confidence_level":0.95,"lower_bound":811648.9429333732,"upper_bound":9832668.083158767},"point_estimate":7700968.053510475,"standard_error":2713321.827860089},"Slope":{"confidence_interval":{"confidence_level":0.95,"lower_bound":185247412.28703478,"upper_bound":194325630.59013486},"point_estimate":189186392.68571427,"standard_error":2388603.841481533},"StdDev":{"confidence_interval":{"confidence_level":0.95,"lower_bound":3453049.937572491,"upper_bound":16906678.928746585},"point_estimate":12407271.280700264,"standard_error":4716136.983244111}}