{"Mean":{"confidence_interval":{"confidence_level":0.95,"lower_bound":5311526.515532986,"upper_bound":5657427.465704861},"point_estimate":5494128.913819445,"standard_error":110734.30083336741},"Median":{"confidence_interval":{"confidence_level":0.95,"lower_bound":5272176.9,"upper_bound":5430647.636458334},"point_estimate":5366043.378472222,"standard_error":40484.8573658491},"MedianAbsDev":{"confidence_interval":{"confidence_level":0.95,"lower_bound":9956.60449552642,"upper_bound":248271.87815291795},"point_estimate":140740.12108865447,"standard_error":72740.63492298334},"Slope":{"confidence_interval":{"confidence_level":0.95,"lower_bound":5272582.385217502,"upper_bound":6021573.4525374025},"point_estimate":5580171.243506493,"standard_error":223930.61916139204},"StdDev":{"confidence_interval":{"confidence_level":0.95,"lower_bound":93111.38132487524,"upper_bound":553995.3292189031},"point_estimate":383338.04675067274,"standard_error":136503.24842534578}}