{"Mean":{"confidence_interval":{"confidence_level":0.95,"lower_bound":62013861.81104167,"upper_bound":68409926.98574406},"point_estimate":65053980.276428565,"standard_error":1801566.4892462809},"Median":{"confidence_interval":{"confidence_level":0.95,"lower_bound":60782607.585,"upper_bound":67632870.0},"point_estimate":63151966.875,"standard_error":1881522.0393966234},"MedianAbsDev":{"confidence_interval":{"confidence_level":0.95,"lower_bound":618922.9186587973,"upper_bound":7970809.750195335},"point_estimate":3416166.1990459254,"standard_error":2237840.1481713955},"Slope":{"confidence_interval":{"confidence_level":0.95,"lower_bound":61275021.99103536,"upper_bound":70354250.92823064},"point_estimate":65207088.17922078,"standard_error":2705858.5852563214},"StdDev":{"confidence_interval":{"confidence_level":0.95,"lower_bound":1987706.476739928,"upper_bound":7394845.67012072},"point_estimate":5767980.48717835,"standard_error":1667313.5362292926}}