{"Mean":{"confidence_interval":{"confidence_level":0.95,"lower_bound":22807.02156271172,"upper_bound":24688.08489884582},"point_estimate":23625.267544582366,"standard_error":543.9586159330518},"Median":{"confidence_interval":{"confidence_level":0.95,"lower_bound":22285.692911585364,"upper_bound":24466.29155732796},"point_estimate":23258.30516387195,"standard_error":697.1997586454132},"MedianAbsDev":{"confidence_interval":{"confidence_level":0.95,"lower_bound":105.81020791684365,"upper_bound":3037.9953037816435},"point_estimate":1654.6998691204121,"standard_error":709.2305997001431},"Slope":{"confidence_interval":{"confidence_level":0.95,"lower_bound":22327.31140603796,"upper_bound":23576.523971105267},"point_estimate":22810.262670256572,"standard_error":354.8145343109854},"StdDev":{"confidence_interval":{"confidence_level":0.95,"lower_bound":902.3242892910808,"upper_bound":2158.5092623128844},"point_estimate":1654.6829959292015,"standard_error":428.8591980605373}}