{"Mean":{"confidence_interval":{"confidence_level":0.95,"lower_bound":163827.021880331,"upper_bound":182565.62534991498},"point_estimate":172624.89710840746,"standard_error":4910.357906939994},"Median":{"confidence_interval":{"confidence_level":0.95,"lower_bound":162886.0521978022,"upper_bound":182926.421771978},"point_estimate":167109.8586080586,"standard_error":5685.869432058636},"MedianAbsDev":{"confidence_interval":{"confidence_level":0.95,"lower_bound":2569.6423252931745,"upper_bound":21970.587189121958},"point_estimate":11522.286139614349,"standard_error":5763.145813143401},"Slope":{"confidence_interval":{"confidence_level":0.95,"lower_bound":160454.4234335838,"upper_bound":187031.5622525294},"point_estimate":167284.35267589553,"standard_error":6749.017156844216},"StdDev":{"confidence_interval":{"confidence_level":0.95,"lower_bound":5960.266322575577,"upper_bound":18599.581325299096},"point_estimate":14634.756148775981,"standard_error":3540.74251759394}}