{"Mean":{"confidence_interval":{"confidence_level":0.95,"lower_bound":-0.016687838731988192,"upper_bound":0.014352653841869017},"point_estimate":-0.0017627556856862903,"standard_error":0.008583534941135822},"Median":{"confidence_interval":{"confidence_level":0.95,"lower_bound":-0.01234160453474624,"upper_bound":0.015572237568595897},"point_estimate":0.005373032822770352,"standard_error":0.007574499310928446}}