{"Mean":{"confidence_interval":{"confidence_level":0.95,"lower_bound":0.0036632701921144126,"upper_bound":0.1309833900449181},"point_estimate":0.05174835812270029,"standard_error":0.03441083227964048},"Median":{"confidence_interval":{"confidence_level":0.95,"lower_bound":0.024892077352890403,"upper_bound":0.11779252883557736},"point_estimate":0.06120417943005774,"standard_error":0.030095928162911623}}